id,area,element_type,element,field,default,range,unit,behaviour,command_id,since,phase,scope,status,confidence,source,test_id,verified_by,verified_date,impl_ref
SHELL-0001,Shell,feature,Home screen,,,,,"Recent files grid and list, New File, Open, presets row. It shows when no document is open (PhotoSuite `splash-screen.js` pattern)",,,1,in,planned,plan-2020,vectorsuite.md §5.1,,,,
SHELL-0002,Shell,dialog,New Document dialog,,,,,"Category tabs Recent, Saved, Mobile, Web, Print, Film & Video, Art & Illustration, each with blank presets. The details pane has name, width/height, units, orientation, artboards count, bleed (T/B/L/R, linked), and Advanced Options: colour mode (RGB/CMYK), raster effects (Screen 72 / Medium 150 / High 300 ppi), preview mode (Default / Pixel / Overprint). Also *More Settings*: the legacy dialog with artboard layout (grid by row/column, arrange by row/column, left-to-right/right-to-left), spacing, columns, and templates",,,1,in,planned,plan-2020,vectorsuite.md §5.1,,,,
SHELL-0003,Shell,feature,Document profiles,,,,,"Print, Web, Mobile, Film & Video, Art & Illustration, Basic RGB, Basic CMYK. Each is a startup file with its own swatches, brushes, symbols and graphic styles [30.1 has Art & Illustration, Branding, Film & Video, Mobile, Print, Social, Web; no Basic RGB or Basic CMYK]",,,1,in,planned,verified,vectorsuite.md §5.1; scripts/research/illustrator/probe-baseline.jsx (licensed 30.1),,probe-baseline.jsx on licensed Illustrator 30.1.0 (136R),2026-09-24,
SHELL-0004,Shell,feature,Workspaces,,,,,"Essentials, Essentials Classic, Automation, Layout, Painting, Printing and Proofing, Tracing, Typography, Web, Touch. Also New / Reset / Manage Workspace, with saved panel layouts",,,1,in,planned,plan-2020,vectorsuite.md §5.1,,,,
SHELL-0005,Shell,feature,Docking,,,,,"Panel groups, collapse to icons, floating panels, tabbed documents or floating windows, Arrange Documents layouts (Tile, 2-up, 3-up …, Consolidate), and the application frame (Mac)",,,1,in,planned,plan-2020,vectorsuite.md §5.1,,,,
SHELL-0006,Shell,feature,Toolbars,,,,,"Basic and Advanced toolbars. Edit Toolbar (""…"" drawer) with drag-to-add or remove, New Toolbar (custom floating toolbars), one or two columns",,,1,in,planned,plan-2020,vectorsuite.md §5.1,,,,
SHELL-0007,Shell,feature,Properties panel,,,,,"Context-sensitive: Transform, Appearance, Character, Paragraph, Align, Quick Actions (for example Expand Shape, Recolor, Image Trace, Crop Image, Arrange, Outline), Document (units, artboard, grids, preferences)",,,1,in,planned,plan-2020,vectorsuite.md §5.1,,,,
SHELL-0008,Shell,feature,Control panel,,,,,"The classic context bar along the top, with the same contextual items",,,1,in,planned,plan-2020,vectorsuite.md §5.1,,,,
SHELL-0009,Shell,feature,Screen modes (F),,,,,"Normal, Full Screen with Menu Bar, Full Screen. Presentation Mode (Shift+F) shows artboards as slides. Trim View",,,1,in,planned,plan-2020,vectorsuite.md §5.1,,,,
SHELL-0010,Shell,feature,Status bar,,,,,"Zoom, artboard navigator, and a status field (current tool / date and time / undo count / document colour profile / Version Cue legacy)",,,1,in,planned,plan-2020,vectorsuite.md §5.1,,,,
SHELL-0011,Shell,feature,Keyboard Shortcuts,,,,,"Editor for tools and menu commands, sets, and exports a text summary (`.kys` import and export)",,,1,in,planned,plan-2020,vectorsuite.md §5.1,,,,
SHELL-0012,Shell,preference,Preferences,,,,,"General; Selection & Anchor Display (including 24.3 ""Select and Unlock Objects on Canvas""); Type; Units; Guides & Grid; Smart Guides; Slices; Hyphenation; Plug-ins & Scratch Disks; User Interface (brightness, canvas colour, scaling, large tabs); Performance (GPU performance, animated zoom, real-time drawing and editing, undo count); File Handling & Clipboard (data recovery interval, links, clipboard as PDF/AICB); Appearance of Black; Devices (touch). Every field must match (§8.1)",,,1,in,planned,plan-2020,vectorsuite.md §5.1,,,,
SHELL-0013,Shell,feature,Undo,,,,,Unlimited undo up to the preference limit (Performance → Undo Counts),,,1,in,planned,plan-2020,vectorsuite.md §5.1,,,,
SHELL-0014,Shell,feature,Data recovery,,,,,Automatically save recovery data every N minutes. Turn it off for complex documents,,,1,in,planned,plan-2020,vectorsuite.md §5.1,,,,
SHELL-0015,Shell,feature,Document tabs,,,,,"Tabs show the name, zoom, colour mode and preview mode",,,5,in,planned,plan-2020,vectorsuite.md §5.1,,,,
TOOL-0001,Tools/Selection,tool,Selection,Shortcut,V,,key,"Bounding box transform, Alt-drag duplicate, Shift constrain, isolation on double-click, lock/unlock icons (24.3)",,24.3,2,in,planned,verified,vectorsuite.md §5.2; shortcuts-default.csv; docs/parity/shortcuts-30.1.csv (licensed 30.1),,"Keyboard Shortcuts export, licensed Illustrator 30.1.0 (Windows keys)",2026-09-24,
TOOL-0002,Tools/Selection,tool,Direct Selection,Shortcut,A,,key,"Anchor and segment select, handle editing, live-corner widgets, Alt to select a whole path",,,2,in,planned,verified,vectorsuite.md §5.2; shortcuts-default.csv; docs/parity/shortcuts-30.1.csv (licensed 30.1),,"Keyboard Shortcuts export, licensed Illustrator 30.1.0 (Windows keys)",2026-09-24,
TOOL-0003,Tools/Selection,tool,Group Selection,Shortcut,,,,Each click adds the next group up,,,2,in,planned,verified,vectorsuite.md §5.2; docs/parity/shortcuts-30.1.csv (licensed 30.1),,"Keyboard Shortcuts export, licensed Illustrator 30.1.0 (Windows keys)",2026-09-24,
TOOL-0004,Tools/Selection,tool,Magic Wand,Shortcut,Y,,key,"Magic Wand panel: Fill Colour, Stroke Colour, Stroke Weight, Opacity, Blending Mode, each with a tolerance",,,2,in,planned,verified,vectorsuite.md §5.2; shortcuts-default.csv; docs/parity/shortcuts-30.1.csv (licensed 30.1),,"Keyboard Shortcuts export, licensed Illustrator 30.1.0 (Windows keys)",2026-09-24,
TOOL-0005,Tools/Selection,tool,Lasso,Shortcut,Q,,key,Freeform selection of anchors and segments,,,2,in,planned,verified,vectorsuite.md §5.2; shortcuts-default.csv; docs/parity/shortcuts-30.1.csv (licensed 30.1),,"Keyboard Shortcuts export, licensed Illustrator 30.1.0 (Windows keys)",2026-09-24,
TOOL-0006,Tools/Drawing,tool,Pen,Shortcut,P,,key,"Click for corner, drag for smooth, Alt to break the handle, Shift for 45°, Space to reposition while drawing, rubber band preview, auto add/delete",,,2,in,planned,verified,vectorsuite.md §5.2; shortcuts-default.csv; docs/parity/shortcuts-30.1.csv (licensed 30.1),,"Keyboard Shortcuts export, licensed Illustrator 30.1.0 (Windows keys)",2026-09-24,
TOOL-0007,Tools/Drawing,tool,Add Anchor Point,Shortcut,=,,key,[30.1 default key: =; the plan had +],,,2,in,planned,verified,vectorsuite.md §5.2; shortcuts-default.csv; docs/parity/shortcuts-30.1.csv (licensed 30.1),,"Keyboard Shortcuts export, licensed Illustrator 30.1.0 (Windows keys)",2026-09-24,
TOOL-0008,Tools/Drawing,tool,Delete Anchor Point,Shortcut,-,,key,,,,2,in,planned,verified,vectorsuite.md §5.2; shortcuts-default.csv; docs/parity/shortcuts-30.1.csv (licensed 30.1),,"Keyboard Shortcuts export, licensed Illustrator 30.1.0 (Windows keys)",2026-09-24,
TOOL-0009,Tools/Drawing,tool,Anchor Point,Shortcut,Shift+C,,key,Converts smooth ↔ corner and breaks handles,,,2,in,planned,verified,vectorsuite.md §5.2; docs/parity/shortcuts-30.1.csv (licensed 30.1),,"Keyboard Shortcuts export, licensed Illustrator 30.1.0 (Windows keys)",2026-09-24,
TOOL-0010,Tools/Drawing,tool,Curvature,Shortcut,Shift+~,,key,Point-based curves; double-click toggles a corner,,,2,in,planned,verified,vectorsuite.md §5.2; shortcuts-default.csv; docs/parity/shortcuts-30.1.csv (licensed 30.1),,"Keyboard Shortcuts export, licensed Illustrator 30.1.0 (Windows keys)",2026-09-24,
TOOL-0011,Tools/Drawing,tool,Line Segment,Shortcut,\,,key,"Options: length, angle, fill line",,,2,in,planned,verified,vectorsuite.md §5.2; shortcuts-default.csv; docs/parity/shortcuts-30.1.csv (licensed 30.1),,"Keyboard Shortcuts export, licensed Illustrator 30.1.0 (Windows keys)",2026-09-24,
TOOL-0012,Tools/Drawing,tool,Arc,Shortcut,,,,"Length X/Y, type open/closed, base along X/Y, slope concave–convex, fill arc",,,2,in,planned,verified,vectorsuite.md §5.2; docs/parity/shortcuts-30.1.csv (licensed 30.1),,"Keyboard Shortcuts export, licensed Illustrator 30.1.0 (Windows keys)",2026-09-24,
TOOL-0013,Tools/Drawing,tool,Spiral,Shortcut,,,,"Radius, decay, segments, style",,,2,in,planned,verified,vectorsuite.md §5.2; docs/parity/shortcuts-30.1.csv (licensed 30.1),,"Keyboard Shortcuts export, licensed Illustrator 30.1.0 (Windows keys)",2026-09-24,
TOOL-0014,Tools/Drawing,tool,Rectangular Grid,Shortcut,,,,"Size, dividers with skew, outer rectangle as frame, fill grid",,,2,in,planned,verified,vectorsuite.md §5.2; docs/parity/shortcuts-30.1.csv (licensed 30.1),,"Keyboard Shortcuts export, licensed Illustrator 30.1.0 (Windows keys)",2026-09-24,
TOOL-0015,Tools/Drawing,tool,Polar Grid,Shortcut,,,,"Concentric and radial dividers with skew, create compound path from ellipses, fill",,,2,in,planned,verified,vectorsuite.md §5.2; docs/parity/shortcuts-30.1.csv (licensed 30.1),,"Keyboard Shortcuts export, licensed Illustrator 30.1.0 (Windows keys)",2026-09-24,
TOOL-0016,Tools/Shapes,tool,Rectangle,Shortcut,M,,key,Live shape with corner widgets. Arrow keys change corner radius while drawing,,,2,in,planned,verified,vectorsuite.md §5.2; shortcuts-default.csv; docs/parity/shortcuts-30.1.csv (licensed 30.1),,"Keyboard Shortcuts export, licensed Illustrator 30.1.0 (Windows keys)",2026-09-24,
TOOL-0017,Tools/Shapes,tool,Rounded Rectangle,Shortcut,,,,Up/down arrows change the radius while drawing,,,2,in,planned,verified,vectorsuite.md §5.2; docs/parity/shortcuts-30.1.csv (licensed 30.1),,"Keyboard Shortcuts export, licensed Illustrator 30.1.0 (Windows keys)",2026-09-24,
TOOL-0018,Tools/Shapes,tool,Ellipse,Shortcut,L,,key,Live pie widget (start and end angles),,,2,in,planned,verified,vectorsuite.md §5.2; shortcuts-default.csv; docs/parity/shortcuts-30.1.csv (licensed 30.1),,"Keyboard Shortcuts export, licensed Illustrator 30.1.0 (Windows keys)",2026-09-24,
TOOL-0019,Tools/Shapes,tool,Polygon,Shortcut,,,,"Radius, sides. Arrow keys change sides while drawing. Live sides widget",,,2,in,planned,verified,vectorsuite.md §5.2; docs/parity/shortcuts-30.1.csv (licensed 30.1),,"Keyboard Shortcuts export, licensed Illustrator 30.1.0 (Windows keys)",2026-09-24,
TOOL-0020,Tools/Shapes,tool,Star,Shortcut,,,,"Radius 1 and 2, points. Ctrl holds the inner radius, Alt makes it straight",,,2,in,planned,verified,vectorsuite.md §5.2; docs/parity/shortcuts-30.1.csv (licensed 30.1),,"Keyboard Shortcuts export, licensed Illustrator 30.1.0 (Windows keys)",2026-09-24,
TOOL-0021,Tools/Shapes,tool,Flare,Shortcut,,,,"Centre, halo, rays, rings, direction",,,2,in,planned,verified,vectorsuite.md §5.2; docs/parity/shortcuts-30.1.csv (licensed 30.1),,"Keyboard Shortcuts export, licensed Illustrator 30.1.0 (Windows keys)",2026-09-24,
TOOL-0022,Tools/Shapes,tool,Shaper,Shortcut,Shift+N,,key,"Recognises gestures (rectangle, ellipse, triangle, polygon, line) and scribble-to-combine (Shaper Group with face selection)",,,4,in,planned,verified,vectorsuite.md §5.2; shortcuts-default.csv; docs/parity/shortcuts-30.1.csv (licensed 30.1),,"Keyboard Shortcuts export, licensed Illustrator 30.1.0 (Windows keys)",2026-09-24,
TOOL-0023,Tools/Freeform,tool,Pencil,Shortcut,N,,key,"Fidelity (Accurate ↔ Smooth), fill new strokes, keep selected, Alt toggles the Smooth tool, close paths when ends are within N px, edit selected paths within N px",,,2,in,planned,verified,vectorsuite.md §5.2; shortcuts-default.csv; docs/parity/shortcuts-30.1.csv (licensed 30.1),,"Keyboard Shortcuts export, licensed Illustrator 30.1.0 (Windows keys)",2026-09-24,
TOOL-0024,Tools/Freeform,tool,Smooth,Shortcut,,,,Fidelity,,,2,in,planned,verified,vectorsuite.md §5.2; docs/parity/shortcuts-30.1.csv (licensed 30.1),,"Keyboard Shortcuts export, licensed Illustrator 30.1.0 (Windows keys)",2026-09-24,
TOOL-0025,Tools/Freeform,tool,Path Eraser,Shortcut,,,,,,,2,in,planned,verified,vectorsuite.md §5.2; docs/parity/shortcuts-30.1.csv (licensed 30.1),,"Keyboard Shortcuts export, licensed Illustrator 30.1.0 (Windows keys)",2026-09-24,
TOOL-0026,Tools/Freeform,tool,Join,Shortcut,,,,Scrub over gaps or overlaps to join,,,2,in,planned,plan-2020,vectorsuite.md §5.2,,,,
TOOL-0027,Tools/Paint,tool,Paintbrush,Shortcut,B,,key,"Fidelity, fill new brush strokes, keep selected, edit selected paths within N px",,,8,in,planned,verified,vectorsuite.md §5.2; shortcuts-default.csv; docs/parity/shortcuts-30.1.csv (licensed 30.1),,"Keyboard Shortcuts export, licensed Illustrator 30.1.0 (Windows keys)",2026-09-24,
TOOL-0028,Tools/Paint,tool,Blob Brush,Shortcut,Shift+B,,key,"Keep selected, merge only with selection, fidelity, size, angle, roundness (with pressure and tilt variation)",,,8,in,planned,verified,vectorsuite.md §5.2; shortcuts-default.csv; docs/parity/shortcuts-30.1.csv (licensed 30.1),,"Keyboard Shortcuts export, licensed Illustrator 30.1.0 (Windows keys)",2026-09-24,
TOOL-0029,Tools/Type,tool,Type,Shortcut,T,,key,"Click for point type, drag for area type, click inside a closed path for area type",,,5,in,planned,verified,vectorsuite.md §5.2; shortcuts-default.csv; docs/parity/shortcuts-30.1.csv (licensed 30.1),,"Keyboard Shortcuts export, licensed Illustrator 30.1.0 (Windows keys)",2026-09-24,
TOOL-0030,Tools/Type,tool,Area Type,Shortcut,,,,,,,5,in,planned,verified,vectorsuite.md §5.2; docs/parity/shortcuts-30.1.csv (licensed 30.1),,"Keyboard Shortcuts export, licensed Illustrator 30.1.0 (Windows keys)",2026-09-24,
TOOL-0031,Tools/Type,tool,Type on a Path,Shortcut,,,,,,,5,in,planned,verified,vectorsuite.md §5.2; docs/parity/shortcuts-30.1.csv (licensed 30.1),,"Keyboard Shortcuts export, licensed Illustrator 30.1.0 (Windows keys)",2026-09-24,
TOOL-0032,Tools/Type,tool,Vertical Type,Shortcut,,,,,,,5,in,planned,verified,vectorsuite.md §5.2; docs/parity/shortcuts-30.1.csv (licensed 30.1),,"Keyboard Shortcuts export, licensed Illustrator 30.1.0 (Windows keys)",2026-09-24,
TOOL-0033,Tools/Type,tool,Vertical Area Type,Shortcut,,,,,,,5,in,planned,verified,vectorsuite.md §5.2; docs/parity/shortcuts-30.1.csv (licensed 30.1),,"Keyboard Shortcuts export, licensed Illustrator 30.1.0 (Windows keys)",2026-09-24,
TOOL-0034,Tools/Type,tool,Vertical Type on a Path,Shortcut,,,,,,,5,in,planned,verified,vectorsuite.md §5.2; docs/parity/shortcuts-30.1.csv (licensed 30.1),,"Keyboard Shortcuts export, licensed Illustrator 30.1.0 (Windows keys)",2026-09-24,
TOOL-0035,Tools/Type,tool,Touch Type,Shortcut,Shift+T,,key,"Per-glyph move, scale, rotate, keeping the text live",,,5,in,planned,verified,vectorsuite.md §5.2; shortcuts-default.csv; docs/parity/shortcuts-30.1.csv (licensed 30.1),,"Keyboard Shortcuts export, licensed Illustrator 30.1.0 (Windows keys)",2026-09-24,
TOOL-0036,Tools/Painting and colour,tool,Mesh,Shortcut,U,,key,"Add mesh points and lines, Alt to delete, colour per node",,,8,in,planned,verified,vectorsuite.md §5.2; shortcuts-default.csv; docs/parity/shortcuts-30.1.csv (licensed 30.1),,"Keyboard Shortcuts export, licensed Illustrator 30.1.0 (Windows keys)",2026-09-24,
TOOL-0037,Tools/Painting and colour,tool,Gradient,Shortcut,G,,key,"Gradient annotator: stops, midpoints, angle, radial aspect, freeform points and lines modes",,,3,in,planned,verified,vectorsuite.md §5.2; shortcuts-default.csv; docs/parity/shortcuts-30.1.csv (licensed 30.1),,"Keyboard Shortcuts export, licensed Illustrator 30.1.0 (Windows keys)",2026-09-24,
TOOL-0038,Tools/Painting and colour,tool,Eyedropper,Shortcut,I,,key,"Options for what to pick up and apply (appearance, character and paragraph), Shift to sample colour only, Alt to apply",,,3,in,planned,verified,vectorsuite.md §5.2; shortcuts-default.csv; docs/parity/shortcuts-30.1.csv (licensed 30.1),,"Keyboard Shortcuts export, licensed Illustrator 30.1.0 (Windows keys)",2026-09-24,
TOOL-0039,Tools/Painting and colour,tool,Measure,Shortcut,,,,Info panel distance and angle,,,3,in,planned,verified,vectorsuite.md §5.2; docs/parity/shortcuts-30.1.csv (licensed 30.1),,"Keyboard Shortcuts export, licensed Illustrator 30.1.0 (Windows keys)",2026-09-24,
TOOL-0040,Tools/Painting and colour,tool,Live Paint Bucket,Shortcut,K,,key,"Paint fills and/or strokes, cursor swatch preview, highlight colour and width",,,8,in,planned,verified,vectorsuite.md §5.2; shortcuts-default.csv; docs/parity/shortcuts-30.1.csv (licensed 30.1),,"Keyboard Shortcuts export, licensed Illustrator 30.1.0 (Windows keys)",2026-09-24,
TOOL-0041,Tools/Painting and colour,tool,Live Paint Selection,Shortcut,Shift+L,,key,Select faces and edges,,,8,in,planned,verified,vectorsuite.md §5.2; shortcuts-default.csv; docs/parity/shortcuts-30.1.csv (licensed 30.1),,"Keyboard Shortcuts export, licensed Illustrator 30.1.0 (Windows keys)",2026-09-24,
TOOL-0042,Tools/Painting and colour,tool,Blend,Shortcut,W,,key,"Click objects in sequence, options dialog",,,8,in,planned,verified,vectorsuite.md §5.2; shortcuts-default.csv; docs/parity/shortcuts-30.1.csv (licensed 30.1),,"Keyboard Shortcuts export, licensed Illustrator 30.1.0 (Windows keys)",2026-09-24,
TOOL-0043,Tools/Reshape / transform,tool,Rotate,Shortcut,R,,key,"Alt-click sets the origin and opens the dialog (angle, transform objects and patterns, copy)",,,2,in,planned,verified,vectorsuite.md §5.2; shortcuts-default.csv; docs/parity/shortcuts-30.1.csv (licensed 30.1),,"Keyboard Shortcuts export, licensed Illustrator 30.1.0 (Windows keys)",2026-09-24,
TOOL-0044,Tools/Reshape / transform,tool,Reflect,Shortcut,O,,key,"Horizontal, vertical or angle",,,2,in,planned,verified,vectorsuite.md §5.2; shortcuts-default.csv; docs/parity/shortcuts-30.1.csv (licensed 30.1),,"Keyboard Shortcuts export, licensed Illustrator 30.1.0 (Windows keys)",2026-09-24,
TOOL-0045,Tools/Reshape / transform,tool,Scale,Shortcut,S,,key,"Uniform or non-uniform, scale corners, scale strokes and effects, transform objects and patterns",,,2,in,planned,verified,vectorsuite.md §5.2; shortcuts-default.csv; docs/parity/shortcuts-30.1.csv (licensed 30.1),,"Keyboard Shortcuts export, licensed Illustrator 30.1.0 (Windows keys)",2026-09-24,
TOOL-0046,Tools/Reshape / transform,tool,Shear,Shortcut,,,,"Angle, axis",,,2,in,planned,verified,vectorsuite.md §5.2; docs/parity/shortcuts-30.1.csv (licensed 30.1),,"Keyboard Shortcuts export, licensed Illustrator 30.1.0 (Windows keys)",2026-09-24,
TOOL-0047,Tools/Reshape / transform,tool,Reshape,Shortcut,,,,,,,2,in,planned,verified,vectorsuite.md §5.2; docs/parity/shortcuts-30.1.csv (licensed 30.1),,"Keyboard Shortcuts export, licensed Illustrator 30.1.0 (Windows keys)",2026-09-24,
TOOL-0048,Tools/Reshape / transform,tool,Free Transform,Shortcut,E,,key,"Widget: constrain, free transform, perspective distort, free distort. The v24.x touch widget is included",,,2,in,planned,verified,vectorsuite.md §5.2; shortcuts-default.csv; docs/parity/shortcuts-30.1.csv (licensed 30.1),,"Keyboard Shortcuts export, licensed Illustrator 30.1.0 (Windows keys)",2026-09-24,
TOOL-0049,Tools/Reshape / transform,tool,Puppet Warp,Shortcut,,,,"Auto-pins, add/remove/rotate pins, expand mesh, show mesh, density",,,4,in,planned,plan-2020,vectorsuite.md §5.2,,,,
TOOL-0050,Tools/Reshape / transform,tool,Width,Shortcut,Shift+W,,key,"Add and adjust width points, Alt for one side, a width-point edit dialog, save width profiles",,,2,in,planned,verified,vectorsuite.md §5.2; shortcuts-default.csv; docs/parity/shortcuts-30.1.csv (licensed 30.1),,"Keyboard Shortcuts export, licensed Illustrator 30.1.0 (Windows keys)",2026-09-24,
TOOL-0051,Tools/Liquify,tool,Warp,Shortcut,Shift+R,,key,"Global brush dimensions (width, height, angle, intensity, pressure pen); detail and simplify. Shift-drag resizes",,,4,in,planned,verified,vectorsuite.md §5.2; shortcuts-default.csv; docs/parity/shortcuts-30.1.csv (licensed 30.1),,"Keyboard Shortcuts export, licensed Illustrator 30.1.0 (Windows keys)",2026-09-24,
TOOL-0052,Tools/Liquify,tool,Twirl,Shortcut,,,,Each has its own options (twirl rate; complexity; brush affects anchors / in/out tangents; horizontal/vertical %),,,4,in,planned,verified,vectorsuite.md §5.2; docs/parity/shortcuts-30.1.csv (licensed 30.1),,"Keyboard Shortcuts export, licensed Illustrator 30.1.0 (Windows keys)",2026-09-24,
TOOL-0053,Tools/Liquify,tool,Pucker,Shortcut,,,,Each has its own options (twirl rate; complexity; brush affects anchors / in/out tangents; horizontal/vertical %),,,4,in,planned,verified,vectorsuite.md §5.2; docs/parity/shortcuts-30.1.csv (licensed 30.1),,"Keyboard Shortcuts export, licensed Illustrator 30.1.0 (Windows keys)",2026-09-24,
TOOL-0054,Tools/Liquify,tool,Bloat,Shortcut,,,,Each has its own options (twirl rate; complexity; brush affects anchors / in/out tangents; horizontal/vertical %),,,4,in,planned,verified,vectorsuite.md §5.2; docs/parity/shortcuts-30.1.csv (licensed 30.1),,"Keyboard Shortcuts export, licensed Illustrator 30.1.0 (Windows keys)",2026-09-24,
TOOL-0055,Tools/Liquify,tool,Scallop,Shortcut,,,,Each has its own options (twirl rate; complexity; brush affects anchors / in/out tangents; horizontal/vertical %),,,4,in,planned,verified,vectorsuite.md §5.2; docs/parity/shortcuts-30.1.csv (licensed 30.1),,"Keyboard Shortcuts export, licensed Illustrator 30.1.0 (Windows keys)",2026-09-24,
TOOL-0056,Tools/Liquify,tool,Crystallize,Shortcut,,,,Each has its own options (twirl rate; complexity; brush affects anchors / in/out tangents; horizontal/vertical %),,,4,in,planned,verified,vectorsuite.md §5.2; docs/parity/shortcuts-30.1.csv (licensed 30.1),,"Keyboard Shortcuts export, licensed Illustrator 30.1.0 (Windows keys)",2026-09-24,
TOOL-0057,Tools/Liquify,tool,Wrinkle,Shortcut,,,,Each has its own options (twirl rate; complexity; brush affects anchors / in/out tangents; horizontal/vertical %),,,4,in,planned,verified,vectorsuite.md §5.2; docs/parity/shortcuts-30.1.csv (licensed 30.1),,"Keyboard Shortcuts export, licensed Illustrator 30.1.0 (Windows keys)",2026-09-24,
TOOL-0058,Tools/Shape Builder,tool,Shape Builder,Shortcut,Shift+M,,key,"Alt to delete regions, gap detection (small/medium/large/custom), consider open filled paths as closed, merge in merge mode, click stroke to split path, pick colour from swatches or artwork, cursor swatch preview, fill and highlight",,,4,in,planned,verified,vectorsuite.md §5.2; shortcuts-default.csv; docs/parity/shortcuts-30.1.csv (licensed 30.1),,"Keyboard Shortcuts export, licensed Illustrator 30.1.0 (Windows keys)",2026-09-24,
TOOL-0059,Tools/Perspective,tool,Perspective Grid,Shortcut,Shift+P,,key,"Plane widget, handles for vanishing points, horizon, ground level, grid extent, cell size",,,8,in,planned,verified,vectorsuite.md §5.2; shortcuts-default.csv; docs/parity/shortcuts-30.1.csv (licensed 30.1),,"Keyboard Shortcuts export, licensed Illustrator 30.1.0 (Windows keys)",2026-09-24,
TOOL-0060,Tools/Perspective,tool,Perspective Selection,Shortcut,Shift+V,,key,Drag objects onto planes. Keys 1/2/3/4 choose the plane. Alt to duplicate,,,8,in,planned,verified,vectorsuite.md §5.2; shortcuts-default.csv; docs/parity/shortcuts-30.1.csv (licensed 30.1),,"Keyboard Shortcuts export, licensed Illustrator 30.1.0 (Windows keys)",2026-09-24,
TOOL-0061,Tools/Symbolism,tool,Symbol Sprayer,Shortcut,Shift+S,,key,"Diameter, intensity (fixed / pressure), density, method (average / user-defined / random) for Scrunch, Size, Spin, Screen, Stain, Style. Show brush size and intensity",,,8,in,planned,verified,vectorsuite.md §5.2; shortcuts-default.csv; docs/parity/shortcuts-30.1.csv (licensed 30.1),,"Keyboard Shortcuts export, licensed Illustrator 30.1.0 (Windows keys)",2026-09-24,
TOOL-0062,Tools/Symbolism,tool,Shifter,Shortcut,,,,,,,8,in,planned,verified,vectorsuite.md §5.2; docs/parity/shortcuts-30.1.csv (licensed 30.1),,"Keyboard Shortcuts export, licensed Illustrator 30.1.0 (Windows keys)",2026-09-24,
TOOL-0063,Tools/Symbolism,tool,Scruncher,Shortcut,,,,,,,8,in,planned,verified,vectorsuite.md §5.2; docs/parity/shortcuts-30.1.csv (licensed 30.1),,"Keyboard Shortcuts export, licensed Illustrator 30.1.0 (Windows keys)",2026-09-24,
TOOL-0064,Tools/Symbolism,tool,Sizer,Shortcut,,,,,,,8,in,planned,verified,vectorsuite.md §5.2; docs/parity/shortcuts-30.1.csv (licensed 30.1),,"Keyboard Shortcuts export, licensed Illustrator 30.1.0 (Windows keys)",2026-09-24,
TOOL-0065,Tools/Symbolism,tool,Spinner,Shortcut,,,,,,,8,in,planned,verified,vectorsuite.md §5.2; docs/parity/shortcuts-30.1.csv (licensed 30.1),,"Keyboard Shortcuts export, licensed Illustrator 30.1.0 (Windows keys)",2026-09-24,
TOOL-0066,Tools/Symbolism,tool,Stainer,Shortcut,,,,,,,8,in,planned,verified,vectorsuite.md §5.2; docs/parity/shortcuts-30.1.csv (licensed 30.1),,"Keyboard Shortcuts export, licensed Illustrator 30.1.0 (Windows keys)",2026-09-24,
TOOL-0067,Tools/Symbolism,tool,Screener,Shortcut,,,,,,,8,in,planned,verified,vectorsuite.md §5.2; docs/parity/shortcuts-30.1.csv (licensed 30.1),,"Keyboard Shortcuts export, licensed Illustrator 30.1.0 (Windows keys)",2026-09-24,
TOOL-0068,Tools/Symbolism,tool,Styler,Shortcut,,,,,,,8,in,planned,verified,vectorsuite.md §5.2; docs/parity/shortcuts-30.1.csv (licensed 30.1),,"Keyboard Shortcuts export, licensed Illustrator 30.1.0 (Windows keys)",2026-09-24,
TOOL-0069,Tools/Graphs,tool,Column Graph,Shortcut,J,,key,"Click for size dialog, graph data window",,,11,in,planned,verified,vectorsuite.md §5.2; shortcuts-default.csv; docs/parity/shortcuts-30.1.csv (licensed 30.1),,"Keyboard Shortcuts export, licensed Illustrator 30.1.0 (Windows keys)",2026-09-24,
TOOL-0070,Tools/Graphs,tool,Stacked Column,Shortcut,,,,,,,11,in,planned,verified,vectorsuite.md §5.2; docs/parity/shortcuts-30.1.csv (licensed 30.1),,"Keyboard Shortcuts export, licensed Illustrator 30.1.0 (Windows keys)",2026-09-24,
TOOL-0071,Tools/Graphs,tool,Bar,Shortcut,,,,,,,11,in,planned,verified,vectorsuite.md §5.2; docs/parity/shortcuts-30.1.csv (licensed 30.1),,"Keyboard Shortcuts export, licensed Illustrator 30.1.0 (Windows keys)",2026-09-24,
TOOL-0072,Tools/Graphs,tool,Stacked Bar,Shortcut,,,,,,,11,in,planned,verified,vectorsuite.md §5.2; docs/parity/shortcuts-30.1.csv (licensed 30.1),,"Keyboard Shortcuts export, licensed Illustrator 30.1.0 (Windows keys)",2026-09-24,
TOOL-0073,Tools/Graphs,tool,Line,Shortcut,,,,,,,11,in,planned,verified,vectorsuite.md §5.2; docs/parity/shortcuts-30.1.csv (licensed 30.1),,"Keyboard Shortcuts export, licensed Illustrator 30.1.0 (Windows keys)",2026-09-24,
TOOL-0074,Tools/Graphs,tool,Area,Shortcut,,,,,,,11,in,planned,verified,vectorsuite.md §5.2; docs/parity/shortcuts-30.1.csv (licensed 30.1),,"Keyboard Shortcuts export, licensed Illustrator 30.1.0 (Windows keys)",2026-09-24,
TOOL-0075,Tools/Graphs,tool,Scatter,Shortcut,,,,,,,11,in,planned,verified,vectorsuite.md §5.2; docs/parity/shortcuts-30.1.csv (licensed 30.1),,"Keyboard Shortcuts export, licensed Illustrator 30.1.0 (Windows keys)",2026-09-24,
TOOL-0076,Tools/Graphs,tool,Pie,Shortcut,,,,,,,11,in,planned,verified,vectorsuite.md §5.2; docs/parity/shortcuts-30.1.csv (licensed 30.1),,"Keyboard Shortcuts export, licensed Illustrator 30.1.0 (Windows keys)",2026-09-24,
TOOL-0077,Tools/Graphs,tool,Radar,Shortcut,,,,,,,11,in,planned,verified,vectorsuite.md §5.2; docs/parity/shortcuts-30.1.csv (licensed 30.1),,"Keyboard Shortcuts export, licensed Illustrator 30.1.0 (Windows keys)",2026-09-24,
TOOL-0078,Tools/Artboard,tool,Artboard,Shortcut,Shift+O,,key,"Presets, orientation, move/copy artwork with the artboard, show centre mark / cross hairs / video safe areas, video ruler pixel aspect ratio, fade region outside the artboard, update while dragging, delete, new, name. Alt-drag duplicates",,,2,in,planned,verified,vectorsuite.md §5.2; shortcuts-default.csv; docs/parity/shortcuts-30.1.csv (licensed 30.1),,"Keyboard Shortcuts export, licensed Illustrator 30.1.0 (Windows keys)",2026-09-24,
TOOL-0079,Tools/Slicing / cutting,tool,Slice,Shortcut,Shift+K,,key,,,,10,in,planned,verified,vectorsuite.md §5.2; shortcuts-default.csv; docs/parity/shortcuts-30.1.csv (licensed 30.1),,"Keyboard Shortcuts export, licensed Illustrator 30.1.0 (Windows keys)",2026-09-24,
TOOL-0080,Tools/Slicing / cutting,tool,Slice Selection,Shortcut,,,,,,,10,in,planned,verified,vectorsuite.md §5.2; docs/parity/shortcuts-30.1.csv (licensed 30.1),,"Keyboard Shortcuts export, licensed Illustrator 30.1.0 (Windows keys)",2026-09-24,
TOOL-0081,Tools/Slicing / cutting,tool,Eraser,Shortcut,Shift+E,,key,"Angle, roundness and size with variation. Alt draws a marquee",,,2,in,planned,verified,vectorsuite.md §5.2; shortcuts-default.csv; docs/parity/shortcuts-30.1.csv (licensed 30.1),,"Keyboard Shortcuts export, licensed Illustrator 30.1.0 (Windows keys)",2026-09-24,
TOOL-0082,Tools/Slicing / cutting,tool,Scissors,Shortcut,C,,key,,,,2,in,planned,verified,vectorsuite.md §5.2; shortcuts-default.csv; docs/parity/shortcuts-30.1.csv (licensed 30.1),,"Keyboard Shortcuts export, licensed Illustrator 30.1.0 (Windows keys)",2026-09-24,
TOOL-0083,Tools/Slicing / cutting,tool,Knife,Shortcut,,,,Alt for straight cuts,,,2,in,planned,verified,vectorsuite.md §5.2; docs/parity/shortcuts-30.1.csv (licensed 30.1),,"Keyboard Shortcuts export, licensed Illustrator 30.1.0 (Windows keys)",2026-09-24,
TOOL-0084,Tools/Navigation,tool,Hand,Shortcut,H,,key,Space for a temporary Hand,,,1,in,planned,verified,vectorsuite.md §5.2; shortcuts-default.csv; docs/parity/shortcuts-30.1.csv (licensed 30.1),,"Keyboard Shortcuts export, licensed Illustrator 30.1.0 (Windows keys)",2026-09-24,
TOOL-0085,Tools/Navigation,tool,Print Tiling,Shortcut,,,,,,,10,in,planned,verified,vectorsuite.md §5.2; docs/parity/shortcuts-30.1.csv (licensed 30.1),,"Keyboard Shortcuts export, licensed Illustrator 30.1.0 (Windows keys)",2026-09-24,
TOOL-0086,Tools/Navigation,tool,Zoom,Shortcut,Z,,key,"Scrubby zoom, animated zoom, Alt to zoom out",,,1,in,planned,verified,vectorsuite.md §5.2; shortcuts-default.csv; docs/parity/shortcuts-30.1.csv (licensed 30.1),,"Keyboard Shortcuts export, licensed Illustrator 30.1.0 (Windows keys)",2026-09-24,
TOOL-0087,Tools/Toolbar controls,tool,Fill / Stroke,Shortcut,X,,key,"Swap Shift+X, default D, Colour `,`, Gradient `.`, None `/`",,,3,in,planned,verified,vectorsuite.md §5.2; docs/parity/shortcuts-30.1.csv (licensed 30.1),,"Keyboard Shortcuts export, licensed Illustrator 30.1.0 (Windows keys)",2026-09-24,
TOOL-0088,Tools/Toolbar controls,tool,Drawing modes,Shortcut,Shift+D,,key,"Draw Normal, Draw Behind, Draw Inside",,,3,in,planned,verified,vectorsuite.md §5.2; docs/parity/shortcuts-30.1.csv (licensed 30.1),,"Keyboard Shortcuts export, licensed Illustrator 30.1.0 (Windows keys)",2026-09-24,
TOOL-0089,Tools/Toolbar controls,tool,Change Screen Mode,Shortcut,F,,key,,,,1,in,planned,verified,vectorsuite.md §5.2; docs/parity/shortcuts-30.1.csv (licensed 30.1),,"Keyboard Shortcuts export, licensed Illustrator 30.1.0 (Windows keys)",2026-09-24,
PANEL-0001,Panels/Actions,panel,Actions,(panel),,,,"Window menu entry, panel menu, docking",,,11,in,planned,plan-2020,vectorsuite.md §5.3,,,,
PANEL-0002,Panels/Actions,panel,Actions,Sets and actions,,,,,,,11,in,planned,plan-2020,vectorsuite.md §5.3,,,,
PANEL-0003,Panels/Actions,panel,Actions,record,,,,,,,11,in,planned,plan-2020,vectorsuite.md §5.3,,,,
PANEL-0004,Panels/Actions,panel,Actions,play,,,,,,,11,in,planned,plan-2020,vectorsuite.md §5.3,,,,
PANEL-0005,Panels/Actions,panel,Actions,stop,,,,,,,11,in,planned,plan-2020,vectorsuite.md §5.3,,,,
PANEL-0006,Panels/Actions,panel,Actions,insert menu item,,,,,,,11,in,planned,plan-2020,vectorsuite.md §5.3,,,,
PANEL-0007,Panels/Actions,panel,Actions,insert stop,,,,,,,11,in,planned,plan-2020,vectorsuite.md §5.3,,,,
PANEL-0008,Panels/Actions,panel,Actions,insert selected path,,,,,,,11,in,planned,plan-2020,vectorsuite.md §5.3,,,,
PANEL-0009,Panels/Actions,panel,Actions,select object,,,,,,,11,in,planned,plan-2020,vectorsuite.md §5.3,,,,
PANEL-0010,Panels/Actions,panel,Actions,dialog toggles,,,,,,,11,in,planned,plan-2020,vectorsuite.md §5.3,,,,
PANEL-0011,Panels/Actions,panel,Actions,batch,,,,,,,11,in,planned,plan-2020,vectorsuite.md §5.3,,,,
PANEL-0012,Panels/Actions,panel,Actions,load/save `.aia`,,,,,,,11,in,planned,plan-2020,vectorsuite.md §5.3,,,,
PANEL-0013,Panels/Actions,panel,Actions,button mode,,,,,,,11,in,planned,plan-2020,vectorsuite.md §5.3,,,,
PANEL-0014,Panels/Align,panel,Align,(panel),,,,"Window menu entry, panel menu, docking",,,1,in,planned,plan-2020,vectorsuite.md §5.3,,,,
PANEL-0015,Panels/Align,panel,Align,Align objects,,,,left/centre/right/top/middle/bottom,,,1,in,planned,plan-2020,vectorsuite.md §5.3,,,,
PANEL-0016,Panels/Align,panel,Align,distribute objects,,,,,,,1,in,planned,plan-2020,vectorsuite.md §5.3,,,,
PANEL-0017,Panels/Align,panel,Align,distribute spacing,,,,auto / value,,,1,in,planned,plan-2020,vectorsuite.md §5.3,,,,
PANEL-0018,Panels/Align,panel,Align,align to selection / key object / artboard,,,,,,,1,in,planned,plan-2020,vectorsuite.md §5.3,,,,
PANEL-0019,Panels/Align,panel,Align,Use Preview Bounds,,,,,,,1,in,planned,plan-2020,vectorsuite.md §5.3,,,,
PANEL-0020,Panels/Align,panel,Align,align glyph bounds for text,,,,"24.3, point and area text",,24.3,1,in,planned,plan-2020,vectorsuite.md §5.3,,,,
PANEL-0021,Panels/Appearance,panel,Appearance,(panel),,,,"Window menu entry, panel menu, docking",,,3,in,planned,plan-2020,vectorsuite.md §5.3,,,,
PANEL-0022,Panels/Appearance,panel,Appearance,The appearance stack: add new fill/stroke,,,,,,,3,in,planned,plan-2020,vectorsuite.md §5.3,,,,
PANEL-0023,Panels/Appearance,panel,Appearance,add effect,,,,,,,3,in,planned,plan-2020,vectorsuite.md §5.3,,,,
PANEL-0024,Panels/Appearance,panel,Appearance,clear appearance,,,,,,,3,in,planned,plan-2020,vectorsuite.md §5.3,,,,
PANEL-0025,Panels/Appearance,panel,Appearance,reduce to basic appearance,,,,,,,3,in,planned,plan-2020,vectorsuite.md §5.3,,,,
PANEL-0026,Panels/Appearance,panel,Appearance,duplicate/remove item,,,,,,,3,in,planned,plan-2020,vectorsuite.md §5.3,,,,
PANEL-0027,Panels/Appearance,panel,Appearance,visibility toggles,,,,,,,3,in,planned,plan-2020,vectorsuite.md §5.3,,,,
PANEL-0028,Panels/Appearance,panel,Appearance,inline stroke and fill controls,,,,,,,3,in,planned,plan-2020,vectorsuite.md §5.3,,,,
PANEL-0029,Panels/Appearance,panel,Appearance,redefine graphic style,,,,,,,3,in,planned,plan-2020,vectorsuite.md §5.3,,,,
PANEL-0030,Panels/Appearance,panel,Appearance,"""new art has basic appearance""",,,,,,,3,in,planned,plan-2020,vectorsuite.md §5.3,,,,
PANEL-0031,Panels/Artboards,panel,Artboards,(panel),,,,"Window menu entry, panel menu, docking",,,1,in,planned,plan-2020,vectorsuite.md §5.3,,,,
PANEL-0032,Panels/Artboards,panel,Artboards,List,,,,,,,1,in,planned,plan-2020,vectorsuite.md §5.3,,,,
PANEL-0033,Panels/Artboards,panel,Artboards,reorder,,,,,,,1,in,planned,plan-2020,vectorsuite.md §5.3,,,,
PANEL-0034,Panels/Artboards,panel,Artboards,rename,,,,,,,1,in,planned,plan-2020,vectorsuite.md §5.3,,,,
PANEL-0035,Panels/Artboards,panel,Artboards,options,,,,,,,1,in,planned,plan-2020,vectorsuite.md §5.3,,,,
PANEL-0036,Panels/Artboards,panel,Artboards,rearrange all,,,,,,,1,in,planned,plan-2020,vectorsuite.md §5.3,,,,
PANEL-0037,Panels/Artboards,panel,Artboards,convert to artboards,,,,,,,1,in,planned,plan-2020,vectorsuite.md §5.3,,,,
PANEL-0038,Panels/Artboards,panel,Artboards,delete,,,,,,,1,in,planned,plan-2020,vectorsuite.md §5.3,,,,
PANEL-0039,Panels/Artboards,panel,Artboards,duplicate,,,,,,,1,in,planned,plan-2020,vectorsuite.md §5.3,,,,
PANEL-0040,Panels/Asset Export,panel,Asset Export,(panel),,,,"Window menu entry, panel menu, docking",,,10,in,planned,plan-2020,vectorsuite.md §5.3,,,,
PANEL-0041,Panels/Asset Export,panel,Asset Export,Collect assets,,,,,,,10,in,planned,plan-2020,vectorsuite.md §5.3,,,,
PANEL-0042,Panels/Asset Export,panel,Asset Export,export settings,,,,,,,10,in,planned,plan-2020,vectorsuite.md §5.3,,,,
PANEL-0043,Panels/Asset Export,panel,Asset Export,iOS/Android presets,,,,,,,10,in,planned,plan-2020,vectorsuite.md §5.3,,,,
PANEL-0044,Panels/Attributes,panel,Attributes,(panel),,,,"Window menu entry, panel menu, docking",,,1,in,planned,plan-2020,vectorsuite.md §5.3,,,,
PANEL-0045,Panels/Attributes,panel,Attributes,Overprint fill and stroke,,,,,,,1,in,planned,plan-2020,vectorsuite.md §5.3,,,,
PANEL-0046,Panels/Attributes,panel,Attributes,show/hide centre,,,,,,,1,in,planned,plan-2020,vectorsuite.md §5.3,,,,
PANEL-0047,Panels/Attributes,panel,Attributes,path direction reverse,,,,,,,1,in,planned,plan-2020,vectorsuite.md §5.3,,,,
PANEL-0048,Panels/Attributes,panel,Attributes,fill rule,,,,non-zero / even-odd,,,1,in,planned,plan-2020,vectorsuite.md §5.3,,,,
PANEL-0049,Panels/Attributes,panel,Attributes,image map,,,,none / rectangle / polygon + URL,,,1,in,planned,plan-2020,vectorsuite.md §5.3,,,,
PANEL-0050,Panels/Attributes,panel,Attributes,note,,,,,,,1,in,planned,plan-2020,vectorsuite.md §5.3,,,,
PANEL-0051,Panels/Brushes,panel,Brushes,(panel),,,,"Window menu entry, panel menu, docking",,,8,in,planned,plan-2020,vectorsuite.md §5.3,,,,
PANEL-0052,Panels/Brushes,panel,Brushes,Brush libraries,,,,,,,8,in,planned,plan-2020,vectorsuite.md §5.3,,,,
PANEL-0053,Panels/Brushes,panel,Brushes,view modes,,,,,,,8,in,planned,plan-2020,vectorsuite.md §5.3,,,,
PANEL-0054,Panels/Brushes,panel,Brushes,remove brush stroke,,,,,,,8,in,planned,plan-2020,vectorsuite.md §5.3,,,,
PANEL-0055,Panels/Brushes,panel,Brushes,options of selected object,,,,,,,8,in,planned,plan-2020,vectorsuite.md §5.3,,,,
PANEL-0056,Panels/Brushes,panel,Brushes,new brush,,,,,,,8,in,planned,plan-2020,vectorsuite.md §5.3,,,,
PANEL-0057,Panels/Brushes,panel,Brushes,duplicate,,,,,,,8,in,planned,plan-2020,vectorsuite.md §5.3,,,,
PANEL-0058,Panels/Brushes,panel,Brushes,delete,,,,,,,8,in,planned,plan-2020,vectorsuite.md §5.3,,,,
PANEL-0059,Panels/Brushes,panel,Brushes,show/hide by type,,,,,,,8,in,planned,plan-2020,vectorsuite.md §5.3,,,,
PANEL-0060,Panels/Character,panel,Character,(panel),,,,"Window menu entry, panel menu, docking",,,5,in,planned,plan-2020,vectorsuite.md §5.3,,,,
PANEL-0061,Panels/Character,panel,Character,Font family,,,,,,,5,in,planned,plan-2020,vectorsuite.md §5.3,,,,
PANEL-0062,Panels/Character,panel,Character,style,,,,,,,5,in,planned,plan-2020,vectorsuite.md §5.3,,,,
PANEL-0063,Panels/Character,panel,Character,size,,,,,,,5,in,planned,plan-2020,vectorsuite.md §5.3,,,,
PANEL-0064,Panels/Character,panel,Character,leading,,,,,,,5,in,planned,plan-2020,vectorsuite.md §5.3,,,,
PANEL-0065,Panels/Character,panel,Character,kerning,,,,metrics / optical / auto / value,,,5,in,planned,plan-2020,vectorsuite.md §5.3,,,,
PANEL-0066,Panels/Character,panel,Character,tracking,,,,,,,5,in,planned,plan-2020,vectorsuite.md §5.3,,,,
PANEL-0067,Panels/Character,panel,Character,vertical/horizontal scale,,,,,,,5,in,planned,plan-2020,vectorsuite.md §5.3,,,,
PANEL-0068,Panels/Character,panel,Character,baseline shift,,,,,,,5,in,planned,plan-2020,vectorsuite.md §5.3,,,,
PANEL-0069,Panels/Character,panel,Character,character rotation,,,,,,,5,in,planned,plan-2020,vectorsuite.md §5.3,,,,
PANEL-0070,Panels/Character,panel,Character,All Caps,,,,,,,5,in,planned,plan-2020,vectorsuite.md §5.3,,,,
PANEL-0071,Panels/Character,panel,Character,Small Caps,,,,,,,5,in,planned,plan-2020,vectorsuite.md §5.3,,,,
PANEL-0072,Panels/Character,panel,Character,Superscript,,,,,,,5,in,planned,plan-2020,vectorsuite.md §5.3,,,,
PANEL-0073,Panels/Character,panel,Character,Subscript,,,,,,,5,in,planned,plan-2020,vectorsuite.md §5.3,,,,
PANEL-0074,Panels/Character,panel,Character,Underline,,,,,,,5,in,planned,plan-2020,vectorsuite.md §5.3,,,,
PANEL-0075,Panels/Character,panel,Character,Strikethrough,,,,,,,5,in,planned,plan-2020,vectorsuite.md §5.3,,,,
PANEL-0076,Panels/Character,panel,Character,language,,,,,,,5,in,planned,plan-2020,vectorsuite.md §5.3,,,,
PANEL-0077,Panels/Character,panel,Character,anti-aliasing,,,,none/sharp/crisp/strong,,,5,in,planned,plan-2020,vectorsuite.md §5.3,,,,
PANEL-0078,Panels/Character,panel,Character,snap to glyph,,,,,,,5,in,planned,plan-2020,vectorsuite.md §5.3,,,,
PANEL-0079,Panels/Character,panel,Character,Touch Type button,,,,,,,5,in,planned,plan-2020,vectorsuite.md §5.3,,,,
PANEL-0080,Panels/Character,panel,Character,font height variations,,,,24.3,,24.3,5,in,planned,plan-2020,vectorsuite.md §5.3,,,,
PANEL-0081,Panels/Character,panel,Character,OpenType variable font axis sliders,,,,,,,5,in,planned,plan-2020,vectorsuite.md §5.3,,,,
PANEL-0082,Panels/Character Styles / Paragraph Styles,panel,Character Styles / Paragraph Styles,(panel),,,,"Window menu entry, panel menu, docking",,,5,in,planned,plan-2020,vectorsuite.md §5.3,,,,
PANEL-0083,Panels/Character Styles / Paragraph Styles,panel,Character Styles / Paragraph Styles,New,,,,,,,5,in,planned,plan-2020,vectorsuite.md §5.3,,,,
PANEL-0084,Panels/Character Styles / Paragraph Styles,panel,Character Styles / Paragraph Styles,edit,,,,all attributes,,,5,in,planned,plan-2020,vectorsuite.md §5.3,,,,
PANEL-0085,Panels/Character Styles / Paragraph Styles,panel,Character Styles / Paragraph Styles,clear overrides,,,,,,,5,in,planned,plan-2020,vectorsuite.md §5.3,,,,
PANEL-0086,Panels/Character Styles / Paragraph Styles,panel,Character Styles / Paragraph Styles,redefine,,,,,,,5,in,planned,plan-2020,vectorsuite.md §5.3,,,,
PANEL-0087,Panels/Character Styles / Paragraph Styles,panel,Character Styles / Paragraph Styles,load from document,,,,,,,5,in,planned,plan-2020,vectorsuite.md §5.3,,,,
PANEL-0088,Panels/Character Styles / Paragraph Styles,panel,Character Styles / Paragraph Styles,basic style defaults,,,,,,,5,in,planned,plan-2020,vectorsuite.md §5.3,,,,
PANEL-0089,Panels/Color,panel,Color,(panel),,,,"Window menu entry, panel menu, docking",,,3,in,planned,plan-2020,vectorsuite.md §5.3,,,,
PANEL-0090,Panels/Color,panel,Color,Grayscale,,,,,,,3,in,planned,plan-2020,vectorsuite.md §5.3,,,,
PANEL-0091,Panels/Color,panel,Color,RGB,,,,,,,3,in,planned,plan-2020,vectorsuite.md §5.3,,,,
PANEL-0092,Panels/Color,panel,Color,HSB,,,,,,,3,in,planned,plan-2020,vectorsuite.md §5.3,,,,
PANEL-0093,Panels/Color,panel,Color,CMYK,,,,,,,3,in,planned,plan-2020,vectorsuite.md §5.3,,,,
PANEL-0094,Panels/Color,panel,Color,Web Safe RGB. Spectrum ramp,,,,,,,3,in,planned,plan-2020,vectorsuite.md §5.3,,,,
PANEL-0095,Panels/Color,panel,Color,None,,,,,,,3,in,planned,plan-2020,vectorsuite.md §5.3,,,,
PANEL-0096,Panels/Color,panel,Color,black/white,,,,,,,3,in,planned,plan-2020,vectorsuite.md §5.3,,,,
PANEL-0097,Panels/Color,panel,Color,out-of-gamut and out-of-web warnings,,,,,,,3,in,planned,plan-2020,vectorsuite.md §5.3,,,,
PANEL-0098,Panels/Color,panel,Color,invert,,,,,,,3,in,planned,plan-2020,vectorsuite.md §5.3,,,,
PANEL-0099,Panels/Color,panel,Color,complement,,,,,,,3,in,planned,plan-2020,vectorsuite.md §5.3,,,,
PANEL-0100,Panels/Color,panel,Color,create new swatch,,,,,,,3,in,planned,plan-2020,vectorsuite.md §5.3,,,,
PANEL-0101,Panels/Color Guide,panel,Color Guide,(panel),,,,"Window menu entry, panel menu, docking",,,3,in,planned,plan-2020,vectorsuite.md §5.3,,,,
PANEL-0102,Panels/Color Guide,panel,Color Guide,Harmony rules,,,,"Complementary 1 and 2, Split Complementary, Left Complement, Right Complement, Analogous 1 and 2, Monochromatic, Shades, Triad 1–3, Tetrad 1–3, Compound 1 and 2, High Contrast 1–3, Pentagram",,,3,in,planned,plan-2020,vectorsuite.md §5.3,,,,
PANEL-0103,Panels/Color Guide,panel,Color Guide,tints/shades,,,,,,,3,in,planned,plan-2020,vectorsuite.md §5.3,,,,
PANEL-0104,Panels/Color Guide,panel,Color Guide,warm/cool,,,,,,,3,in,planned,plan-2020,vectorsuite.md §5.3,,,,
PANEL-0105,Panels/Color Guide,panel,Color Guide,vivid/muted variations,,,,,,,3,in,planned,plan-2020,vectorsuite.md §5.3,,,,
PANEL-0106,Panels/Color Guide,panel,Color Guide,limit to swatch library,,,,,,,3,in,planned,plan-2020,vectorsuite.md §5.3,,,,
PANEL-0107,Panels/Color Guide,panel,Color Guide,Edit Colours button,,,,,,,3,in,planned,plan-2020,vectorsuite.md §5.3,,,,
PANEL-0108,Panels/CSS Properties,panel,CSS Properties,(panel),,,,"Window menu entry, panel menu, docking",,,10,in,planned,plan-2020,vectorsuite.md §5.3,,,,
PANEL-0109,Panels/CSS Properties,panel,CSS Properties,CSS for the selection or all,,,,,,,10,in,planned,plan-2020,vectorsuite.md §5.3,,,,
PANEL-0110,Panels/CSS Properties,panel,CSS Properties,export options,,,,"units, include vendor prefixes, include absolute position, dimensions, generate CSS for unnamed objects, rasterize unsupported art",,,10,in,planned,plan-2020,vectorsuite.md §5.3,,,,
PANEL-0111,Panels/CSS Properties,panel,CSS Properties,copy and export `.css`,,,,,,,10,in,planned,plan-2020,vectorsuite.md §5.3,,,,
PANEL-0112,Panels/Document Info,panel,Document Info,(panel),,,,"Window menu entry, panel menu, docking",,,10,in,planned,plan-2020,vectorsuite.md §5.3,,,,
PANEL-0113,Panels/Document Info,panel,Document Info,Document,,,,,,,10,in,planned,plan-2020,vectorsuite.md §5.3,,,,
PANEL-0114,Panels/Document Info,panel,Document Info,objects,,,,,,,10,in,planned,plan-2020,vectorsuite.md §5.3,,,,
PANEL-0115,Panels/Document Info,panel,Document Info,styles,,,,,,,10,in,planned,plan-2020,vectorsuite.md §5.3,,,,
PANEL-0116,Panels/Document Info,panel,Document Info,brushes,,,,,,,10,in,planned,plan-2020,vectorsuite.md §5.3,,,,
PANEL-0117,Panels/Document Info,panel,Document Info,spot colour objects,,,,,,,10,in,planned,plan-2020,vectorsuite.md §5.3,,,,
PANEL-0118,Panels/Document Info,panel,Document Info,pattern objects,,,,,,,10,in,planned,plan-2020,vectorsuite.md §5.3,,,,
PANEL-0119,Panels/Document Info,panel,Document Info,gradient objects,,,,,,,10,in,planned,plan-2020,vectorsuite.md §5.3,,,,
PANEL-0120,Panels/Document Info,panel,Document Info,fonts,,,,,,,10,in,planned,plan-2020,vectorsuite.md §5.3,,,,
PANEL-0121,Panels/Document Info,panel,Document Info,linked images,,,,,,,10,in,planned,plan-2020,vectorsuite.md §5.3,,,,
PANEL-0122,Panels/Document Info,panel,Document Info,embedded images,,,,,,,10,in,planned,plan-2020,vectorsuite.md §5.3,,,,
PANEL-0123,Panels/Document Info,panel,Document Info,font details. Selection only. Save as text,,,,,,,10,in,planned,plan-2020,vectorsuite.md §5.3,,,,
PANEL-0124,Panels/Flattener Preview,panel,Flattener Preview,(panel),,,,"Window menu entry, panel menu, docking",,,8,in,planned,plan-2020,vectorsuite.md §5.3,,,,
PANEL-0125,Panels/Flattener Preview,panel,Flattener Preview,Highlight,,,,"rasterized complex regions, transparent objects, outlined strokes/text, …",,,8,in,planned,plan-2020,vectorsuite.md §5.3,,,,
PANEL-0126,Panels/Flattener Preview,panel,Flattener Preview,overprint handling,,,,,,,8,in,planned,plan-2020,vectorsuite.md §5.3,,,,
PANEL-0127,Panels/Flattener Preview,panel,Flattener Preview,preset,,,,,,,8,in,planned,plan-2020,vectorsuite.md §5.3,,,,
PANEL-0128,Panels/Flattener Preview,panel,Flattener Preview,refresh,,,,,,,8,in,planned,plan-2020,vectorsuite.md §5.3,,,,
PANEL-0129,Panels/Glyphs,panel,Glyphs,(panel),,,,"Window menu entry, panel menu, docking",,,5,in,planned,plan-2020,vectorsuite.md §5.3,,,,
PANEL-0130,Panels/Glyphs,panel,Glyphs,Show entire font or alternates by feature,,,,,,,5,in,planned,plan-2020,vectorsuite.md §5.3,,,,
PANEL-0131,Panels/Glyphs,panel,Glyphs,font and style,,,,,,,5,in,planned,plan-2020,vectorsuite.md §5.3,,,,
PANEL-0132,Panels/Glyphs,panel,Glyphs,zoom,,,,,,,5,in,planned,plan-2020,vectorsuite.md §5.3,,,,
PANEL-0133,Panels/Glyphs,panel,Glyphs,recently used,,,,,,,5,in,planned,plan-2020,vectorsuite.md §5.3,,,,
PANEL-0134,Panels/Glyphs,panel,Glyphs,insert,,,,,,,5,in,planned,plan-2020,vectorsuite.md §5.3,,,,
PANEL-0135,Panels/Gradient,panel,Gradient,(panel),,,,"Window menu entry, panel menu, docking",,,3,in,planned,plan-2020,vectorsuite.md §5.3,,,,
PANEL-0136,Panels/Gradient,panel,Gradient,Type,,,,linear / radial / freeform with points / lines,,,3,in,planned,plan-2020,vectorsuite.md §5.3,,,,
PANEL-0137,Panels/Gradient,panel,Gradient,edit,,,,,,,3,in,planned,plan-2020,vectorsuite.md §5.3,,,,
PANEL-0138,Panels/Gradient,panel,Gradient,angle,,,,,,,3,in,planned,plan-2020,vectorsuite.md §5.3,,,,
PANEL-0139,Panels/Gradient,panel,Gradient,aspect ratio,,,,,,,3,in,planned,plan-2020,vectorsuite.md §5.3,,,,
PANEL-0140,Panels/Gradient,panel,Gradient,reverse,,,,,,,3,in,planned,plan-2020,vectorsuite.md §5.3,,,,
PANEL-0141,Panels/Gradient,panel,Gradient,stops,,,,"colour, opacity, location",,,3,in,planned,plan-2020,vectorsuite.md §5.3,,,,
PANEL-0142,Panels/Gradient,panel,Gradient,midpoints,,,,,,,3,in,planned,plan-2020,vectorsuite.md §5.3,,,,
PANEL-0143,Panels/Gradient,panel,Gradient,stroke gradient modes,,,,within / along / across,,,3,in,planned,plan-2020,vectorsuite.md §5.3,,,,
PANEL-0144,Panels/Gradient,panel,Gradient,spread,,,,,,,3,in,planned,plan-2020,vectorsuite.md §5.3,,,,
PANEL-0145,Panels/Graphic Styles,panel,Graphic Styles,(panel),,,,"Window menu entry, panel menu, docking",,,11,in,planned,plan-2020,vectorsuite.md §5.3,,,,
PANEL-0146,Panels/Graphic Styles,panel,Graphic Styles,Libraries,,,,,,,11,in,planned,plan-2020,vectorsuite.md §5.3,,,,
PANEL-0147,Panels/Graphic Styles,panel,Graphic Styles,break link,,,,,,,11,in,planned,plan-2020,vectorsuite.md §5.3,,,,
PANEL-0148,Panels/Graphic Styles,panel,Graphic Styles,new,,,,,,,11,in,planned,plan-2020,vectorsuite.md §5.3,,,,
PANEL-0149,Panels/Graphic Styles,panel,Graphic Styles,duplicate,,,,,,,11,in,planned,plan-2020,vectorsuite.md §5.3,,,,
PANEL-0150,Panels/Graphic Styles,panel,Graphic Styles,delete,,,,,,,11,in,planned,plan-2020,vectorsuite.md §5.3,,,,
PANEL-0151,Panels/Graphic Styles,panel,Graphic Styles,merge styles,,,,,,,11,in,planned,plan-2020,vectorsuite.md §5.3,,,,
PANEL-0152,Panels/Graphic Styles,panel,Graphic Styles,override character colour,,,,,,,11,in,planned,plan-2020,vectorsuite.md §5.3,,,,
PANEL-0153,Panels/Graphic Styles,panel,Graphic Styles,use square/text for preview,,,,,,,11,in,planned,plan-2020,vectorsuite.md §5.3,,,,
PANEL-0154,Panels/Graphic Styles,panel,Graphic Styles,add to or replace existing styles on click,,,,,,,11,in,planned,plan-2020,vectorsuite.md §5.3,,,,
PANEL-0155,Panels/Image Trace,panel,Image Trace,(panel),,,,See §6,,,9,in,planned,plan-2020,vectorsuite.md §5.3,,,,
PANEL-0156,Panels/Info,panel,Info,(panel),,,,"Window menu entry, panel menu, docking",,,3,in,planned,plan-2020,vectorsuite.md §5.3,,,,
PANEL-0157,Panels/Info,panel,Info,X/Y,,,,,,,3,in,planned,plan-2020,vectorsuite.md §5.3,,,,
PANEL-0158,Panels/Info,panel,Info,W/H,,,,,,,3,in,planned,plan-2020,vectorsuite.md §5.3,,,,
PANEL-0159,Panels/Info,panel,Info,colour values of fill and stroke,,,,,,,3,in,planned,plan-2020,vectorsuite.md §5.3,,,,
PANEL-0160,Panels/Info,panel,Info,distance/angle,,,,Measure,,,3,in,planned,plan-2020,vectorsuite.md §5.3,,,,
PANEL-0161,Panels/Info,panel,Info,transform values,,,,,,,3,in,planned,plan-2020,vectorsuite.md §5.3,,,,
PANEL-0162,Panels/Layers,panel,Layers,(panel),,,,"Window menu entry, panel menu, docking",,,1,in,planned,plan-2020,vectorsuite.md §5.3,,,,
PANEL-0163,Panels/Layers,panel,Layers,Tree with visibility,,,,,,,1,in,planned,plan-2020,vectorsuite.md §5.3,,,,
PANEL-0164,Panels/Layers,panel,Layers,lock,,,,,,,1,in,planned,plan-2020,vectorsuite.md §5.3,,,,
PANEL-0165,Panels/Layers,panel,Layers,template,,,,,,,1,in,planned,plan-2020,vectorsuite.md §5.3,,,,
PANEL-0166,Panels/Layers,panel,Layers,target circle,,,,appearance,,,1,in,planned,plan-2020,vectorsuite.md §5.3,,,,
PANEL-0167,Panels/Layers,panel,Layers,selection squares,,,,,,,1,in,planned,plan-2020,vectorsuite.md §5.3,,,,
PANEL-0168,Panels/Layers,panel,Layers,layer colour,,,,,,,1,in,planned,plan-2020,vectorsuite.md §5.3,,,,
PANEL-0169,Panels/Layers,panel,Layers,locate object,,,,,,,1,in,planned,plan-2020,vectorsuite.md §5.3,,,,
PANEL-0170,Panels/Layers,panel,Layers,make/release clipping mask,,,,,,,1,in,planned,plan-2020,vectorsuite.md §5.3,,,,
PANEL-0171,Panels/Layers,panel,Layers,sublayer,,,,,,,1,in,planned,plan-2020,vectorsuite.md §5.3,,,,
PANEL-0172,Panels/Layers,panel,Layers,collect in new layer,,,,,,,1,in,planned,plan-2020,vectorsuite.md §5.3,,,,
PANEL-0173,Panels/Layers,panel,Layers,release to layers,,,,sequence / build,,,1,in,planned,plan-2020,vectorsuite.md §5.3,,,,
PANEL-0174,Panels/Layers,panel,Layers,reverse order,,,,,,,1,in,planned,plan-2020,vectorsuite.md §5.3,,,,
PANEL-0175,Panels/Layers,panel,Layers,template layers,,,,,,,1,in,planned,plan-2020,vectorsuite.md §5.3,,,,
PANEL-0176,Panels/Layers,panel,Layers,hide/lock others,,,,,,,1,in,planned,plan-2020,vectorsuite.md §5.3,,,,
PANEL-0177,Panels/Layers,panel,Layers,merge selected,,,,,,,1,in,planned,plan-2020,vectorsuite.md §5.3,,,,
PANEL-0178,Panels/Layers,panel,Layers,flatten artwork,,,,,,,1,in,planned,plan-2020,vectorsuite.md §5.3,,,,
PANEL-0179,Panels/Layers,panel,Layers,paste remembers layers,,,,,,,1,in,planned,plan-2020,vectorsuite.md §5.3,,,,
PANEL-0180,Panels/Layers,panel,Layers,options,,,,"name, colour, template, show, preview, lock, print, dim images to %",,,1,in,planned,plan-2020,vectorsuite.md §5.3,,,,
PANEL-0181,Panels/Layers,panel,Layers,panel options,,,,"row size, thumbnails, show layers only",,,1,in,planned,plan-2020,vectorsuite.md §5.3,,,,
PANEL-0182,Panels/Libraries,panel,Libraries,(panel),,,,"Local only (§1.2): colours, character and paragraph styles, graphics, brushes",,,1,in,planned,plan-2020,vectorsuite.md §5.3,,,,
PANEL-0183,Panels/Libraries,panel,Libraries,Local only (§1.2): colours,,,,,,,1,in,planned,plan-2020,vectorsuite.md §5.3,,,,
PANEL-0184,Panels/Libraries,panel,Libraries,character and paragraph styles,,,,,,,1,in,planned,plan-2020,vectorsuite.md §5.3,,,,
PANEL-0185,Panels/Libraries,panel,Libraries,graphics,,,,,,,1,in,planned,plan-2020,vectorsuite.md §5.3,,,,
PANEL-0186,Panels/Libraries,panel,Libraries,brushes,,,,,,,1,in,planned,plan-2020,vectorsuite.md §5.3,,,,
PANEL-0187,Panels/Links,panel,Links,(panel),,,,"Window menu entry, panel menu, docking",,,6,in,planned,plan-2020,vectorsuite.md §5.3,,,,
PANEL-0188,Panels/Links,panel,Links,Relink,,,,,,,6,in,planned,plan-2020,vectorsuite.md §5.3,,,,
PANEL-0189,Panels/Links,panel,Links,go to link,,,,,,,6,in,planned,plan-2020,vectorsuite.md §5.3,,,,
PANEL-0190,Panels/Links,panel,Links,update link,,,,,,,6,in,planned,plan-2020,vectorsuite.md §5.3,,,,
PANEL-0191,Panels/Links,panel,Links,edit original,,,,,,,6,in,planned,plan-2020,vectorsuite.md §5.3,,,,
PANEL-0192,Panels/Links,panel,Links,embed/unembed,,,,,,,6,in,planned,plan-2020,vectorsuite.md §5.3,,,,
PANEL-0193,Panels/Links,panel,Links,link information,,,,,,,6,in,planned,plan-2020,vectorsuite.md §5.3,,,,
PANEL-0194,Panels/Links,panel,Links,show missing/modified/embedded,,,,,,,6,in,planned,plan-2020,vectorsuite.md §5.3,,,,
PANEL-0195,Panels/Magic Wand,panel,Magic Wand,(panel),,,,"Tolerances, as above",,,1,in,planned,plan-2020,vectorsuite.md §5.3,,,,
PANEL-0196,Panels/Magic Wand,panel,Magic Wand,Tolerances,,,,,,,1,in,planned,plan-2020,vectorsuite.md §5.3,,,,
PANEL-0197,Panels/Magic Wand,panel,Magic Wand,as above,,,,,,,1,in,planned,plan-2020,vectorsuite.md §5.3,,,,
PANEL-0198,Panels/Navigator,panel,Navigator,(panel),,,,"Window menu entry, panel menu, docking",,,1,in,planned,plan-2020,vectorsuite.md §5.3,,,,
PANEL-0199,Panels/Navigator,panel,Navigator,Proxy view,,,,,,,1,in,planned,plan-2020,vectorsuite.md §5.3,,,,
PANEL-0200,Panels/Navigator,panel,Navigator,zoom slider,,,,,,,1,in,planned,plan-2020,vectorsuite.md §5.3,,,,
PANEL-0201,Panels/Navigator,panel,Navigator,draw dashed lines as solid,,,,,,,1,in,planned,plan-2020,vectorsuite.md §5.3,,,,
PANEL-0202,Panels/Navigator,panel,Navigator,view artboard contents only,,,,,,,1,in,planned,plan-2020,vectorsuite.md §5.3,,,,
PANEL-0203,Panels/OpenType,panel,OpenType,(panel),,,,"Window menu entry, panel menu, docking",,,5,in,planned,plan-2020,vectorsuite.md §5.3,,,,
PANEL-0204,Panels/OpenType,panel,OpenType,Standard/contextual/discretionary ligatures,,,,,,,5,in,planned,plan-2020,vectorsuite.md §5.3,,,,
PANEL-0205,Panels/OpenType,panel,OpenType,swash,,,,,,,5,in,planned,plan-2020,vectorsuite.md §5.3,,,,
PANEL-0206,Panels/OpenType,panel,OpenType,stylistic alternates,,,,,,,5,in,planned,plan-2020,vectorsuite.md §5.3,,,,
PANEL-0207,Panels/OpenType,panel,OpenType,titling alternates,,,,,,,5,in,planned,plan-2020,vectorsuite.md §5.3,,,,
PANEL-0208,Panels/OpenType,panel,OpenType,ordinals,,,,,,,5,in,planned,plan-2020,vectorsuite.md §5.3,,,,
PANEL-0209,Panels/OpenType,panel,OpenType,fractions,,,,,,,5,in,planned,plan-2020,vectorsuite.md §5.3,,,,
PANEL-0210,Panels/OpenType,panel,OpenType,stylistic sets,,,,,,,5,in,planned,plan-2020,vectorsuite.md §5.3,,,,
PANEL-0211,Panels/OpenType,panel,OpenType,figures,,,,tabular/proportional lining/oldstyle,,,5,in,planned,plan-2020,vectorsuite.md §5.3,,,,
PANEL-0212,Panels/OpenType,panel,OpenType,position,,,,superior/inferior/numerator/denominator,,,5,in,planned,plan-2020,vectorsuite.md §5.3,,,,
PANEL-0213,Panels/Paragraph,panel,Paragraph,(panel),,,,"Window menu entry, panel menu, docking",,,5,in,planned,plan-2020,vectorsuite.md §5.3,,,,
PANEL-0214,Panels/Paragraph,panel,Paragraph,Alignment,,,,7,,,5,in,planned,plan-2020,vectorsuite.md §5.3,,,,
PANEL-0215,Panels/Paragraph,panel,Paragraph,indents,,,,,,,5,in,planned,plan-2020,vectorsuite.md §5.3,,,,
PANEL-0216,Panels/Paragraph,panel,Paragraph,first-line indent,,,,,,,5,in,planned,plan-2020,vectorsuite.md §5.3,,,,
PANEL-0217,Panels/Paragraph,panel,Paragraph,space before and after,,,,,,,5,in,planned,plan-2020,vectorsuite.md §5.3,,,,
PANEL-0218,Panels/Paragraph,panel,Paragraph,hyphenate,,,,,,,5,in,planned,plan-2020,vectorsuite.md §5.3,,,,
PANEL-0219,Panels/Paragraph,panel,Paragraph,hyphenation settings,,,,,,,5,in,planned,plan-2020,vectorsuite.md §5.3,,,,
PANEL-0220,Panels/Paragraph,panel,Paragraph,justification settings,,,,"word/letter/glyph spacing, auto leading, single word justification",,,5,in,planned,plan-2020,vectorsuite.md §5.3,,,,
PANEL-0221,Panels/Paragraph,panel,Paragraph,composer,,,,Adobe Every-line / Single-line and the Japanese composers,,,5,in,planned,plan-2020,vectorsuite.md §5.3,,,,
PANEL-0222,Panels/Paragraph,panel,Paragraph,roman hanging punctuation,,,,,,,5,in,planned,plan-2020,vectorsuite.md §5.3,,,,
PANEL-0223,Panels/Paragraph,panel,Paragraph,CJK options,,,,"kinsoku, mojikumi, burasagari",,,5,in,planned,plan-2020,vectorsuite.md §5.3,,,,
PANEL-0224,Panels/Paragraph,panel,Paragraph,bullets and numbering,,,,,,,5,in,planned,unverified,vectorsuite.md §5.3,,,,
PANEL-0225,Panels/Pathfinder,panel,Pathfinder,(panel),,,,"Window menu entry, panel menu, docking",,,4,in,planned,plan-2020,vectorsuite.md §5.3,,,,
PANEL-0226,Panels/Pathfinder,panel,Pathfinder,Shape modes,,,,"Unite, Minus Front, Intersect, Exclude, with Alt making a compound shape) and Expand. Pathfinders (Divide, Trim, Merge, Crop, Outline, Minus Back). Options: precision (0.028 pt",,,4,in,planned,plan-2020,vectorsuite.md §5.3,,,,
PANEL-0227,Panels/Pathfinder,panel,Pathfinder,remove redundant points,,,,,,,4,in,planned,plan-2020,vectorsuite.md §5.3,,,,
PANEL-0228,Panels/Pathfinder,panel,Pathfinder,divide and outline will remove unpainted artwork,,,,,,,4,in,planned,plan-2020,vectorsuite.md §5.3,,,,
PANEL-0229,Panels/Pathfinder,panel,Pathfinder,make and release compound shapes,,,,,,,4,in,planned,plan-2020,vectorsuite.md §5.3,,,,
PANEL-0230,Panels/Pattern Options,panel,Pattern Options,(panel),,,,"Window menu entry, panel menu, docking",,,3,in,planned,plan-2020,vectorsuite.md §5.3,,,,
PANEL-0231,Panels/Pattern Options,panel,Pattern Options,Name,,,,,,,3,in,planned,plan-2020,vectorsuite.md §5.3,,,,
PANEL-0232,Panels/Pattern Options,panel,Pattern Options,tile type,,,,"Grid, Brick by Row, Brick by Column, Hex by Column, Hex by Row",,,3,in,planned,plan-2020,vectorsuite.md §5.3,,,,
PANEL-0233,Panels/Pattern Options,panel,Pattern Options,brick offset,,,,,,,3,in,planned,plan-2020,vectorsuite.md §5.3,,,,
PANEL-0234,Panels/Pattern Options,panel,Pattern Options,width/height,,,,,,,3,in,planned,plan-2020,vectorsuite.md §5.3,,,,
PANEL-0235,Panels/Pattern Options,panel,Pattern Options,size tile to art,,,,,,,3,in,planned,plan-2020,vectorsuite.md §5.3,,,,
PANEL-0236,Panels/Pattern Options,panel,Pattern Options,move tile with art,,,,,,,3,in,planned,plan-2020,vectorsuite.md §5.3,,,,
PANEL-0237,Panels/Pattern Options,panel,Pattern Options,H/V spacing,,,,,,,3,in,planned,plan-2020,vectorsuite.md §5.3,,,,
PANEL-0238,Panels/Pattern Options,panel,Pattern Options,overlap order,,,,,,,3,in,planned,plan-2020,vectorsuite.md §5.3,,,,
PANEL-0239,Panels/Pattern Options,panel,Pattern Options,copies,,,,1×1 … 9×9 …,,,3,in,planned,plan-2020,vectorsuite.md §5.3,,,,
PANEL-0240,Panels/Pattern Options,panel,Pattern Options,dim copies to %,,,,,,,3,in,planned,plan-2020,vectorsuite.md §5.3,,,,
PANEL-0241,Panels/Pattern Options,panel,Pattern Options,show tile edge,,,,,,,3,in,planned,plan-2020,vectorsuite.md §5.3,,,,
PANEL-0242,Panels/Pattern Options,panel,Pattern Options,show swatch bounds,,,,,,,3,in,planned,plan-2020,vectorsuite.md §5.3,,,,
PANEL-0243,Panels/Properties,panel,Properties,(panel),,,,See §5.1,,,1,in,planned,plan-2020,vectorsuite.md §5.3,,,,
PANEL-0244,Panels/Separations Preview,panel,Separations Preview,(panel),,,,"Window menu entry, panel menu, docking",,,10,in,planned,plan-2020,vectorsuite.md §5.3,,,,
PANEL-0245,Panels/Separations Preview,panel,Separations Preview,Overprint preview,,,,,,,10,in,planned,plan-2020,vectorsuite.md §5.3,,,,
PANEL-0246,Panels/Separations Preview,panel,Separations Preview,show used spot colours only,,,,,,,10,in,planned,plan-2020,vectorsuite.md §5.3,,,,
PANEL-0247,Panels/Separations Preview,panel,Separations Preview,per-plate toggles,,,,,,,10,in,planned,plan-2020,vectorsuite.md §5.3,,,,
PANEL-0248,Panels/Stroke,panel,Stroke,(panel),,,,"Window menu entry, panel menu, docking",,,3,in,planned,plan-2020,vectorsuite.md §5.3,,,,
PANEL-0249,Panels/Stroke,panel,Stroke,Weight,,,,,,,3,in,planned,plan-2020,vectorsuite.md §5.3,,,,
PANEL-0250,Panels/Stroke,panel,Stroke,cap,,,,,,,3,in,planned,plan-2020,vectorsuite.md §5.3,,,,
PANEL-0251,Panels/Stroke,panel,Stroke,corner,,,,,,,3,in,planned,plan-2020,vectorsuite.md §5.3,,,,
PANEL-0252,Panels/Stroke,panel,Stroke,limit,,,,,,,3,in,planned,plan-2020,vectorsuite.md §5.3,,,,
PANEL-0253,Panels/Stroke,panel,Stroke,align stroke,,,,centre / inside / outside,,,3,in,planned,plan-2020,vectorsuite.md §5.3,,,,
PANEL-0254,Panels/Stroke,panel,Stroke,dashed line,,,,"3 dash/gap pairs, preserve exact lengths / align to corners and path ends",,,3,in,planned,plan-2020,vectorsuite.md §5.3,,,,
PANEL-0255,Panels/Stroke,panel,Stroke,arrowheads,,,,"start and end from the built-in library of about 39, scale, align tip at / beyond end",,,3,in,planned,plan-2020,vectorsuite.md §5.3,,,,
PANEL-0256,Panels/Stroke,panel,Stroke,width profile,,,,"preset and custom, flip",,,3,in,planned,plan-2020,vectorsuite.md §5.3,,,,
PANEL-0257,Panels/SVG Interactivity,panel,SVG Interactivity,(panel),,,,"Window menu entry, panel menu, docking",,,10,in,planned,plan-2020,vectorsuite.md §5.3,,,,
PANEL-0258,Panels/SVG Interactivity,panel,SVG Interactivity,"Events (onfocusin, onclick, onmouseover, …) with JavaScript",,,,,,,10,in,planned,plan-2020,vectorsuite.md §5.3,,,,
PANEL-0259,Panels/SVG Interactivity,panel,SVG Interactivity,JavaScript files,,,,,,,10,in,planned,plan-2020,vectorsuite.md §5.3,,,,
PANEL-0260,Panels/Swatches,panel,Swatches,(panel),,,,"Window menu entry, panel menu, docking",,,3,in,planned,plan-2020,vectorsuite.md §5.3,,,,
PANEL-0261,Panels/Swatches,panel,Swatches,Show kinds,,,,"colour, gradient, pattern, colour groups",,,3,in,planned,plan-2020,vectorsuite.md §5.3,,,,
PANEL-0262,Panels/Swatches,panel,Swatches,libraries,,,,,,,3,in,planned,plan-2020,vectorsuite.md §5.3,,,,
PANEL-0263,Panels/Swatches,panel,Swatches,new swatch,,,,"name, type process/spot, global, mode",,,3,in,planned,plan-2020,vectorsuite.md §5.3,,,,
PANEL-0264,Panels/Swatches,panel,Swatches,new colour group,,,,,,,3,in,planned,plan-2020,vectorsuite.md §5.3,,,,
PANEL-0265,Panels/Swatches,panel,Swatches,swatch options,,,,,,,3,in,planned,plan-2020,vectorsuite.md §5.3,,,,
PANEL-0266,Panels/Swatches,panel,Swatches,open colour group in Recolor,,,,,,,3,in,planned,plan-2020,vectorsuite.md §5.3,,,,
PANEL-0267,Panels/Swatches,panel,Swatches,add used colours,,,,,,,3,in,planned,plan-2020,vectorsuite.md §5.3,,,,
PANEL-0268,Panels/Swatches,panel,Swatches,sort by name/kind,,,,,,,3,in,planned,plan-2020,vectorsuite.md §5.3,,,,
PANEL-0269,Panels/Swatches,panel,Swatches,select all unused,,,,,,,3,in,planned,plan-2020,vectorsuite.md §5.3,,,,
PANEL-0270,Panels/Swatches,panel,Swatches,merge,,,,,,,3,in,planned,plan-2020,vectorsuite.md §5.3,,,,
PANEL-0271,Panels/Swatches,panel,Swatches,persistent swatches,,,,,,,3,in,planned,plan-2020,vectorsuite.md §5.3,,,,
PANEL-0272,Panels/Swatches,panel,Swatches,list/thumbnail views,,,,,,,3,in,planned,plan-2020,vectorsuite.md §5.3,,,,
PANEL-0273,Panels/Symbols,panel,Symbols,(panel),,,,"Window menu entry, panel menu, docking",,,8,in,planned,plan-2020,vectorsuite.md §5.3,,,,
PANEL-0274,Panels/Symbols,panel,Symbols,Libraries,,,,,,,8,in,planned,plan-2020,vectorsuite.md §5.3,,,,
PANEL-0275,Panels/Symbols,panel,Symbols,place instance,,,,,,,8,in,planned,plan-2020,vectorsuite.md §5.3,,,,
PANEL-0276,Panels/Symbols,panel,Symbols,replace,,,,,,,8,in,planned,plan-2020,vectorsuite.md §5.3,,,,
PANEL-0277,Panels/Symbols,panel,Symbols,break link,,,,,,,8,in,planned,plan-2020,vectorsuite.md §5.3,,,,
PANEL-0278,Panels/Symbols,panel,Symbols,reset transform,,,,,,,8,in,planned,plan-2020,vectorsuite.md §5.3,,,,
PANEL-0279,Panels/Symbols,panel,Symbols,new symbol,,,,"options dialog: name, export type movie clip / graphic, symbol type dynamic / static, registration, enable 9-slice scaling guides, align to pixel grid",,,8,in,planned,plan-2020,vectorsuite.md §5.3,,,,
PANEL-0280,Panels/Symbols,panel,Symbols,edit symbol,,,,isolation,,,8,in,planned,plan-2020,vectorsuite.md §5.3,,,,
PANEL-0281,Panels/Transform,panel,Transform,(panel),,,,"Window menu entry, panel menu, docking",,,1,in,planned,plan-2020,vectorsuite.md §5.3,,,,
PANEL-0282,Panels/Transform,panel,Transform,X/Y/W/H with a reference point,,,,,,,1,in,planned,plan-2020,vectorsuite.md §5.3,,,,
PANEL-0283,Panels/Transform,panel,Transform,link proportions,,,,,,,1,in,planned,plan-2020,vectorsuite.md §5.3,,,,
PANEL-0284,Panels/Transform,panel,Transform,rotate,,,,,,,1,in,planned,plan-2020,vectorsuite.md §5.3,,,,
PANEL-0285,Panels/Transform,panel,Transform,shear,,,,,,,1,in,planned,plan-2020,vectorsuite.md §5.3,,,,
PANEL-0286,Panels/Transform,panel,Transform,shape properties,,,,"live rectangle, ellipse, polygon, line",,,1,in,planned,plan-2020,vectorsuite.md §5.3,,,,
PANEL-0287,Panels/Transform,panel,Transform,scale corners,,,,,,,1,in,planned,plan-2020,vectorsuite.md §5.3,,,,
PANEL-0288,Panels/Transform,panel,Transform,scale strokes and effects,,,,,,,1,in,planned,plan-2020,vectorsuite.md §5.3,,,,
PANEL-0289,Panels/Transform,panel,Transform,align to pixel grid,,,,,,,1,in,planned,plan-2020,vectorsuite.md §5.3,,,,
PANEL-0290,Panels/Transform,panel,Transform,flip,,,,,,,1,in,planned,plan-2020,vectorsuite.md §5.3,,,,
PANEL-0291,Panels/Transparency,panel,Transparency,(panel),,,,"Window menu entry, panel menu, docking",,,3,in,planned,plan-2020,vectorsuite.md §5.3,,,,
PANEL-0292,Panels/Transparency,panel,Transparency,Blend mode,,,,the 16 modes,,,3,in,planned,plan-2020,vectorsuite.md §5.3,,,,
PANEL-0293,Panels/Transparency,panel,Transparency,opacity,,,,,,,3,in,planned,plan-2020,vectorsuite.md §5.3,,,,
PANEL-0294,Panels/Transparency,panel,Transparency,thumbnails,,,,,,,3,in,planned,plan-2020,vectorsuite.md §5.3,,,,
PANEL-0295,Panels/Transparency,panel,Transparency,make mask / release,,,,,,,3,in,planned,plan-2020,vectorsuite.md §5.3,,,,
PANEL-0296,Panels/Transparency,panel,Transparency,clip,,,,,,,3,in,planned,plan-2020,vectorsuite.md §5.3,,,,
PANEL-0297,Panels/Transparency,panel,Transparency,invert mask,,,,,,,3,in,planned,plan-2020,vectorsuite.md §5.3,,,,
PANEL-0298,Panels/Transparency,panel,Transparency,isolate blending,,,,,,,3,in,planned,plan-2020,vectorsuite.md §5.3,,,,
PANEL-0299,Panels/Transparency,panel,Transparency,knockout group,,,,,,,3,in,planned,plan-2020,vectorsuite.md §5.3,,,,
PANEL-0300,Panels/Transparency,panel,Transparency,opacity and mask define knockout shape,,,,,,,3,in,planned,plan-2020,vectorsuite.md §5.3,,,,
PANEL-0301,Panels/Transparency,panel,Transparency,new opacity masks are clipping/inverted,,,,,,,3,in,planned,plan-2020,vectorsuite.md §5.3,,,,
PANEL-0302,Panels/Transparency,panel,Transparency,page isolated blending/knockout,,,,,,,3,in,planned,plan-2020,vectorsuite.md §5.3,,,,
PANEL-0303,Panels/Variables,panel,Variables,(panel),,,,"Window menu entry, panel menu, docking",,,11,in,planned,plan-2020,vectorsuite.md §5.3,,,,
PANEL-0304,Panels/Variables,panel,Variables,New variable,,,,"text, linked file, graph data, visibility",,,11,in,planned,plan-2020,vectorsuite.md §5.3,,,,
PANEL-0305,Panels/Variables,panel,Variables,bind/unbind,,,,,,,11,in,planned,plan-2020,vectorsuite.md §5.3,,,,
PANEL-0306,Panels/Variables,panel,Variables,data sets,,,,"capture, next/previous, rename, delete",,,11,in,planned,plan-2020,vectorsuite.md §5.3,,,,
PANEL-0307,Panels/Variables,panel,Variables,import and export XML variable library,,,,,,,11,in,planned,plan-2020,vectorsuite.md §5.3,,,,
PANEL-0308,Panels/Type → Tabs,panel,Type → Tabs,(panel),,,,"Window menu entry, panel menu, docking",,,5,in,planned,plan-2020,vectorsuite.md §5.3,,,,
PANEL-0309,Panels/Type → Tabs,panel,Type → Tabs,Tab ruler: left,,,,,,,5,in,planned,plan-2020,vectorsuite.md §5.3,,,,
PANEL-0310,Panels/Type → Tabs,panel,Type → Tabs,centre,,,,,,,5,in,planned,plan-2020,vectorsuite.md §5.3,,,,
PANEL-0311,Panels/Type → Tabs,panel,Type → Tabs,right and decimal tabs,,,,,,,5,in,planned,plan-2020,vectorsuite.md §5.3,,,,
PANEL-0312,Panels/Type → Tabs,panel,Type → Tabs,leader,,,,,,,5,in,planned,plan-2020,vectorsuite.md §5.3,,,,
PANEL-0313,Panels/Type → Tabs,panel,Type → Tabs,align on,,,,,,,5,in,planned,plan-2020,vectorsuite.md §5.3,,,,
PANEL-0314,Panels/Type → Tabs,panel,Type → Tabs,snap to unit,,,,,,,5,in,planned,plan-2020,vectorsuite.md §5.3,,,,
PANEL-0315,Panels/Type → Tabs,panel,Type → Tabs,repeat tab,,,,,,,5,in,planned,plan-2020,vectorsuite.md §5.3,,,,
PANEL-0316,Panels/Workspace / Extensions / Toolbars,panel,Workspace / Extensions / Toolbars,(panel),,,,"Menus, as in §5.1",,,1,in,planned,plan-2020,vectorsuite.md §5.3,,,,
PANEL-0317,Panels/Libraries of libraries,panel,Libraries of libraries,(panel),,,,"Window menu entry, panel menu, docking",,,1,in,planned,plan-2020,vectorsuite.md §5.3,,,,
PANEL-0318,Panels/Libraries of libraries,panel,Libraries of libraries,Swatch,,,,,,,1,in,planned,plan-2020,vectorsuite.md §5.3,,,,
PANEL-0319,Panels/Libraries of libraries,panel,Libraries of libraries,Brush,,,,,,,1,in,planned,plan-2020,vectorsuite.md §5.3,,,,
PANEL-0320,Panels/Libraries of libraries,panel,Libraries of libraries,Graphic Style and Symbol library windows,,,,,,,1,in,planned,plan-2020,vectorsuite.md §5.3,,,,
PANEL-0321,Panels/Libraries of libraries,panel,Libraries of libraries,including the stock libraries shipped with the app,,,,"content needs its own licensing review, §9",,,1,in,planned,plan-2020,vectorsuite.md §5.3,,,,
MENU-0001,Menus/File,menu,File > New,Shortcut,Ctrl+N,,key,,new,,6,in,partial,verified,vectorsuite.md §5.4; docs/parity/shortcuts-30.1.csv (licensed 30.1),,"Keyboard Shortcuts export, licensed Illustrator 30.1.0 (Windows keys)",2026-09-24,file.newDialog @ crates/ui-egui/src/menus.rs:144
MENU-0002,Menus/File,menu,File > New from Template,Shortcut,Shift+Ctrl+N,,key,,newFromTemplate,,6,in,partial,verified,vectorsuite.md §5.4; docs/parity/shortcuts-30.1.csv (licensed 30.1),,"Keyboard Shortcuts export, licensed Illustrator 30.1.0 (Windows keys)",2026-09-24,file.newFromTemplate @ crates/engine/src/cmd/fileio/load.rs:281
MENU-0003,Menus/File,menu,File > Open,Shortcut,Ctrl+O,,key,,open,,6,in,partial,verified,vectorsuite.md §5.4; docs/parity/shortcuts-30.1.csv (licensed 30.1),,"Keyboard Shortcuts export, licensed Illustrator 30.1.0 (Windows keys)",2026-09-24,file.open @ crates/ui-egui/src/menus.rs:59
MENU-0004,Menus/File,menu,File > Open Recent,,,,,[not listed in 30.1's Keyboard Shortcuts dialog under this name; confirm in the menu],,,6,in,planned,plan-2020,vectorsuite.md §5.4,,,,
MENU-0005,Menus/File,menu,File > Close,Shortcut,Ctrl+W,,key,,close,,6,in,partial,verified,vectorsuite.md §5.4; docs/parity/shortcuts-30.1.csv (licensed 30.1),,"Keyboard Shortcuts export, licensed Illustrator 30.1.0 (Windows keys)",2026-09-24,file.close @ crates/engine/src/cmd/edit.rs:25
MENU-0006,Menus/File,menu,File > Save,Shortcut,Ctrl+S,,key,,save,,6,in,partial,verified,vectorsuite.md §5.4; docs/parity/shortcuts-30.1.csv (licensed 30.1),,"Keyboard Shortcuts export, licensed Illustrator 30.1.0 (Windows keys)",2026-09-24,file.save @ crates/ui-egui/src/menus.rs:61
MENU-0007,Menus/File,menu,File > Save As,Shortcut,Shift+Ctrl+S,,key,,saveas,,6,in,partial,verified,vectorsuite.md §5.4; docs/parity/shortcuts-30.1.csv (licensed 30.1),,"Keyboard Shortcuts export, licensed Illustrator 30.1.0 (Windows keys)",2026-09-24,file.saveAs @ crates/engine/src/cmd/fileio/save.rs:54
MENU-0008,Menus/File,menu,File > Save a Copy,Shortcut,Alt+Ctrl+S,,key,,saveacopy,,6,in,partial,verified,vectorsuite.md §5.4; docs/parity/shortcuts-30.1.csv (licensed 30.1),,"Keyboard Shortcuts export, licensed Illustrator 30.1.0 (Windows keys)",2026-09-24,file.saveCopy @ crates/engine/src/cmd/fileio/save.rs:55
MENU-0009,Menus/File,menu,File > Save as Template,,,,,,saveasTemplate,,6,in,partial,verified,vectorsuite.md §5.4; docs/parity/shortcuts-30.1.csv (licensed 30.1),,"Keyboard Shortcuts export, licensed Illustrator 30.1.0 (Windows keys)",2026-09-24,file.saveAsTemplate @ crates/engine/src/cmd/fileio/save.rs:56
MENU-0010,Menus/File,menu,File > Save Selected Slices,,,,,[not listed in 30.1's Keyboard Shortcuts dialog under this name; confirm in the menu],Adobe AI Save Selected Slices,,10,in,planned,verified,vectorsuite.md §5.4; docs/parity/menu-commands-30.1.csv,,30.1 .kys and shortcut export (licensed Illustrator 30.1.0),2026-09-24,
MENU-0011,Menus/File,menu,File > Revert,,,,,[not listed in 30.1's Keyboard Shortcuts dialog under this name; confirm in the menu],revert,,6,in,partial,verified,vectorsuite.md §5.4; docs/parity/menu-commands-30.1.csv,,30.1 .kys and shortcut export (licensed Illustrator 30.1.0),2026-09-24,file.revert @ crates/engine/src/cmd/fileio/save.rs:491
MENU-0012,Menus/File,menu,File > Place,Shortcut,Shift+Ctrl+P,,key,,AI Place,,6,in,partial,verified,vectorsuite.md §5.4; docs/parity/shortcuts-30.1.csv (licensed 30.1),,"Keyboard Shortcuts export, licensed Illustrator 30.1.0 (Windows keys)",2026-09-24,file.place @ crates/engine/src/cmd/place/mod.rs:40
MENU-0013,Menus/File,menu,File > Package,Shortcut,Alt+Shift+Ctrl+P,,key,,Package Menu Item,,6,in,partial,verified,vectorsuite.md §5.4; docs/parity/shortcuts-30.1.csv (licensed 30.1),,"Keyboard Shortcuts export, licensed Illustrator 30.1.0 (Windows keys)",2026-09-24,ui.packageDialog @ crates/ui-egui/src/menus.rs:532
MENU-0014,Menus/File,menu,File > Export,,,,,,export,,6,in,n/a,verified,vectorsuite.md §5.4; docs/parity/shortcuts-30.1.csv (licensed 30.1),,"Keyboard Shortcuts export, licensed Illustrator 30.1.0 (Windows keys)",2026-09-24,
MENU-0015,Menus/File,menu,File > Export > Export for Screens,Shortcut,Alt+Ctrl+E,,key,,exportForScreens,,10,in,partial,verified,vectorsuite.md §5.4; docs/parity/shortcuts-30.1.csv (licensed 30.1),,"Keyboard Shortcuts export, licensed Illustrator 30.1.0 (Windows keys)",2026-09-24,file.exportForScreens @ crates/ui-egui/src/menus.rs:138
MENU-0016,Menus/File,menu,File > Export > Export As,,,,,,,,6,in,partial,verified,vectorsuite.md §5.4; docs/parity/shortcuts-30.1.csv (licensed 30.1),,"Keyboard Shortcuts export, licensed Illustrator 30.1.0 (Windows keys)",2026-09-24,file.exportAs @ crates/ui-egui/src/menus.rs:457
MENU-0017,Menus/File,menu,File > Export > Save for Web (Legacy),Shortcut,Alt+Shift+Ctrl+S,,key,,,,10,in,partial,verified,vectorsuite.md §5.4; docs/parity/shortcuts-30.1.csv (licensed 30.1),,"Keyboard Shortcuts export, licensed Illustrator 30.1.0 (Windows keys)",2026-09-24,file.saveForWeb @ crates/ui-egui/src/menus.rs:551
MENU-0018,Menus/File,menu,File > Export Selection,,,,,[not listed in 30.1's Keyboard Shortcuts dialog under this name; confirm in the menu],exportSelection,,10,in,partial,verified,vectorsuite.md §5.4; docs/parity/menu-commands-30.1.csv,,30.1 .kys and shortcut export (licensed Illustrator 30.1.0),2026-09-24,file.exportSelection @ crates/ui-egui/src/menus.rs:563
MENU-0019,Menus/File,menu,File > Scripts,,,,,,,,11,in,n/a,verified,vectorsuite.md §5.4; docs/parity/shortcuts-30.1.csv (licensed 30.1),,"Keyboard Shortcuts export, licensed Illustrator 30.1.0 (Windows keys)",2026-09-24,
MENU-0020,Menus/File,menu,File > Scripts > Installed scripts list,,,,,[not listed in 30.1's Keyboard Shortcuts dialog under this name; confirm in the menu],,,11,in,planned,plan-2020,vectorsuite.md §5.4,,,,
MENU-0021,Menus/File,menu,File > Scripts > Other Script…,Shortcut,Ctrl+F12,,key,,ai_browse_for_script,,11,in,planned,verified,vectorsuite.md §5.4; docs/parity/shortcuts-30.1.csv (licensed 30.1),,"Keyboard Shortcuts export, licensed Illustrator 30.1.0 (Windows keys)",2026-09-24,
MENU-0022,Menus/File,menu,File > Document Setup,Shortcut,Alt+Ctrl+P,,key,"Dialog fields: units, bleed, show images in outline, highlight substituted fonts/glyphs, transparency grid, simulate coloured paper, flattener settings, type options: language, quotes, superscript/subscript/small-caps sizes and positions, export: preserve text editability / appearance",document,,10,in,partial,verified,vectorsuite.md §5.4; docs/parity/shortcuts-30.1.csv (licensed 30.1),,"Keyboard Shortcuts export, licensed Illustrator 30.1.0 (Windows keys)",2026-09-24,file.documentSetup @ crates/ui-egui/src/menus.rs:143
MENU-0023,Menus/File,menu,File > Document Color Mode,,,,,,,,3,in,n/a,verified,vectorsuite.md §5.4; docs/parity/shortcuts-30.1.csv (licensed 30.1),,"Keyboard Shortcuts export, licensed Illustrator 30.1.0 (Windows keys)",2026-09-24,
MENU-0024,Menus/File,menu,File > File Info,Shortcut,Alt+Shift+Ctrl+I,,key,,File Info,,10,in,partial,verified,vectorsuite.md §5.4; docs/parity/shortcuts-30.1.csv (licensed 30.1),,"Keyboard Shortcuts export, licensed Illustrator 30.1.0 (Windows keys)",2026-09-24,file.info @ crates/engine/src/cmd/docmenu.rs:171
MENU-0025,Menus/File,menu,File > File Info > XMP,,,,,[not listed in 30.1's Keyboard Shortcuts dialog under this name; confirm in the menu],,,10,in,planned,plan-2020,vectorsuite.md §5.4,,,,
MENU-0026,Menus/File,menu,File > Print,Shortcut,Ctrl+P,,key,,Print,,10,in,partial,verified,vectorsuite.md §5.4; docs/parity/shortcuts-30.1.csv (licensed 30.1),,"Keyboard Shortcuts export, licensed Illustrator 30.1.0 (Windows keys)",2026-09-24,file.print @ crates/engine/src/cmd/print.rs:38
MENU-0027,Menus/File,menu,File > Exit,Shortcut,Ctrl+Q,,key,,quit,,6,in,planned,verified,vectorsuite.md §5.4; docs/parity/shortcuts-30.1.csv (licensed 30.1),,"Keyboard Shortcuts export, licensed Illustrator 30.1.0 (Windows keys)",2026-09-24,
MENU-0028,Menus/Edit,menu,Edit > Undo,Shortcut,Ctrl+Z,,key,,undo,,2,in,partial,verified,vectorsuite.md §5.4; docs/parity/shortcuts-30.1.csv (licensed 30.1),,"Keyboard Shortcuts export, licensed Illustrator 30.1.0 (Windows keys)",2026-09-24,edit.undo @ crates/engine/src/cmd/clipboard.rs:249
MENU-0029,Menus/Edit,menu,Edit > Redo,Shortcut,Shift+Ctrl+Z,,key,,redo,,2,in,partial,verified,vectorsuite.md §5.4; docs/parity/shortcuts-30.1.csv (licensed 30.1),,"Keyboard Shortcuts export, licensed Illustrator 30.1.0 (Windows keys)",2026-09-24,edit.redo @ crates/engine/src/cmd/edit.rs:40
MENU-0030,Menus/Edit,menu,Edit > Cut,Shortcut,Ctrl+X,,key,,cut,,2,in,partial,verified,vectorsuite.md §5.4; docs/parity/shortcuts-30.1.csv (licensed 30.1),,"Keyboard Shortcuts export, licensed Illustrator 30.1.0 (Windows keys)",2026-09-24,edit.cut @ crates/engine/src/cmd/edit.rs:41
MENU-0031,Menus/Edit,menu,Edit > Copy,Shortcut,Ctrl+C,,key,,copy,,2,in,partial,verified,vectorsuite.md §5.4; docs/parity/shortcuts-30.1.csv (licensed 30.1),,"Keyboard Shortcuts export, licensed Illustrator 30.1.0 (Windows keys)",2026-09-24,edit.copy @ crates/engine/src/cmd/clipboard.rs:227
MENU-0032,Menus/Edit,menu,Edit > Paste,Shortcut,Ctrl+V,,key,,paste,,2,in,partial,verified,vectorsuite.md §5.4; docs/parity/shortcuts-30.1.csv (licensed 30.1),,"Keyboard Shortcuts export, licensed Illustrator 30.1.0 (Windows keys)",2026-09-24,edit.paste @ crates/engine/src/cmd/clipboard.rs:253
MENU-0033,Menus/Edit,menu,Edit > Paste in Front,Shortcut,Ctrl+F,,key,,pasteFront,,2,in,partial,verified,vectorsuite.md §5.4; docs/parity/shortcuts-30.1.csv (licensed 30.1),,"Keyboard Shortcuts export, licensed Illustrator 30.1.0 (Windows keys)",2026-09-24,edit.pasteInFront @ crates/engine/src/cmd/edit.rs:53
MENU-0034,Menus/Edit,menu,Edit > Paste in Back,Shortcut,Ctrl+B,,key,,pasteBack,,2,in,partial,verified,vectorsuite.md §5.4; docs/parity/shortcuts-30.1.csv (licensed 30.1),,"Keyboard Shortcuts export, licensed Illustrator 30.1.0 (Windows keys)",2026-09-24,edit.pasteInBack @ crates/engine/src/cmd/edit.rs:62
MENU-0035,Menus/Edit,menu,Edit > Paste in Place,Shortcut,Shift+Ctrl+V,,key,,pasteInPlace,,6,in,partial,verified,vectorsuite.md §5.4; docs/parity/shortcuts-30.1.csv (licensed 30.1),,"Keyboard Shortcuts export, licensed Illustrator 30.1.0 (Windows keys)",2026-09-24,edit.pasteInPlace @ crates/engine/src/cmd/clipboard.rs:233
MENU-0036,Menus/Edit,menu,Edit > Paste on All Artboards,Shortcut,Alt+Shift+Ctrl+V,,key,,pasteInAllArtboard,,2,in,partial,verified,vectorsuite.md §5.4; docs/parity/shortcuts-30.1.csv (licensed 30.1),,"Keyboard Shortcuts export, licensed Illustrator 30.1.0 (Windows keys)",2026-09-24,edit.pasteOnAllArtboards @ crates/engine/src/cmd/edit.rs:80
MENU-0037,Menus/Edit,menu,Edit > Paste without Formatting,Shortcut,Alt+Ctrl+V,,key,,pasteWithoutFormatting,,2,in,partial,verified,vectorsuite.md §5.4; docs/parity/shortcuts-30.1.csv (licensed 30.1),,"Keyboard Shortcuts export, licensed Illustrator 30.1.0 (Windows keys)",2026-09-24,edit.pasteWithoutFormatting @ crates/engine/src/cmd/typemenu.rs:96
MENU-0038,Menus/Edit,menu,Edit > Clear,,,,,,clear,,2,in,partial,verified,vectorsuite.md §5.4; docs/parity/shortcuts-30.1.csv (licensed 30.1),,"Keyboard Shortcuts export, licensed Illustrator 30.1.0 (Windows keys)",2026-09-24,edit.clear @ crates/engine/src/cmd/edit.rs:88
MENU-0039,Menus/Edit,menu,Edit > Find and Replace,,,,,,Find and Replace,,5,in,partial,verified,vectorsuite.md §5.4; docs/parity/shortcuts-30.1.csv (licensed 30.1),,"Keyboard Shortcuts export, licensed Illustrator 30.1.0 (Windows keys)",2026-09-24,edit.findReplace @ crates/engine/src/cmd/typemenu.rs:78
MENU-0040,Menus/Edit,menu,Edit > Find Next,,,,,,Find Next,,2,in,partial,verified,vectorsuite.md §5.4; docs/parity/shortcuts-30.1.csv (licensed 30.1),,"Keyboard Shortcuts export, licensed Illustrator 30.1.0 (Windows keys)",2026-09-24,edit.findNext @ crates/engine/src/cmd/typemenu.rs:87
MENU-0041,Menus/Edit,menu,Edit > Spelling,,,,,,,,5,in,n/a,verified,vectorsuite.md §5.4; docs/parity/shortcuts-30.1.csv (licensed 30.1),,"Keyboard Shortcuts export, licensed Illustrator 30.1.0 (Windows keys)",2026-09-24,
MENU-0042,Menus/Edit,menu,Edit > Spelling > Check Spelling,Shortcut,Ctrl+I,,key,,Check Spelling,,5,in,planned,verified,vectorsuite.md §5.4; docs/parity/shortcuts-30.1.csv (licensed 30.1),,"Keyboard Shortcuts export, licensed Illustrator 30.1.0 (Windows keys)",2026-09-24,
MENU-0043,Menus/Edit,menu,Edit > Spelling > Edit Custom Dictionary,,,,,,,,5,in,planned,verified,vectorsuite.md §5.4; docs/parity/shortcuts-30.1.csv (licensed 30.1),,"Keyboard Shortcuts export, licensed Illustrator 30.1.0 (Windows keys)",2026-09-24,
MENU-0044,Menus/Edit,menu,Edit > Spelling > Auto Spell Check,,,,,[not listed in 30.1's Keyboard Shortcuts dialog under this name; confirm in the menu],,24.0,5,in,planned,plan-2020,vectorsuite.md §5.4,,,,
MENU-0045,Menus/Edit,menu,Edit > Edit Colors,,,,,,,,3,in,n/a,verified,vectorsuite.md §5.4; docs/parity/shortcuts-30.1.csv (licensed 30.1),,"Keyboard Shortcuts export, licensed Illustrator 30.1.0 (Windows keys)",2026-09-24,
MENU-0046,Menus/Edit,menu,Edit > Edit Colors > Recolor Artwork,,,,,,Recolor Art Dialog,,3,in,partial,verified,vectorsuite.md §5.4; docs/parity/shortcuts-30.1.csv (licensed 30.1),,"Keyboard Shortcuts export, licensed Illustrator 30.1.0 (Windows keys)",2026-09-24,ui.recolorDialog @ crates/ui-egui/src/menus.rs:230
MENU-0047,Menus/Edit,menu,Edit > Edit Colors > Adjust Color Balance,,,,,,Adjust3,,3,in,partial,verified,vectorsuite.md §5.4; docs/parity/shortcuts-30.1.csv (licensed 30.1),,"Keyboard Shortcuts export, licensed Illustrator 30.1.0 (Windows keys)",2026-09-24,ui.colorBalanceDialog @ crates/ui-egui/src/menus.rs:288
MENU-0048,Menus/Edit,menu,Edit > Edit Colors > Blend Front to Back,,,,,,Colors3,,8,in,partial,verified,vectorsuite.md §5.4; docs/parity/shortcuts-30.1.csv (licensed 30.1),,"Keyboard Shortcuts export, licensed Illustrator 30.1.0 (Windows keys)",2026-09-24,edit.colors.blendFrontToBack @ crates/engine/src/cmd/colorcmds.rs:85
MENU-0049,Menus/Edit,menu,Edit > Edit Colors > Blend Horizontally,,,,,,Colors4,,8,in,partial,verified,vectorsuite.md §5.4; docs/parity/shortcuts-30.1.csv (licensed 30.1),,"Keyboard Shortcuts export, licensed Illustrator 30.1.0 (Windows keys)",2026-09-24,edit.colors.blendHorizontally @ crates/engine/src/cmd/colorcmds.rs:94
MENU-0050,Menus/Edit,menu,Edit > Edit Colors > Blend Vertically,,,,,,Colors5,,8,in,partial,verified,vectorsuite.md §5.4; docs/parity/shortcuts-30.1.csv (licensed 30.1),,"Keyboard Shortcuts export, licensed Illustrator 30.1.0 (Windows keys)",2026-09-24,edit.colors.blendVertically @ crates/engine/src/cmd/colorcmds.rs:103
MENU-0051,Menus/Edit,menu,Edit > Edit Colors > Convert to CMYK / Grayscale / RGB,,,,,[not listed in 30.1's Keyboard Shortcuts dialog under this name; confirm in the menu],,,3,in,planned,plan-2020,vectorsuite.md §5.4,,,,
MENU-0052,Menus/Edit,menu,Edit > Edit Colors > Invert Colors,,,,,,Colors6,,3,in,partial,verified,vectorsuite.md §5.4; docs/parity/shortcuts-30.1.csv (licensed 30.1),,"Keyboard Shortcuts export, licensed Illustrator 30.1.0 (Windows keys)",2026-09-24,edit.colors.invert @ crates/engine/src/cmd/colorcmds.rs:26
MENU-0053,Menus/Edit,menu,Edit > Edit Colors > Overprint Black,,,,,,Overprint2,,10,in,partial,verified,vectorsuite.md §5.4; docs/parity/shortcuts-30.1.csv (licensed 30.1),,"Keyboard Shortcuts export, licensed Illustrator 30.1.0 (Windows keys)",2026-09-24,edit.colors.overprintBlack @ crates/engine/src/cmd/colormgmt.rs:112
MENU-0054,Menus/Edit,menu,Edit > Edit Colors > Saturate,,,,,,Saturate3,,3,in,partial,verified,vectorsuite.md §5.4; docs/parity/shortcuts-30.1.csv (licensed 30.1),,"Keyboard Shortcuts export, licensed Illustrator 30.1.0 (Windows keys)",2026-09-24,ui.saturateDialog @ crates/ui-egui/src/menus.rs:294
MENU-0055,Menus/Edit,menu,Edit > Edit Original,,,,,,EditOriginal Menu Item,,2,in,partial,verified,vectorsuite.md §5.4; docs/parity/shortcuts-30.1.csv (licensed 30.1),,"Keyboard Shortcuts export, licensed Illustrator 30.1.0 (Windows keys)",2026-09-24,links.editOriginal @ crates/ui-egui/src/menus.rs:514
MENU-0056,Menus/Edit,menu,Edit > Transparency Flattener Presets,,,,,,Transparency Presets,,8,in,partial,verified,vectorsuite.md §5.4; docs/parity/shortcuts-30.1.csv (licensed 30.1),,"Keyboard Shortcuts export, licensed Illustrator 30.1.0 (Windows keys)",2026-09-24,ui.flattenerPresetsDialog @ crates/ui-egui/src/menus.rs:370
MENU-0057,Menus/Edit,menu,Edit > Tracing Presets,,,,,[not listed in 30.1's Keyboard Shortcuts dialog under this name; confirm in the menu] [not found in 30.1's .kys or shortcut export: removed or renamed? check the menu],TracingPresets,,9,in,planned,unverified,vectorsuite.md §5.4,,,,
MENU-0058,Menus/Edit,menu,Edit > Print Presets,,,,,,Print Presets,,10,in,partial,verified,vectorsuite.md §5.4; docs/parity/shortcuts-30.1.csv (licensed 30.1),,"Keyboard Shortcuts export, licensed Illustrator 30.1.0 (Windows keys)",2026-09-24,ui.printPresetsDialog @ crates/ui-egui/src/menus.rs:594
MENU-0059,Menus/Edit,menu,Edit > Adobe PDF Presets,,,,,,PDF Presets,,2,in,planned,verified,vectorsuite.md §5.4; docs/parity/shortcuts-30.1.csv (licensed 30.1),,"Keyboard Shortcuts export, licensed Illustrator 30.1.0 (Windows keys)",2026-09-24,
MENU-0060,Menus/Edit,menu,Edit > Perspective Grid Presets,,,,,[not listed in 30.1's Keyboard Shortcuts dialog under this name; confirm in the menu],PerspectiveGridPresets,,8,in,partial,verified,vectorsuite.md §5.4; docs/parity/menu-commands-30.1.csv,,30.1 .kys and shortcut export (licensed Illustrator 30.1.0),2026-09-24,ui.perspectivePresetsDialog @ crates/ui-egui/src/menus.rs:624
MENU-0061,Menus/Edit,menu,Edit > Color Settings,Shortcut,Shift+Ctrl+K,,key,,color,,10,in,partial,verified,vectorsuite.md §5.4; docs/parity/shortcuts-30.1.csv (licensed 30.1),,"Keyboard Shortcuts export, licensed Illustrator 30.1.0 (Windows keys)",2026-09-24,edit.colorSettings @ crates/engine/src/cmd/colormgmt.rs:27
MENU-0062,Menus/Edit,menu,Edit > Assign Profile,,,,,,assignprofile,,10,in,partial,verified,vectorsuite.md §5.4; docs/parity/shortcuts-30.1.csv (licensed 30.1),,"Keyboard Shortcuts export, licensed Illustrator 30.1.0 (Windows keys)",2026-09-24,edit.assignProfile @ crates/engine/src/cmd/colormgmt.rs:45
MENU-0063,Menus/Edit,menu,Edit > Keyboard Shortcuts,Shortcut,Alt+Shift+Ctrl+K,,key,,KBSC Menu Item,,2,in,partial,verified,vectorsuite.md §5.4; docs/parity/shortcuts-30.1.csv (licensed 30.1),,"Keyboard Shortcuts export, licensed Illustrator 30.1.0 (Windows keys)",2026-09-24,edit.keyboardShortcuts @ crates/ui-egui/src/menus.rs:147
MENU-0064,Menus/Edit,menu,Edit > Preferences,,,,,,,,2,in,partial,verified,vectorsuite.md §5.4; docs/parity/shortcuts-30.1.csv (licensed 30.1),,"Keyboard Shortcuts export, licensed Illustrator 30.1.0 (Windows keys)",2026-09-24,edit.preferences @ crates/ui-egui/src/menus.rs:146
MENU-0065,Menus/Object,menu,Object > Transform,,,,,,,,2,in,n/a,verified,vectorsuite.md §5.4; docs/parity/shortcuts-30.1.csv (licensed 30.1),,"Keyboard Shortcuts export, licensed Illustrator 30.1.0 (Windows keys)",2026-09-24,
MENU-0066,Menus/Object,menu,Object > Transform > Transform Again,Shortcut,Ctrl+D,,key,,transformagain,,2,in,partial,verified,vectorsuite.md §5.4; docs/parity/shortcuts-30.1.csv (licensed 30.1),,"Keyboard Shortcuts export, licensed Illustrator 30.1.0 (Windows keys)",2026-09-24,object.transformAgain @ crates/engine/src/cmd/object.rs:64
MENU-0067,Menus/Object,menu,Object > Transform > Move,Shortcut,Shift+Ctrl+M,,key,,transformmove,,2,in,partial,verified,vectorsuite.md §5.4; docs/parity/shortcuts-30.1.csv (licensed 30.1),,"Keyboard Shortcuts export, licensed Illustrator 30.1.0 (Windows keys)",2026-09-24,object.move @ crates/engine/src/cmd/fonts.rs:341
MENU-0068,Menus/Object,menu,Object > Transform > Rotate,,,,,,transformrotate,,2,in,partial,verified,vectorsuite.md §5.4; docs/parity/shortcuts-30.1.csv (licensed 30.1),,"Keyboard Shortcuts export, licensed Illustrator 30.1.0 (Windows keys)",2026-09-24,object.rotate @ crates/engine/src/cmd/object.rs:29
MENU-0069,Menus/Object,menu,Object > Transform > Reflect,,,,,,transformreflect,,2,in,partial,verified,vectorsuite.md §5.4; docs/parity/shortcuts-30.1.csv (licensed 30.1),,"Keyboard Shortcuts export, licensed Illustrator 30.1.0 (Windows keys)",2026-09-24,object.reflect @ crates/engine/src/cmd/object.rs:47
MENU-0070,Menus/Object,menu,Object > Transform > Scale,,,,,,transformscale,,2,in,partial,verified,vectorsuite.md §5.4; docs/parity/shortcuts-30.1.csv (licensed 30.1),,"Keyboard Shortcuts export, licensed Illustrator 30.1.0 (Windows keys)",2026-09-24,object.scale @ crates/engine/src/cmd/object.rs:38
MENU-0071,Menus/Object,menu,Object > Transform > Shear,,,,,,transformshear,,2,in,partial,verified,vectorsuite.md §5.4; docs/parity/shortcuts-30.1.csv (licensed 30.1),,"Keyboard Shortcuts export, licensed Illustrator 30.1.0 (Windows keys)",2026-09-24,object.shear @ crates/engine/src/cmd/object.rs:56
MENU-0072,Menus/Object,menu,Object > Transform > Transform Each,,,,,"Dialog fields: scale, move, rotate, reflect X/Y, random, reference point, copy [not listed in 30.1's Keyboard Shortcuts dialog under this name; confirm in the menu]",Transform v23,,2,in,partial,verified,vectorsuite.md §5.4; docs/parity/menu-commands-30.1.csv,,30.1 .kys and shortcut export (licensed Illustrator 30.1.0),2026-09-24,object.transformEach @ crates/engine/src/cmd/menucmds.rs:74
MENU-0073,Menus/Object,menu,Object > Transform > Reset Bounding Box,,,,,,AI Reset Bounding Box,,2,in,partial,verified,vectorsuite.md §5.4; docs/parity/shortcuts-30.1.csv (licensed 30.1),,"Keyboard Shortcuts export, licensed Illustrator 30.1.0 (Windows keys)",2026-09-24,object.resetBoundingBox @ crates/engine/src/cmd/menucmds.rs:83
MENU-0074,Menus/Object,menu,Object > Arrange,,,,,,,,2,in,n/a,verified,vectorsuite.md §5.4; docs/parity/shortcuts-30.1.csv (licensed 30.1),,"Keyboard Shortcuts export, licensed Illustrator 30.1.0 (Windows keys)",2026-09-24,
MENU-0075,Menus/Object,menu,Object > Arrange > Bring to Front,Shortcut,Shift+Ctrl+],,key,,sendToFront,,2,in,partial,verified,vectorsuite.md §5.4; docs/parity/shortcuts-30.1.csv (licensed 30.1),,"Keyboard Shortcuts export, licensed Illustrator 30.1.0 (Windows keys)",2026-09-24,object.arrange.bringToFront @ crates/engine/src/cmd/object.rs:74
MENU-0076,Menus/Object,menu,Object > Arrange > Bring Forward,Shortcut,Ctrl+],,key,,sendForward,,2,in,partial,verified,vectorsuite.md §5.4; docs/parity/shortcuts-30.1.csv (licensed 30.1),,"Keyboard Shortcuts export, licensed Illustrator 30.1.0 (Windows keys)",2026-09-24,object.arrange.bringForward @ crates/engine/src/cmd/object.rs:78
MENU-0077,Menus/Object,menu,Object > Arrange > Send Backward,Shortcut,Ctrl+[,,key,,sendBackward,,2,in,partial,verified,vectorsuite.md §5.4; docs/parity/shortcuts-30.1.csv (licensed 30.1),,"Keyboard Shortcuts export, licensed Illustrator 30.1.0 (Windows keys)",2026-09-24,object.arrange.sendBackward @ crates/engine/src/cmd/object.rs:82
MENU-0078,Menus/Object,menu,Object > Arrange > Send to Back,Shortcut,Shift+Ctrl+[,,key,,sendToBack,,2,in,partial,verified,vectorsuite.md §5.4; docs/parity/shortcuts-30.1.csv (licensed 30.1),,"Keyboard Shortcuts export, licensed Illustrator 30.1.0 (Windows keys)",2026-09-24,object.arrange.sendToBack @ crates/engine/src/cmd/object.rs:86
MENU-0079,Menus/Object,menu,Object > Arrange > Send to Current Layer,,,,,,Selection Hat 2,,2,in,partial,verified,vectorsuite.md §5.4; docs/parity/shortcuts-30.1.csv (licensed 30.1),,"Keyboard Shortcuts export, licensed Illustrator 30.1.0 (Windows keys)",2026-09-24,object.arrange.sendToCurrentLayer @ crates/engine/src/cmd/object.rs:90
MENU-0080,Menus/Object,menu,Object > Align,,,,,,,,2,in,n/a,verified,vectorsuite.md §5.4; docs/parity/shortcuts-30.1.csv (licensed 30.1),,"Keyboard Shortcuts export, licensed Illustrator 30.1.0 (Windows keys)",2026-09-24,
MENU-0081,Menus/Object,menu,Object > Group,Shortcut,Ctrl+G,,key,,group,,2,in,partial,verified,vectorsuite.md §5.4; docs/parity/shortcuts-30.1.csv (licensed 30.1),,"Keyboard Shortcuts export, licensed Illustrator 30.1.0 (Windows keys)",2026-09-24,object.group @ crates/engine/src/cmd/effectcmd.rs:565
MENU-0082,Menus/Object,menu,Object > Ungroup,Shortcut,Shift+Ctrl+G,,key,,ungroup,,2,in,partial,verified,vectorsuite.md §5.4; docs/parity/shortcuts-30.1.csv (licensed 30.1),,"Keyboard Shortcuts export, licensed Illustrator 30.1.0 (Windows keys)",2026-09-24,object.ungroup @ crates/engine/src/cmd/object.rs:92
MENU-0083,Menus/Object,menu,Object > Lock,,,,,,,,2,in,n/a,verified,vectorsuite.md §5.4; docs/parity/shortcuts-30.1.csv (licensed 30.1),,"Keyboard Shortcuts export, licensed Illustrator 30.1.0 (Windows keys)",2026-09-24,
MENU-0084,Menus/Object,menu,Object > Lock > Selection,Shortcut,Ctrl+2,,key,,lock,,2,in,partial,verified,vectorsuite.md §5.4; docs/parity/shortcuts-30.1.csv (licensed 30.1),,"Keyboard Shortcuts export, licensed Illustrator 30.1.0 (Windows keys)",2026-09-24,object.lock @ crates/engine/src/cmd/object.rs:93
MENU-0085,Menus/Object,menu,Object > Lock > All Artwork Above,,,,,,Selection Hat 5,,2,in,partial,verified,vectorsuite.md §5.4; docs/parity/shortcuts-30.1.csv (licensed 30.1),,"Keyboard Shortcuts export, licensed Illustrator 30.1.0 (Windows keys)",2026-09-24,object.lock.above @ crates/engine/src/cmd/menucmds.rs:38
MENU-0086,Menus/Object,menu,Object > Lock > Other Layers,,,,,,Selection Hat 7,,2,in,partial,verified,vectorsuite.md §5.4; docs/parity/shortcuts-30.1.csv (licensed 30.1),,"Keyboard Shortcuts export, licensed Illustrator 30.1.0 (Windows keys)",2026-09-24,object.lock.otherLayers @ crates/engine/src/cmd/menucmds.rs:47
MENU-0087,Menus/Object,menu,Object > Unlock All,Shortcut,Alt+Ctrl+2,,key,,unlockAll,,2,in,partial,verified,vectorsuite.md §5.4; docs/parity/shortcuts-30.1.csv (licensed 30.1),,"Keyboard Shortcuts export, licensed Illustrator 30.1.0 (Windows keys)",2026-09-24,object.unlockAll @ crates/engine/src/cmd/object.rs:94
MENU-0088,Menus/Object,menu,Object > Hide,,,,,,,,2,in,n/a,verified,vectorsuite.md §5.4; docs/parity/shortcuts-30.1.csv (licensed 30.1),,"Keyboard Shortcuts export, licensed Illustrator 30.1.0 (Windows keys)",2026-09-24,
MENU-0089,Menus/Object,menu,Object > Hide > Selection,Shortcut,Ctrl+2,,key,"Disputed 2026-10-08: claims Ctrl+2, which MENU-0084 (Object > Lock > Selection) also claims, so one of the two is mis-extracted. The app binds Cmd+3 here, and Unlock All / Show All are Alt+Ctrl+2 / Alt+Ctrl+3, which both suggest Ctrl+3 — unconfirmed. Probe on the licensed install.",hide,,2,in,partial,unverified,vectorsuite.md §5.4; docs/parity/shortcuts-30.1.csv (licensed 30.1),,"Keyboard Shortcuts export, licensed Illustrator 30.1.0 (Windows keys)",2026-09-24,object.hide @ crates/engine/src/cmd/object.rs:95
MENU-0090,Menus/Object,menu,Object > Hide > All Artwork Above,,,,,,Selection Hat 4,,2,in,partial,verified,vectorsuite.md §5.4; docs/parity/shortcuts-30.1.csv (licensed 30.1),,"Keyboard Shortcuts export, licensed Illustrator 30.1.0 (Windows keys)",2026-09-24,object.hide.above @ crates/engine/src/cmd/menucmds.rs:56
MENU-0091,Menus/Object,menu,Object > Hide > Other Layers,,,,,,Selection Hat 6,,2,in,partial,verified,vectorsuite.md §5.4; docs/parity/shortcuts-30.1.csv (licensed 30.1),,"Keyboard Shortcuts export, licensed Illustrator 30.1.0 (Windows keys)",2026-09-24,object.hide.otherLayers @ crates/engine/src/cmd/menucmds.rs:65
MENU-0092,Menus/Object,menu,Object > Show All,Shortcut,Alt+Ctrl+3,,key,,showAll,,2,in,partial,verified,vectorsuite.md §5.4; docs/parity/shortcuts-30.1.csv (licensed 30.1),,"Keyboard Shortcuts export, licensed Illustrator 30.1.0 (Windows keys)",2026-09-24,object.showAll @ crates/engine/src/cmd/object.rs:96
MENU-0093,Menus/Object,menu,Object > Expand,,,,,,Expand3,,2,in,partial,verified,vectorsuite.md §5.4; docs/parity/shortcuts-30.1.csv (licensed 30.1),,"Keyboard Shortcuts export, licensed Illustrator 30.1.0 (Windows keys)",2026-09-24,ui.expandDialog @ crates/ui-egui/src/menus.rs:415
MENU-0094,Menus/Object,menu,Object > Expand Appearance,,,,,,expandStyle,,3,in,partial,verified,vectorsuite.md §5.4; docs/parity/shortcuts-30.1.csv (licensed 30.1),,"Keyboard Shortcuts export, licensed Illustrator 30.1.0 (Windows keys)",2026-09-24,effect.expandAppearance @ crates/engine/src/cmd/effectcmd.rs:58
MENU-0095,Menus/Object,menu,Object > Crop Image,,,,,[not listed in 30.1's Keyboard Shortcuts dialog under this name; confirm in the menu],,,8,in,partial,plan-2020,vectorsuite.md §5.4,,,,object.cropImage @ crates/engine/src/cmd/menucmds.rs:110
MENU-0096,Menus/Object,menu,Object > Rasterize,,,,,,Rasterize 8 menu item,,8,in,partial,verified,vectorsuite.md §5.4; docs/parity/shortcuts-30.1.csv (licensed 30.1),,"Keyboard Shortcuts export, licensed Illustrator 30.1.0 (Windows keys)",2026-09-24,object.rasterize @ crates/engine/src/cmd/menucmds.rs:92
MENU-0097,Menus/Object,menu,Object > Create Gradient Mesh,,,,,,make mesh,,8,in,partial,verified,vectorsuite.md §5.4; docs/parity/shortcuts-30.1.csv (licensed 30.1),,"Keyboard Shortcuts export, licensed Illustrator 30.1.0 (Windows keys)",2026-09-24,object.mesh.create @ crates/engine/src/cmd/live.rs:227
MENU-0098,Menus/Object,menu,Object > Create Object Mosaic,,,,,[not listed in 30.1's Keyboard Shortcuts dialog under this name; confirm in the menu],AI Object Mosaic Plug-in4,,8,in,partial,verified,vectorsuite.md §5.4; docs/parity/menu-commands-30.1.csv,,30.1 .kys and shortcut export (licensed Illustrator 30.1.0),2026-09-24,object.createObjectMosaic @ crates/engine/src/cmd/menucmds.rs:101
MENU-0099,Menus/Object,menu,Object > Create Trim Marks,,,,,[not listed in 30.1's Keyboard Shortcuts dialog under this name; confirm in the menu],TrimMark v25,,8,in,partial,verified,vectorsuite.md §5.4; docs/parity/menu-commands-30.1.csv,,30.1 .kys and shortcut export (licensed Illustrator 30.1.0),2026-09-24,object.createTrimMarks @ crates/engine/src/cmd/menucmds.rs:119
MENU-0100,Menus/Object,menu,Object > Flatten Transparency,,,,,,Flatten Transparency,,8,in,partial,verified,vectorsuite.md §5.4; docs/parity/shortcuts-30.1.csv (licensed 30.1),,"Keyboard Shortcuts export, licensed Illustrator 30.1.0 (Windows keys)",2026-09-24,ui.flattenTransparencyDialog @ crates/ui-egui/src/menus.rs:364
MENU-0101,Menus/Object,menu,Object > Make Pixel Perfect,,,,,[not listed in 30.1's Keyboard Shortcuts dialog under this name; confirm in the menu],,,10,in,partial,plan-2020,vectorsuite.md §5.4,,,,object.makePixelPerfect @ crates/engine/src/cmd/docinfo.rs:25
MENU-0102,Menus/Object,menu,Object > Slice,,,,,,,,10,in,n/a,verified,vectorsuite.md §5.4; docs/parity/shortcuts-30.1.csv (licensed 30.1),,"Keyboard Shortcuts export, licensed Illustrator 30.1.0 (Windows keys)",2026-09-24,
MENU-0103,Menus/Object,menu,Object > Slice > Make,,,,,,AISlice Make Slice,,10,in,partial,verified,vectorsuite.md §5.4; docs/parity/shortcuts-30.1.csv (licensed 30.1),,"Keyboard Shortcuts export, licensed Illustrator 30.1.0 (Windows keys)",2026-09-24,object.slice.make @ crates/engine/src/cmd/slices.rs:23
MENU-0104,Menus/Object,menu,Object > Slice > Release,,,,,,AISlice Release Slice,,10,in,partial,verified,vectorsuite.md §5.4; docs/parity/shortcuts-30.1.csv (licensed 30.1),,"Keyboard Shortcuts export, licensed Illustrator 30.1.0 (Windows keys)",2026-09-24,object.slice.release @ crates/engine/src/cmd/slices.rs:32
MENU-0105,Menus/Object,menu,Object > Slice > Create from Guides,,,,,,AISlice Create from Guides,,10,in,partial,verified,vectorsuite.md §5.4; docs/parity/shortcuts-30.1.csv (licensed 30.1),,"Keyboard Shortcuts export, licensed Illustrator 30.1.0 (Windows keys)",2026-09-24,object.slice.fromGuides @ crates/engine/src/cmd/slices.rs:41
MENU-0106,Menus/Object,menu,Object > Slice > Create from Selection,,,,,,AISlice Create from Selection,,10,in,partial,verified,vectorsuite.md §5.4; docs/parity/shortcuts-30.1.csv (licensed 30.1),,"Keyboard Shortcuts export, licensed Illustrator 30.1.0 (Windows keys)",2026-09-24,object.slice.fromSelection @ crates/engine/src/cmd/slices.rs:50
MENU-0107,Menus/Object,menu,Object > Slice > Duplicate Slice,,,,,,AISlice Duplicate,,10,in,partial,verified,vectorsuite.md §5.4; docs/parity/shortcuts-30.1.csv (licensed 30.1),,"Keyboard Shortcuts export, licensed Illustrator 30.1.0 (Windows keys)",2026-09-24,object.slice.duplicate @ crates/engine/src/cmd/slices.rs:59
MENU-0108,Menus/Object,menu,Object > Slice > Combine Slices,,,,,,AISlice Combine,,10,in,partial,verified,vectorsuite.md §5.4; docs/parity/shortcuts-30.1.csv (licensed 30.1),,"Keyboard Shortcuts export, licensed Illustrator 30.1.0 (Windows keys)",2026-09-24,object.slice.combine @ crates/engine/src/cmd/slices.rs:68
MENU-0109,Menus/Object,menu,Object > Slice > Divide Slices,,,,,,AISlice Divide,,10,in,partial,verified,vectorsuite.md §5.4; docs/parity/shortcuts-30.1.csv (licensed 30.1),,"Keyboard Shortcuts export, licensed Illustrator 30.1.0 (Windows keys)",2026-09-24,object.slice.divide @ crates/engine/src/cmd/slices.rs:77
MENU-0110,Menus/Object,menu,Object > Slice > Delete All,,,,,,AISlice Delete All Slices,,10,in,partial,verified,vectorsuite.md §5.4; docs/parity/shortcuts-30.1.csv (licensed 30.1),,"Keyboard Shortcuts export, licensed Illustrator 30.1.0 (Windows keys)",2026-09-24,object.slice.deleteAll @ crates/engine/src/cmd/slices.rs:86
MENU-0111,Menus/Object,menu,Object > Slice > Slice Options,,,,,,AISlice Slice Options,,10,in,partial,verified,vectorsuite.md §5.4; docs/parity/shortcuts-30.1.csv (licensed 30.1),,"Keyboard Shortcuts export, licensed Illustrator 30.1.0 (Windows keys)",2026-09-24,object.slice.options @ crates/engine/src/cmd/slices.rs:95
MENU-0112,Menus/Object,menu,Object > Slice > Clip to Artboard,,,,,,AISlice Clip to Artboard,,10,in,partial,verified,vectorsuite.md §5.4; docs/parity/shortcuts-30.1.csv (licensed 30.1),,"Keyboard Shortcuts export, licensed Illustrator 30.1.0 (Windows keys)",2026-09-24,object.slice.clipToArtboard @ crates/engine/src/cmd/slices.rs:104
MENU-0113,Menus/Object,menu,Object > Path,,,,,,,,2,in,n/a,verified,vectorsuite.md §5.4; docs/parity/shortcuts-30.1.csv (licensed 30.1),,"Keyboard Shortcuts export, licensed Illustrator 30.1.0 (Windows keys)",2026-09-24,
MENU-0114,Menus/Object,menu,Object > Path > Join,Shortcut,Ctrl+J,,key,,join,,4,in,partial,verified,vectorsuite.md §5.4; docs/parity/shortcuts-30.1.csv (licensed 30.1),,"Keyboard Shortcuts export, licensed Illustrator 30.1.0 (Windows keys)",2026-09-24,path.join @ crates/engine/src/cmd/path.rs:62
MENU-0115,Menus/Object,menu,Object > Path > Average,Shortcut,Alt+Ctrl+J,,key,,average,,4,in,partial,verified,vectorsuite.md §5.4; docs/parity/shortcuts-30.1.csv (licensed 30.1),,"Keyboard Shortcuts export, licensed Illustrator 30.1.0 (Windows keys)",2026-09-24,path.average @ crates/engine/src/cmd/path.rs:71
MENU-0116,Menus/Object,menu,Object > Path > Outline Stroke,,,,,,OffsetPath v22,,4,in,partial,verified,vectorsuite.md §5.4; docs/parity/shortcuts-30.1.csv (licensed 30.1),,"Keyboard Shortcuts export, licensed Illustrator 30.1.0 (Windows keys)",2026-09-24,object.path.outlineStroke @ crates/engine/src/cmd/expand.rs:170
MENU-0117,Menus/Object,menu,Object > Path > Offset Path,,,,,,OffsetPath v23,,4,in,partial,verified,vectorsuite.md §5.4; docs/parity/shortcuts-30.1.csv (licensed 30.1),,"Keyboard Shortcuts export, licensed Illustrator 30.1.0 (Windows keys)",2026-09-24,object.path.offsetPath @ crates/engine/src/cmd/pathops.rs:120
MENU-0118,Menus/Object,menu,Object > Path > Reverse Path Direction,,,,,[not listed in 30.1's Keyboard Shortcuts dialog under this name; confirm in the menu],,,2,in,partial,unverified,vectorsuite.md §5.4,,,,path.reverse @ crates/engine/src/cmd/path.rs:53
MENU-0119,Menus/Object,menu,Object > Path > Simplify,,,,,,simplify menu item,24.0,4,in,partial,verified,vectorsuite.md §5.4; docs/parity/shortcuts-30.1.csv (licensed 30.1),,"Keyboard Shortcuts export, licensed Illustrator 30.1.0 (Windows keys)",2026-09-24,object.path.simplify @ crates/engine/src/cmd/pathops.rs:129
MENU-0120,Menus/Object,menu,Object > Path > Add Anchor Points,,,,,,Add Anchor Points2,,4,in,partial,verified,vectorsuite.md §5.4; docs/parity/shortcuts-30.1.csv (licensed 30.1),,"Keyboard Shortcuts export, licensed Illustrator 30.1.0 (Windows keys)",2026-09-24,object.path.addAnchorPoints @ crates/engine/src/cmd/pathops.rs:137
MENU-0121,Menus/Object,menu,Object > Path > Remove Anchor Points,,,,,,Remove Anchor Points menu,,4,in,partial,verified,vectorsuite.md §5.4; docs/parity/shortcuts-30.1.csv (licensed 30.1),,"Keyboard Shortcuts export, licensed Illustrator 30.1.0 (Windows keys)",2026-09-24,path.removeAnchors @ crates/engine/src/cmd/draw2.rs:49
MENU-0122,Menus/Object,menu,Object > Path > Divide Objects Below,,,,,,Knife Tool2,,4,in,partial,verified,vectorsuite.md §5.4; docs/parity/shortcuts-30.1.csv (licensed 30.1),,"Keyboard Shortcuts export, licensed Illustrator 30.1.0 (Windows keys)",2026-09-24,object.path.divideObjectsBelow @ crates/engine/src/cmd/pathops.rs:139
MENU-0123,Menus/Object,menu,Object > Path > Split Into Grid,,,,,,Rows and Columns….,,4,in,partial,verified,vectorsuite.md §5.4; docs/parity/shortcuts-30.1.csv (licensed 30.1),,"Keyboard Shortcuts export, licensed Illustrator 30.1.0 (Windows keys)",2026-09-24,object.path.splitIntoGrid @ crates/engine/src/cmd/pathops.rs:148
MENU-0124,Menus/Object,menu,Object > Path > Clean Up,,,,,,cleanup menu item,,4,in,partial,verified,vectorsuite.md §5.4; docs/parity/shortcuts-30.1.csv (licensed 30.1),,"Keyboard Shortcuts export, licensed Illustrator 30.1.0 (Windows keys)",2026-09-24,object.path.cleanUp @ crates/engine/src/cmd/pathops.rs:157
MENU-0125,Menus/Object,menu,Object > Shape,,,,,,,,2,in,n/a,verified,vectorsuite.md §5.4; docs/parity/shortcuts-30.1.csv (licensed 30.1),,"Keyboard Shortcuts export, licensed Illustrator 30.1.0 (Windows keys)",2026-09-24,
MENU-0126,Menus/Object,menu,Object > Shape > Convert to Shapes,,,,,[not listed in 30.1's Keyboard Shortcuts dialog under this name; confirm in the menu],,,2,in,planned,plan-2020,vectorsuite.md §5.4,,,,
MENU-0127,Menus/Object,menu,Object > Shape > Expand Shape,,,,,,,,2,in,partial,verified,vectorsuite.md §5.4; docs/parity/shortcuts-30.1.csv (licensed 30.1),,"Keyboard Shortcuts export, licensed Illustrator 30.1.0 (Windows keys)",2026-09-24,object.expandShape @ crates/engine/src/cmd/object.rs:182
MENU-0128,Menus/Object,menu,Object > Pattern,,,,,,,,3,in,n/a,verified,vectorsuite.md §5.4; docs/parity/shortcuts-30.1.csv (licensed 30.1),,"Keyboard Shortcuts export, licensed Illustrator 30.1.0 (Windows keys)",2026-09-24,
MENU-0129,Menus/Object,menu,Object > Pattern > Make,,,,,,,,3,in,partial,verified,vectorsuite.md §5.4; docs/parity/shortcuts-30.1.csv (licensed 30.1),,"Keyboard Shortcuts export, licensed Illustrator 30.1.0 (Windows keys)",2026-09-24,object.pattern.make @ crates/engine/src/cmd/patterncmds.rs:27
MENU-0130,Menus/Object,menu,Object > Pattern > Edit Pattern,Shortcut,Shift+Ctrl+F8,,key,,Adobe Edit Pattern,,3,in,partial,verified,vectorsuite.md §5.4; docs/parity/shortcuts-30.1.csv (licensed 30.1),,"Keyboard Shortcuts export, licensed Illustrator 30.1.0 (Windows keys)",2026-09-24,object.pattern.edit @ crates/engine/src/cmd/patterncmds.rs:36
MENU-0131,Menus/Object,menu,Object > Pattern > Tile Edge Color,,,,,,,,3,in,partial,verified,vectorsuite.md §5.4; docs/parity/shortcuts-30.1.csv (licensed 30.1),,"Keyboard Shortcuts export, licensed Illustrator 30.1.0 (Windows keys)",2026-09-24,ui.tileEdgeColor @ crates/ui-egui/src/menus.rs:358
MENU-0132,Menus/Object,menu,Object > Blend,,,,,,,,8,in,n/a,verified,vectorsuite.md §5.4; docs/parity/shortcuts-30.1.csv (licensed 30.1),,"Keyboard Shortcuts export, licensed Illustrator 30.1.0 (Windows keys)",2026-09-24,
MENU-0133,Menus/Object,menu,Object > Blend > Make,,,,,,Path Blend Make,,8,in,partial,verified,vectorsuite.md §5.4; docs/parity/shortcuts-30.1.csv (licensed 30.1),,"Keyboard Shortcuts export, licensed Illustrator 30.1.0 (Windows keys)",2026-09-24,object.blend.make @ crates/engine/src/cmd/live.rs:27
MENU-0134,Menus/Object,menu,Object > Blend > Release,,,,,,Path Blend Release,,8,in,partial,verified,vectorsuite.md §5.4; docs/parity/shortcuts-30.1.csv (licensed 30.1),,"Keyboard Shortcuts export, licensed Illustrator 30.1.0 (Windows keys)",2026-09-24,object.blend.release @ crates/engine/src/cmd/live.rs:36
MENU-0135,Menus/Object,menu,Object > Blend > Blend Options,,,,,,Path Blend Options,,8,in,partial,verified,vectorsuite.md §5.4; docs/parity/shortcuts-30.1.csv (licensed 30.1),,"Keyboard Shortcuts export, licensed Illustrator 30.1.0 (Windows keys)",2026-09-24,object.blend.options @ crates/engine/src/cmd/live.rs:45
MENU-0136,Menus/Object,menu,Object > Blend > Expand,,,,,,Path Blend Expand,,8,in,partial,verified,vectorsuite.md §5.4; docs/parity/shortcuts-30.1.csv (licensed 30.1),,"Keyboard Shortcuts export, licensed Illustrator 30.1.0 (Windows keys)",2026-09-24,object.blend.expand @ crates/engine/src/cmd/live.rs:54
MENU-0137,Menus/Object,menu,Object > Blend > Replace Spine,,,,,,Path Blend Replace Spine,,8,in,partial,verified,vectorsuite.md §5.4; docs/parity/shortcuts-30.1.csv (licensed 30.1),,"Keyboard Shortcuts export, licensed Illustrator 30.1.0 (Windows keys)",2026-09-24,object.blend.replaceSpine @ crates/engine/src/cmd/live.rs:63
MENU-0138,Menus/Object,menu,Object > Blend > Reverse Spine,,,,,,Path Blend Reverse Spine,,8,in,partial,verified,vectorsuite.md §5.4; docs/parity/shortcuts-30.1.csv (licensed 30.1),,"Keyboard Shortcuts export, licensed Illustrator 30.1.0 (Windows keys)",2026-09-24,object.blend.reverseSpine @ crates/engine/src/cmd/live.rs:72
MENU-0139,Menus/Object,menu,Object > Blend > Reverse Front to Back,,,,,,Path Blend Reverse Stack,,8,in,partial,verified,vectorsuite.md §5.4; docs/parity/shortcuts-30.1.csv (licensed 30.1),,"Keyboard Shortcuts export, licensed Illustrator 30.1.0 (Windows keys)",2026-09-24,object.blend.reverseFrontToBack @ crates/engine/src/cmd/live.rs:117
MENU-0140,Menus/Object,menu,Object > Envelope Distort,,,,,,,,8,in,n/a,verified,vectorsuite.md §5.4; docs/parity/shortcuts-30.1.csv (licensed 30.1),,"Keyboard Shortcuts export, licensed Illustrator 30.1.0 (Windows keys)",2026-09-24,
MENU-0141,Menus/Object,menu,Object > Envelope Distort > Make with Warp,Shortcut,Alt+Shift+Ctrl+W,,key,,Make Warp,,8,in,partial,verified,vectorsuite.md §5.4; docs/parity/shortcuts-30.1.csv (licensed 30.1),,"Keyboard Shortcuts export, licensed Illustrator 30.1.0 (Windows keys)",2026-09-24,object.envelope.makeWithWarp @ crates/engine/src/cmd/live.rs:127
MENU-0142,Menus/Object,menu,Object > Envelope Distort > Make with Mesh,Shortcut,Alt+Ctrl+M,,key,,Create Envelope Grid,,8,in,partial,verified,vectorsuite.md §5.4; docs/parity/shortcuts-30.1.csv (licensed 30.1),,"Keyboard Shortcuts export, licensed Illustrator 30.1.0 (Windows keys)",2026-09-24,object.envelope.makeWithMesh @ crates/engine/src/cmd/live.rs:136
MENU-0143,Menus/Object,menu,Object > Envelope Distort > Make with Top Object,Shortcut,Alt+Ctrl+C,,key,,Make Envelope,,8,in,partial,verified,vectorsuite.md §5.4; docs/parity/shortcuts-30.1.csv (licensed 30.1),,"Keyboard Shortcuts export, licensed Illustrator 30.1.0 (Windows keys)",2026-09-24,object.envelope.makeWithTopObject @ crates/engine/src/cmd/live.rs:145
MENU-0144,Menus/Object,menu,Object > Envelope Distort > Release,,,,,,Release Envelope,,8,in,partial,verified,vectorsuite.md §5.4; docs/parity/shortcuts-30.1.csv (licensed 30.1),,"Keyboard Shortcuts export, licensed Illustrator 30.1.0 (Windows keys)",2026-09-24,object.envelope.release @ crates/engine/src/cmd/live.rs:181
MENU-0145,Menus/Object,menu,Object > Envelope Distort > Envelope Options,,,,,,Envelope Options,,8,in,partial,verified,vectorsuite.md §5.4; docs/parity/shortcuts-30.1.csv (licensed 30.1),,"Keyboard Shortcuts export, licensed Illustrator 30.1.0 (Windows keys)",2026-09-24,object.envelope.options @ crates/engine/src/cmd/live.rs:190
MENU-0146,Menus/Object,menu,Object > Envelope Distort > Expand,,,,,,Expand Envelope,,8,in,partial,verified,vectorsuite.md §5.4; docs/parity/shortcuts-30.1.csv (licensed 30.1),,"Keyboard Shortcuts export, licensed Illustrator 30.1.0 (Windows keys)",2026-09-24,object.envelope.expand @ crates/engine/src/cmd/live.rs:199
MENU-0147,Menus/Object,menu,Object > Envelope Distort > Edit Contents,,,,,,Edit Envelope Contents,,8,in,partial,verified,vectorsuite.md §5.4; docs/parity/shortcuts-30.1.csv (licensed 30.1),,"Keyboard Shortcuts export, licensed Illustrator 30.1.0 (Windows keys)",2026-09-24,object.envelope.editContents @ crates/engine/src/cmd/live.rs:208
MENU-0148,Menus/Object,menu,Object > Perspective,,,,,,,,8,in,n/a,verified,vectorsuite.md §5.4; docs/parity/shortcuts-30.1.csv (licensed 30.1),,"Keyboard Shortcuts export, licensed Illustrator 30.1.0 (Windows keys)",2026-09-24,
MENU-0149,Menus/Object,menu,Object > Perspective > Attach to Active Plane,,,,,[not listed in 30.1's Keyboard Shortcuts dialog under this name; confirm in the menu],Attach to Active Plane,,8,in,partial,verified,vectorsuite.md §5.4; docs/parity/menu-commands-30.1.csv,,30.1 .kys and shortcut export (licensed Illustrator 30.1.0),2026-09-24,perspective.attach @ crates/engine/src/cmd/distortcmds.rs:122
MENU-0150,Menus/Object,menu,Object > Perspective > Release with Perspective,,,,,[not listed in 30.1's Keyboard Shortcuts dialog under this name; confirm in the menu],Release with Perspective,,8,in,partial,verified,vectorsuite.md §5.4; docs/parity/menu-commands-30.1.csv,,30.1 .kys and shortcut export (licensed Illustrator 30.1.0),2026-09-24,perspective.release @ crates/engine/src/cmd/distortcmds.rs:130
MENU-0151,Menus/Object,menu,Object > Perspective > Move Plane to Match Object,,,,,[not listed in 30.1's Keyboard Shortcuts dialog under this name; confirm in the menu],Show Object Grid Plane,,8,in,partial,verified,vectorsuite.md §5.4; docs/parity/menu-commands-30.1.csv,,30.1 .kys and shortcut export (licensed Illustrator 30.1.0),2026-09-24,perspective.plane.matchObject @ crates/engine/src/cmd/distortcmds.rs:177
MENU-0152,Menus/Object,menu,Object > Perspective > Edit Text,,,,,[not listed in 30.1's Keyboard Shortcuts dialog under this name; confirm in the menu],Edit Original Object,,8,in,partial,verified,vectorsuite.md §5.4; docs/parity/menu-commands-30.1.csv,,30.1 .kys and shortcut export (licensed Illustrator 30.1.0),2026-09-24,perspective.editText @ crates/engine/src/cmd/distortcmds.rs:186
MENU-0153,Menus/Object,menu,Object > Live Paint,,,,,,,,8,in,n/a,verified,vectorsuite.md §5.4; docs/parity/shortcuts-30.1.csv (licensed 30.1),,"Keyboard Shortcuts export, licensed Illustrator 30.1.0 (Windows keys)",2026-09-24,
MENU-0154,Menus/Object,menu,Object > Live Paint > Make,,,,,,Make Planet X,,8,in,partial,verified,vectorsuite.md §5.4; docs/parity/shortcuts-30.1.csv (licensed 30.1),,"Keyboard Shortcuts export, licensed Illustrator 30.1.0 (Windows keys)",2026-09-24,livePaint.make @ crates/engine/src/cmd/buildcmds.rs:55
MENU-0155,Menus/Object,menu,Object > Live Paint > Merge,,,,,,Marge Planet X,,8,in,partial,verified,vectorsuite.md §5.4; docs/parity/shortcuts-30.1.csv (licensed 30.1),,"Keyboard Shortcuts export, licensed Illustrator 30.1.0 (Windows keys)",2026-09-24,livePaint.merge @ crates/engine/src/cmd/buildcmds.rs:64
MENU-0156,Menus/Object,menu,Object > Live Paint > Release,,,,,,Release Planet X,,8,in,partial,verified,vectorsuite.md §5.4; docs/parity/shortcuts-30.1.csv (licensed 30.1),,"Keyboard Shortcuts export, licensed Illustrator 30.1.0 (Windows keys)",2026-09-24,livePaint.release @ crates/engine/src/cmd/buildcmds.rs:73
MENU-0157,Menus/Object,menu,Object > Live Paint > Gap Options,,,,,,Planet X Options,,8,in,planned,verified,vectorsuite.md §5.4; docs/parity/shortcuts-30.1.csv (licensed 30.1),,"Keyboard Shortcuts export, licensed Illustrator 30.1.0 (Windows keys)",2026-09-24,
MENU-0158,Menus/Object,menu,Object > Live Paint > Expand,,,,,,Expand Planet X,,8,in,partial,verified,vectorsuite.md §5.4; docs/parity/shortcuts-30.1.csv (licensed 30.1),,"Keyboard Shortcuts export, licensed Illustrator 30.1.0 (Windows keys)",2026-09-24,livePaint.expand @ crates/engine/src/cmd/buildcmds.rs:82
MENU-0159,Menus/Object,menu,Object > Image Trace,,,,,,,,9,in,n/a,verified,vectorsuite.md §5.4; docs/parity/shortcuts-30.1.csv (licensed 30.1),,"Keyboard Shortcuts export, licensed Illustrator 30.1.0 (Windows keys)",2026-09-24,
MENU-0160,Menus/Object,menu,Object > Image Trace > Make,,,,,,,,9,in,partial,verified,vectorsuite.md §5.4; docs/parity/shortcuts-30.1.csv (licensed 30.1),,"Keyboard Shortcuts export, licensed Illustrator 30.1.0 (Windows keys)",2026-09-24,imageTrace.make @ crates/engine/src/cmd/buildcmds.rs:118
MENU-0161,Menus/Object,menu,Object > Image Trace > Make and Expand,,,,,,,,9,in,partial,verified,vectorsuite.md §5.4; docs/parity/shortcuts-30.1.csv (licensed 30.1),,"Keyboard Shortcuts export, licensed Illustrator 30.1.0 (Windows keys)",2026-09-24,imageTrace.makeAndExpand @ crates/engine/src/cmd/buildcmds.rs:127
MENU-0162,Menus/Object,menu,Object > Image Trace > Release,,,,,,,,9,in,partial,verified,vectorsuite.md §5.4; docs/parity/shortcuts-30.1.csv (licensed 30.1),,"Keyboard Shortcuts export, licensed Illustrator 30.1.0 (Windows keys)",2026-09-24,imageTrace.release @ crates/engine/src/cmd/buildcmds.rs:136
MENU-0163,Menus/Object,menu,Object > Image Trace > Expand,,,,,,,,9,in,partial,verified,vectorsuite.md §5.4; docs/parity/shortcuts-30.1.csv (licensed 30.1),,"Keyboard Shortcuts export, licensed Illustrator 30.1.0 (Windows keys)",2026-09-24,imageTrace.expand @ crates/engine/src/cmd/buildcmds.rs:145
MENU-0164,Menus/Object,menu,Object > Text Wrap,,,,,,,,5,in,n/a,verified,vectorsuite.md §5.4; docs/parity/shortcuts-30.1.csv (licensed 30.1),,"Keyboard Shortcuts export, licensed Illustrator 30.1.0 (Windows keys)",2026-09-24,
MENU-0165,Menus/Object,menu,Object > Text Wrap > Make,,,,,,Make Text Wrap,,5,in,partial,verified,vectorsuite.md §5.4; docs/parity/shortcuts-30.1.csv (licensed 30.1),,"Keyboard Shortcuts export, licensed Illustrator 30.1.0 (Windows keys)",2026-09-24,object.textWrap.make @ crates/engine/src/cmd/textwrap.rs:18
MENU-0166,Menus/Object,menu,Object > Text Wrap > Release,,,,,,Release Text Wrap,,5,in,partial,verified,vectorsuite.md §5.4; docs/parity/shortcuts-30.1.csv (licensed 30.1),,"Keyboard Shortcuts export, licensed Illustrator 30.1.0 (Windows keys)",2026-09-24,object.textWrap.release @ crates/engine/src/cmd/textwrap.rs:26
MENU-0167,Menus/Object,menu,Object > Text Wrap > Text Wrap Options,,,,,,Text Wrap Options…,,5,in,partial,verified,vectorsuite.md §5.4; docs/parity/shortcuts-30.1.csv (licensed 30.1),,"Keyboard Shortcuts export, licensed Illustrator 30.1.0 (Windows keys)",2026-09-24,object.textWrap.options @ crates/engine/src/cmd/textwrap.rs:28
MENU-0168,Menus/Object,menu,Object > Clipping Mask,,,,,,,,2,in,n/a,verified,vectorsuite.md §5.4; docs/parity/shortcuts-30.1.csv (licensed 30.1),,"Keyboard Shortcuts export, licensed Illustrator 30.1.0 (Windows keys)",2026-09-24,
MENU-0169,Menus/Object,menu,Object > Clipping Mask > Make,,,,,,makeMask,,2,in,partial,verified,vectorsuite.md §5.4; docs/parity/shortcuts-30.1.csv (licensed 30.1),,"Keyboard Shortcuts export, licensed Illustrator 30.1.0 (Windows keys)",2026-09-24,object.clippingMask.make @ crates/engine/src/cmd/object.rs:100
MENU-0170,Menus/Object,menu,Object > Clipping Mask > Release,,,,,,releaseMask,,2,in,partial,verified,vectorsuite.md §5.4; docs/parity/shortcuts-30.1.csv (licensed 30.1),,"Keyboard Shortcuts export, licensed Illustrator 30.1.0 (Windows keys)",2026-09-24,object.clippingMask.release @ crates/engine/src/cmd/object.rs:109
MENU-0171,Menus/Object,menu,Object > Clipping Mask > Edit Contents,,,,,,editMask,,2,in,partial,verified,vectorsuite.md §5.4; docs/parity/shortcuts-30.1.csv (licensed 30.1),,"Keyboard Shortcuts export, licensed Illustrator 30.1.0 (Windows keys)",2026-09-24,object.clippingMask.editContents @ crates/engine/src/cmd/object.rs:118
MENU-0172,Menus/Object,menu,Object > Compound Path,,,,,,,,2,in,n/a,verified,vectorsuite.md §5.4; docs/parity/shortcuts-30.1.csv (licensed 30.1),,"Keyboard Shortcuts export, licensed Illustrator 30.1.0 (Windows keys)",2026-09-24,
MENU-0173,Menus/Object,menu,Object > Compound Path > Make,,,,,,compoundPath,,2,in,partial,verified,vectorsuite.md §5.4; docs/parity/shortcuts-30.1.csv (licensed 30.1),,"Keyboard Shortcuts export, licensed Illustrator 30.1.0 (Windows keys)",2026-09-24,object.compoundPath.make @ crates/engine/src/cmd/clipboard.rs:251
MENU-0174,Menus/Object,menu,Object > Compound Path > Release,,,,,,noCompoundPath,,2,in,partial,verified,vectorsuite.md §5.4; docs/parity/shortcuts-30.1.csv (licensed 30.1),,"Keyboard Shortcuts export, licensed Illustrator 30.1.0 (Windows keys)",2026-09-24,object.compoundPath.release @ crates/engine/src/cmd/object.rs:98
MENU-0175,Menus/Object,menu,Object > Artboards,,,,,,,,2,in,n/a,verified,vectorsuite.md §5.4; docs/parity/shortcuts-30.1.csv (licensed 30.1),,"Keyboard Shortcuts export, licensed Illustrator 30.1.0 (Windows keys)",2026-09-24,
MENU-0176,Menus/Object,menu,Object > Artboards > Convert to Artboards,,,,,,setCropMarks,,2,in,partial,verified,vectorsuite.md §5.4; docs/parity/shortcuts-30.1.csv (licensed 30.1),,"Keyboard Shortcuts export, licensed Illustrator 30.1.0 (Windows keys)",2026-09-24,artboard.convertToArtboards @ crates/engine/src/cmd/menucmds.rs:137
MENU-0177,Menus/Object,menu,Object > Artboards > Rearrange All Artboards,,,,,[not listed in 30.1's Keyboard Shortcuts dialog under this name; confirm in the menu],,,2,in,partial,plan-2020,vectorsuite.md §5.4,,,,artboard.rearrange @ crates/engine/src/cmd/menucmds.rs:146
MENU-0178,Menus/Object,menu,Object > Artboards > Fit to Artwork Bounds,,,,,[not listed in 30.1's Keyboard Shortcuts dialog under this name; confirm in the menu],Fit Artboard to artwork bounds,,2,in,partial,verified,vectorsuite.md §5.4; docs/parity/menu-commands-30.1.csv,,30.1 .kys and shortcut export (licensed Illustrator 30.1.0),2026-09-24,artboard.fitToArt @ crates/engine/src/cmd/layer.rs:142
MENU-0179,Menus/Object,menu,Object > Artboards > Fit to Selected Art,,,,,[not listed in 30.1's Keyboard Shortcuts dialog under this name; confirm in the menu],Fit Artboard to selected Art,,2,in,partial,verified,vectorsuite.md §5.4; docs/parity/menu-commands-30.1.csv,,30.1 .kys and shortcut export (licensed Illustrator 30.1.0),2026-09-24,artboard.fitToSelection @ crates/engine/src/cmd/layer.rs:143
MENU-0180,Menus/Object,menu,Object > Graph,,,,,,,,11,in,n/a,verified,vectorsuite.md §5.4; docs/parity/shortcuts-30.1.csv (licensed 30.1),,"Keyboard Shortcuts export, licensed Illustrator 30.1.0 (Windows keys)",2026-09-24,
MENU-0181,Menus/Object,menu,Object > Graph > Type,,,,,[not listed in 30.1's Keyboard Shortcuts dialog under this name; confirm in the menu],setGraphStyle,,11,in,partial,verified,vectorsuite.md §5.4; docs/parity/menu-commands-30.1.csv,,30.1 .kys and shortcut export (licensed Illustrator 30.1.0),2026-09-24,graph.setType @ crates/engine/src/cmd/graph.rs:39
MENU-0182,Menus/Object,menu,Object > Graph > Data,,,,,[not listed in 30.1's Keyboard Shortcuts dialog under this name; confirm in the menu],editGraphData,,11,in,partial,verified,vectorsuite.md §5.4; docs/parity/menu-commands-30.1.csv,,30.1 .kys and shortcut export (licensed Illustrator 30.1.0),2026-09-24,graph.setData @ crates/engine/src/cmd/graph.rs:30
MENU-0183,Menus/Object,menu,Object > Graph > Design,,,,,[not listed in 30.1's Keyboard Shortcuts dialog under this name; confirm in the menu],graphDesigns,,11,in,planned,verified,vectorsuite.md §5.4; docs/parity/menu-commands-30.1.csv,,30.1 .kys and shortcut export (licensed Illustrator 30.1.0),2026-09-24,
MENU-0184,Menus/Object,menu,Object > Graph > Column,,,,,[not listed in 30.1's Keyboard Shortcuts dialog under this name; confirm in the menu],setBarDesign,,11,in,planned,verified,vectorsuite.md §5.4; docs/parity/menu-commands-30.1.csv,,30.1 .kys and shortcut export (licensed Illustrator 30.1.0),2026-09-24,
MENU-0185,Menus/Object,menu,Object > Graph > Marker,,,,,[not listed in 30.1's Keyboard Shortcuts dialog under this name; confirm in the menu],setIconDesign,,11,in,planned,verified,vectorsuite.md §5.4; docs/parity/menu-commands-30.1.csv,,30.1 .kys and shortcut export (licensed Illustrator 30.1.0),2026-09-24,
MENU-0186,Menus/Type,menu,Type > Font,,,,,[not listed in 30.1's Keyboard Shortcuts dialog under this name; confirm in the menu],,,5,in,n/a,plan-2020,vectorsuite.md §5.4,,,,
MENU-0187,Menus/Type,menu,Type > Recent Fonts,,,,,[not listed in 30.1's Keyboard Shortcuts dialog under this name; confirm in the menu],,,5,in,n/a,plan-2020,vectorsuite.md §5.4,,,,
MENU-0188,Menus/Type,menu,Type > Size,,,,,[not listed in 30.1's Keyboard Shortcuts dialog under this name; confirm in the menu],,,5,in,n/a,plan-2020,vectorsuite.md §5.4,,,,
MENU-0189,Menus/Type,menu,Type > Glyphs,,,,,,alternate glyph palette plugin,,5,in,partial,verified,vectorsuite.md §5.4; docs/parity/shortcuts-30.1.csv (licensed 30.1),,"Keyboard Shortcuts export, licensed Illustrator 30.1.0 (Windows keys)",2026-09-24,window.panel @ crates/ui-egui/src/menus.rs:199
MENU-0190,Menus/Type,menu,Type > Convert to Point Type,,,,,[not listed in 30.1's Keyboard Shortcuts dialog under this name; confirm in the menu],,,5,in,partial,plan-2020,vectorsuite.md §5.4,,,,type.convertToPointType @ crates/engine/src/cmd/typemenu.rs:42
MENU-0191,Menus/Type,menu,Type > Convert to Area Type,,,,,[not listed in 30.1's Keyboard Shortcuts dialog under this name; confirm in the menu],,,5,in,partial,plan-2020,vectorsuite.md §5.4,,,,type.convertToAreaType @ crates/engine/src/cmd/typemenu.rs:33
MENU-0192,Menus/Type,menu,Type > Area Type Options,,,,,"Dialog fields: width/height, rows and columns with number, span, gutter, fixed, inset spacing, first baseline (Ascent, Cap Height, Leading, x Height, Em Box Height, Fixed, Legacy) with min, text flow, auto-size",area-type-options,,5,in,partial,verified,vectorsuite.md §5.4; docs/parity/shortcuts-30.1.csv (licensed 30.1),,"Keyboard Shortcuts export, licensed Illustrator 30.1.0 (Windows keys)",2026-09-24,text.areaOptions @ crates/engine/src/cmd/typecmd.rs:47
MENU-0193,Menus/Type,menu,Type > Type on a Path,,,,,,,,5,in,n/a,verified,vectorsuite.md §5.4; docs/parity/shortcuts-30.1.csv (licensed 30.1),,"Keyboard Shortcuts export, licensed Illustrator 30.1.0 (Windows keys)",2026-09-24,
MENU-0194,Menus/Type,menu,Type > Type on a Path > Rainbow,,,,,,Rainbow,,5,in,partial,verified,vectorsuite.md §5.4; docs/parity/shortcuts-30.1.csv (licensed 30.1),,"Keyboard Shortcuts export, licensed Illustrator 30.1.0 (Windows keys)",2026-09-24,type.pathOptions @ crates/engine/src/cmd/typemenu.rs:51
MENU-0195,Menus/Type,menu,Type > Type on a Path > Skew,,,,,,Skew,,5,in,partial,verified,vectorsuite.md §5.4; docs/parity/shortcuts-30.1.csv (licensed 30.1),,"Keyboard Shortcuts export, licensed Illustrator 30.1.0 (Windows keys)",2026-09-24,type.pathOptions @ crates/engine/src/cmd/typemenu.rs:51
MENU-0196,Menus/Type,menu,Type > Type on a Path > 3D Ribbon,,,,,,3D ribbon,,5,in,partial,verified,vectorsuite.md §5.4; docs/parity/shortcuts-30.1.csv (licensed 30.1),,"Keyboard Shortcuts export, licensed Illustrator 30.1.0 (Windows keys)",2026-09-24,type.pathOptions @ crates/engine/src/cmd/typemenu.rs:51
MENU-0197,Menus/Type,menu,Type > Type on a Path > Stair Step,,,,,,Stair Step,,5,in,partial,verified,vectorsuite.md §5.4; docs/parity/shortcuts-30.1.csv (licensed 30.1),,"Keyboard Shortcuts export, licensed Illustrator 30.1.0 (Windows keys)",2026-09-24,type.pathOptions @ crates/engine/src/cmd/typemenu.rs:51
MENU-0198,Menus/Type,menu,Type > Type on a Path > Gravity,,,,,,Gravity,,5,in,partial,verified,vectorsuite.md §5.4; docs/parity/shortcuts-30.1.csv (licensed 30.1),,"Keyboard Shortcuts export, licensed Illustrator 30.1.0 (Windows keys)",2026-09-24,type.pathOptions @ crates/engine/src/cmd/typemenu.rs:51
MENU-0199,Menus/Type,menu,Type > Type on a Path > Type on a Path Options,,,,,"Dialog fields: effect, flip, align to path: ascender/descender/centre/baseline, spacing",typeOnPathOptions,,5,in,partial,verified,vectorsuite.md §5.4; docs/parity/shortcuts-30.1.csv (licensed 30.1),,"Keyboard Shortcuts export, licensed Illustrator 30.1.0 (Windows keys)",2026-09-24,type.pathOptions @ crates/engine/src/cmd/typemenu.rs:51
MENU-0200,Menus/Type,menu,Type > Type on a Path > Update Legacy Type on a Path,,,,,[not listed in 30.1's Keyboard Shortcuts dialog under this name; confirm in the menu],updateLegacyTOP,,5,in,planned,verified,vectorsuite.md §5.4; docs/parity/menu-commands-30.1.csv,,30.1 .kys and shortcut export (licensed Illustrator 30.1.0),2026-09-24,
MENU-0201,Menus/Type,menu,Type > Threaded Text,,,,,,,,5,in,n/a,verified,vectorsuite.md §5.4; docs/parity/shortcuts-30.1.csv (licensed 30.1),,"Keyboard Shortcuts export, licensed Illustrator 30.1.0 (Windows keys)",2026-09-24,
MENU-0202,Menus/Type,menu,Type > Threaded Text > Create,,,,,,threadTextCreate,,5,in,partial,verified,vectorsuite.md §5.4; docs/parity/shortcuts-30.1.csv (licensed 30.1),,"Keyboard Shortcuts export, licensed Illustrator 30.1.0 (Windows keys)",2026-09-24,text.thread.create @ crates/engine/src/cmd/threads.rs:16
MENU-0203,Menus/Type,menu,Type > Threaded Text > Release Selection,,,,,,releaseThreadedTextSelection,,5,in,partial,verified,vectorsuite.md §5.4; docs/parity/shortcuts-30.1.csv (licensed 30.1),,"Keyboard Shortcuts export, licensed Illustrator 30.1.0 (Windows keys)",2026-09-24,text.thread.releaseSelection @ crates/engine/src/cmd/threads.rs:25
MENU-0204,Menus/Type,menu,Type > Threaded Text > Remove Threading,,,,,,removeThreading,,5,in,partial,verified,vectorsuite.md §5.4; docs/parity/shortcuts-30.1.csv (licensed 30.1),,"Keyboard Shortcuts export, licensed Illustrator 30.1.0 (Windows keys)",2026-09-24,text.thread.remove @ crates/engine/src/cmd/threads.rs:34
MENU-0205,Menus/Type,menu,Type > Fit Headline,,,,,,fitHeadline,,5,in,partial,verified,vectorsuite.md §5.4; docs/parity/shortcuts-30.1.csv (licensed 30.1),,"Keyboard Shortcuts export, licensed Illustrator 30.1.0 (Windows keys)",2026-09-24,text.fitHeadline @ crates/engine/src/cmd/typecmd.rs:65
MENU-0206,Menus/Type,menu,Type > Resolve Missing Fonts,,,,,[not listed in 30.1's Keyboard Shortcuts dialog under this name; confirm in the menu],,,5,in,planned,plan-2020,vectorsuite.md §5.4,,,,
MENU-0207,Menus/Type,menu,Type > Find Font,,,,,[not listed in 30.1's Keyboard Shortcuts dialog under this name; confirm in the menu],Adobe Illustrator Find Font Menu Item,,5,in,partial,verified,vectorsuite.md §5.4; docs/parity/menu-commands-30.1.csv,,30.1 .kys and shortcut export (licensed Illustrator 30.1.0),2026-09-24,type.findFont @ crates/ui-egui/src/menus.rs:128
MENU-0208,Menus/Type,menu,Type > Change Case,,,,,,,,5,in,n/a,verified,vectorsuite.md §5.4; docs/parity/shortcuts-30.1.csv (licensed 30.1),,"Keyboard Shortcuts export, licensed Illustrator 30.1.0 (Windows keys)",2026-09-24,
MENU-0209,Menus/Type,menu,Type > Change Case > UPPERCASE,,,,,,UpperCase Change Case Item,,5,in,partial,verified,vectorsuite.md §5.4; docs/parity/shortcuts-30.1.csv (licensed 30.1),,"Keyboard Shortcuts export, licensed Illustrator 30.1.0 (Windows keys)",2026-09-24,type.changeCase @ crates/engine/src/cmd/typemenu.rs:15
MENU-0210,Menus/Type,menu,Type > Change Case > lowercase,,,,,,LowerCase Change Case Item,,5,in,partial,verified,vectorsuite.md §5.4; docs/parity/shortcuts-30.1.csv (licensed 30.1),,"Keyboard Shortcuts export, licensed Illustrator 30.1.0 (Windows keys)",2026-09-24,type.changeCase @ crates/engine/src/cmd/typemenu.rs:15
MENU-0211,Menus/Type,menu,Type > Change Case > Title Case,,,,,,Title Case Change Case Item,,5,in,partial,verified,vectorsuite.md §5.4; docs/parity/shortcuts-30.1.csv (licensed 30.1),,"Keyboard Shortcuts export, licensed Illustrator 30.1.0 (Windows keys)",2026-09-24,type.changeCase @ crates/engine/src/cmd/typemenu.rs:15
MENU-0212,Menus/Type,menu,Type > Change Case > Sentence case,,,,,,Sentence case Change Case Item,,5,in,partial,verified,vectorsuite.md §5.4; docs/parity/shortcuts-30.1.csv (licensed 30.1),,"Keyboard Shortcuts export, licensed Illustrator 30.1.0 (Windows keys)",2026-09-24,type.changeCase @ crates/engine/src/cmd/typemenu.rs:15
MENU-0213,Menus/Type,menu,Type > Smart Punctuation,,,,,,Adobe Illustrator Smart Punctuation Menu Item,,5,in,partial,verified,vectorsuite.md §5.4; docs/parity/shortcuts-30.1.csv (licensed 30.1),,"Keyboard Shortcuts export, licensed Illustrator 30.1.0 (Windows keys)",2026-09-24,type.smartPunctuation @ crates/engine/src/cmd/typemenu.rs:24
MENU-0214,Menus/Type,menu,Type > Create Outlines,Shortcut,Shift+Ctrl+O,,key,,outline,,5,in,partial,verified,vectorsuite.md §5.4; docs/parity/shortcuts-30.1.csv (licensed 30.1),,"Keyboard Shortcuts export, licensed Illustrator 30.1.0 (Windows keys)",2026-09-24,type.createOutlines @ crates/engine/src/cmd/expand.rs:167
MENU-0215,Menus/Type,menu,Type > Optical Margin Alignment,,,,,,Adobe Optical Alignment Item,,5,in,planned,verified,vectorsuite.md §5.4; docs/parity/shortcuts-30.1.csv (licensed 30.1),,"Keyboard Shortcuts export, licensed Illustrator 30.1.0 (Windows keys)",2026-09-24,
MENU-0216,Menus/Type,menu,Type > Insert Special Character,,,,,,,,5,in,n/a,verified,vectorsuite.md §5.4; docs/parity/shortcuts-30.1.csv (licensed 30.1),,"Keyboard Shortcuts export, licensed Illustrator 30.1.0 (Windows keys)",2026-09-24,
MENU-0217,Menus/Type,menu,Type > Insert White Space,,,,,[not listed in 30.1's Keyboard Shortcuts dialog under this name; confirm in the menu],,,5,in,planned,plan-2020,vectorsuite.md §5.4,,,,
MENU-0218,Menus/Type,menu,Type > Insert Break,,,,,[not listed in 30.1's Keyboard Shortcuts dialog under this name; confirm in the menu],,,5,in,planned,plan-2020,vectorsuite.md §5.4,,,,
MENU-0219,Menus/Type,menu,Type > Fill with Placeholder Text,,,,,[not listed in 30.1's Keyboard Shortcuts dialog under this name; confirm in the menu],,,5,in,partial,plan-2020,vectorsuite.md §5.4,,,,type.fillPlaceholder @ crates/engine/src/cmd/typemenu.rs:60
MENU-0220,Menus/Type,menu,Type > Show Hidden Characters,Shortcut,Alt+Ctrl+I,,key,,showHiddenChar,,5,in,partial,verified,vectorsuite.md §5.4; docs/parity/shortcuts-30.1.csv (licensed 30.1),,"Keyboard Shortcuts export, licensed Illustrator 30.1.0 (Windows keys)",2026-09-24,type.hiddenCharacters @ crates/ui-egui/src/menus.rs:167
MENU-0221,Menus/Type,menu,Type > Type Orientation,,,,,,,,5,in,n/a,verified,vectorsuite.md §5.4; docs/parity/shortcuts-30.1.csv (licensed 30.1),,"Keyboard Shortcuts export, licensed Illustrator 30.1.0 (Windows keys)",2026-09-24,
MENU-0222,Menus/Type,menu,Type > Legacy Text,,,,,,,,5,in,planned,verified,vectorsuite.md §5.4; docs/parity/shortcuts-30.1.csv (licensed 30.1),,"Keyboard Shortcuts export, licensed Illustrator 30.1.0 (Windows keys)",2026-09-24,
MENU-0223,Menus/Type,menu,Type > Legacy Text > Update All,,,,,,,,5,in,planned,verified,vectorsuite.md §5.4; docs/parity/shortcuts-30.1.csv (licensed 30.1),,"Keyboard Shortcuts export, licensed Illustrator 30.1.0 (Windows keys)",2026-09-24,
MENU-0224,Menus/Type,menu,Type > Legacy Text > Show/Hide Copies,,,,,[not listed in 30.1's Keyboard Shortcuts dialog under this name; confirm in the menu],,,5,in,planned,plan-2020,vectorsuite.md §5.4,,,,
MENU-0225,Menus/Type,menu,Type > Legacy Text > Delete Copies,,,,,,,,5,in,planned,verified,vectorsuite.md §5.4; docs/parity/shortcuts-30.1.csv (licensed 30.1),,"Keyboard Shortcuts export, licensed Illustrator 30.1.0 (Windows keys)",2026-09-24,
MENU-0226,Menus/Type,menu,Type > Legacy Text > Select Copies,,,,,,,,5,in,planned,verified,vectorsuite.md §5.4; docs/parity/shortcuts-30.1.csv (licensed 30.1),,"Keyboard Shortcuts export, licensed Illustrator 30.1.0 (Windows keys)",2026-09-24,
MENU-0227,Menus/Select,menu,Select > All,Shortcut,Ctrl+A,,key,,selectall,,2,in,partial,verified,vectorsuite.md §5.4; docs/parity/shortcuts-30.1.csv (licensed 30.1),,"Keyboard Shortcuts export, licensed Illustrator 30.1.0 (Windows keys)",2026-09-24,select.all @ crates/engine/src/cmd/select.rs:12
MENU-0228,Menus/Select,menu,Select > All on Active Artboard,Shortcut,Alt+Ctrl+A,,key,,selectallinartboard,,2,in,partial,verified,vectorsuite.md §5.4; docs/parity/shortcuts-30.1.csv (licensed 30.1),,"Keyboard Shortcuts export, licensed Illustrator 30.1.0 (Windows keys)",2026-09-24,select.allOnArtboard @ crates/engine/src/cmd/select.rs:13
MENU-0229,Menus/Select,menu,Select > Deselect,Shortcut,Shift+Ctrl+A,,key,,deselectall,,2,in,partial,verified,vectorsuite.md §5.4; docs/parity/shortcuts-30.1.csv (licensed 30.1),,"Keyboard Shortcuts export, licensed Illustrator 30.1.0 (Windows keys)",2026-09-24,select.none @ crates/engine/src/cmd/fonts.rs:338
MENU-0230,Menus/Select,menu,Select > Reselect,Shortcut,Ctrl+6,,key,,Find Reselect menu item,,2,in,partial,verified,vectorsuite.md §5.4; docs/parity/shortcuts-30.1.csv (licensed 30.1),,"Keyboard Shortcuts export, licensed Illustrator 30.1.0 (Windows keys)",2026-09-24,select.reselect @ crates/engine/src/cmd/select.rs:15
MENU-0231,Menus/Select,menu,Select > Inverse,,,,,,Inverse menu item,,2,in,partial,verified,vectorsuite.md §5.4; docs/parity/shortcuts-30.1.csv (licensed 30.1),,"Keyboard Shortcuts export, licensed Illustrator 30.1.0 (Windows keys)",2026-09-24,select.inverse @ crates/engine/src/cmd/select.rs:16
MENU-0232,Menus/Select,menu,Select > Next Object Above,Shortcut,Alt+Ctrl+],,key,,Selection Hat 8,,2,in,partial,verified,vectorsuite.md §5.4; docs/parity/shortcuts-30.1.csv (licensed 30.1),,"Keyboard Shortcuts export, licensed Illustrator 30.1.0 (Windows keys)",2026-09-24,select.nextAbove @ crates/engine/src/cmd/select.rs:17
MENU-0233,Menus/Select,menu,Select > Next Object Below,Shortcut,Alt+Ctrl+[,,key,,Selection Hat 9,,2,in,partial,verified,vectorsuite.md §5.4; docs/parity/shortcuts-30.1.csv (licensed 30.1),,"Keyboard Shortcuts export, licensed Illustrator 30.1.0 (Windows keys)",2026-09-24,select.nextBelow @ crates/engine/src/cmd/select.rs:18
MENU-0234,Menus/Select,menu,Select > Same,,,,,,,,2,in,n/a,verified,vectorsuite.md §5.4; docs/parity/shortcuts-30.1.csv (licensed 30.1),,"Keyboard Shortcuts export, licensed Illustrator 30.1.0 (Windows keys)",2026-09-24,
MENU-0235,Menus/Select,menu,Select > Same > Appearance,,,,,[not listed in 30.1's Keyboard Shortcuts dialog under this name; confirm in the menu],Find Appearance menu item,,3,in,partial,verified,vectorsuite.md §5.4; docs/parity/menu-commands-30.1.csv,,30.1 .kys and shortcut export (licensed Illustrator 30.1.0),2026-09-24,select.same.appearance @ crates/engine/src/cmd/select.rs:55
MENU-0236,Menus/Select,menu,Select > Same > Appearance Attribute,,,,,[not listed in 30.1's Keyboard Shortcuts dialog under this name; confirm in the menu],Find Appearance Attributes menu item,,3,in,partial,verified,vectorsuite.md §5.4; docs/parity/menu-commands-30.1.csv,,30.1 .kys and shortcut export (licensed Illustrator 30.1.0),2026-09-24,select.same.appearanceAttribute @ crates/engine/src/cmd/select.rs:88
MENU-0237,Menus/Select,menu,Select > Same > Blending Mode,,,,,,Find Blending Mode menu item,,8,in,partial,verified,vectorsuite.md §5.4; docs/parity/shortcuts-30.1.csv (licensed 30.1),,"Keyboard Shortcuts export, licensed Illustrator 30.1.0 (Windows keys)",2026-09-24,select.same.blendingMode @ crates/engine/src/cmd/select.rs:50
MENU-0238,Menus/Select,menu,Select > Same > Fill & Stroke,,,,,,Find Fill & Stroke menu item,,3,in,partial,verified,vectorsuite.md §5.4; docs/parity/shortcuts-30.1.csv (licensed 30.1),,"Keyboard Shortcuts export, licensed Illustrator 30.1.0 (Windows keys)",2026-09-24,select.same.fillAndStroke @ crates/engine/src/cmd/select.rs:40
MENU-0239,Menus/Select,menu,Select > Same > Fill Color,,,,,,Find Fill Color menu item,,3,in,partial,verified,vectorsuite.md §5.4; docs/parity/shortcuts-30.1.csv (licensed 30.1),,"Keyboard Shortcuts export, licensed Illustrator 30.1.0 (Windows keys)",2026-09-24,select.same.fillColor @ crates/engine/src/cmd/select.rs:25
MENU-0240,Menus/Select,menu,Select > Same > Opacity,,,,,,Find Opacity menu item,,2,in,partial,verified,vectorsuite.md §5.4; docs/parity/shortcuts-30.1.csv (licensed 30.1),,"Keyboard Shortcuts export, licensed Illustrator 30.1.0 (Windows keys)",2026-09-24,select.same.opacity @ crates/engine/src/cmd/select.rs:45
MENU-0241,Menus/Select,menu,Select > Same > Stroke Color,,,,,,Find Stroke Color menu item,,3,in,partial,verified,vectorsuite.md §5.4; docs/parity/shortcuts-30.1.csv (licensed 30.1),,"Keyboard Shortcuts export, licensed Illustrator 30.1.0 (Windows keys)",2026-09-24,select.same.strokeColor @ crates/engine/src/cmd/select.rs:30
MENU-0242,Menus/Select,menu,Select > Same > Stroke Weight,,,,,,Find Stroke Weight menu item,,3,in,partial,verified,vectorsuite.md §5.4; docs/parity/shortcuts-30.1.csv (licensed 30.1),,"Keyboard Shortcuts export, licensed Illustrator 30.1.0 (Windows keys)",2026-09-24,select.same.strokeWeight @ crates/engine/src/cmd/select.rs:35
MENU-0243,Menus/Select,menu,Select > Same > Graphic Style,,,,,,Find Style menu item,,11,in,partial,verified,vectorsuite.md §5.4; docs/parity/shortcuts-30.1.csv (licensed 30.1),,"Keyboard Shortcuts export, licensed Illustrator 30.1.0 (Windows keys)",2026-09-24,select.same.graphicStyle @ crates/engine/src/cmd/select.rs:79
MENU-0244,Menus/Select,menu,Select > Same > Shape,,,,,[not listed in 30.1's Keyboard Shortcuts dialog under this name; confirm in the menu],,,2,in,partial,plan-2020,vectorsuite.md §5.4,,,,select.same.shapeType @ crates/engine/src/cmd/select.rs:60
MENU-0245,Menus/Select,menu,Select > Same > Symbol Instance,,,,,,Find Symbol Instance menu item,,8,in,partial,verified,vectorsuite.md §5.4; docs/parity/shortcuts-30.1.csv (licensed 30.1),,"Keyboard Shortcuts export, licensed Illustrator 30.1.0 (Windows keys)",2026-09-24,select.same.symbolInstance @ crates/engine/src/cmd/docmenu.rs:16
MENU-0246,Menus/Select,menu,Select > Same > Link Block Series,,,,,,Find Link Block Series menu item,,6,in,planned,verified,vectorsuite.md §5.4; docs/parity/shortcuts-30.1.csv (licensed 30.1),,"Keyboard Shortcuts export, licensed Illustrator 30.1.0 (Windows keys)",2026-09-24,
MENU-0247,Menus/Select,menu,Select > Same > Text Font Family,,,,,[not listed in 30.1's Keyboard Shortcuts dialog under this name; confirm in the menu],,,5,in,planned,plan-2020,vectorsuite.md §5.4,,,,
MENU-0248,Menus/Select,menu,Select > Same > Text Font Family & Style,,,,,[not listed in 30.1's Keyboard Shortcuts dialog under this name; confirm in the menu],,,5,in,planned,plan-2020,vectorsuite.md §5.4,,,,
MENU-0249,Menus/Select,menu,Select > Same > Text Font Family Style & Size,,,,,[not listed in 30.1's Keyboard Shortcuts dialog under this name; confirm in the menu],,,5,in,planned,plan-2020,vectorsuite.md §5.4,,,,
MENU-0250,Menus/Select,menu,Select > Same > Text Font Size,,,,,[not listed in 30.1's Keyboard Shortcuts dialog under this name; confirm in the menu],,,5,in,planned,plan-2020,vectorsuite.md §5.4,,,,
MENU-0251,Menus/Select,menu,Select > Same > Text Fill Color,,,,,[not listed in 30.1's Keyboard Shortcuts dialog under this name; confirm in the menu],,,5,in,partial,plan-2020,vectorsuite.md §5.4,,,,select.same.textFillColor @ crates/engine/src/cmd/docmenu.rs:44
MENU-0252,Menus/Select,menu,Select > Same > Text Stroke Color,,,,,[not listed in 30.1's Keyboard Shortcuts dialog under this name; confirm in the menu],,,5,in,partial,plan-2020,vectorsuite.md §5.4,,,,select.same.textStrokeColor @ crates/engine/src/cmd/docmenu.rs:49
MENU-0253,Menus/Select,menu,Select > Same > Text Fill & Stroke Color,,,,,[not listed in 30.1's Keyboard Shortcuts dialog under this name; confirm in the menu],,,5,in,planned,plan-2020,vectorsuite.md §5.4,,,,
MENU-0254,Menus/Select,menu,Select > Object,,,,,,,,2,in,n/a,verified,vectorsuite.md §5.4; docs/parity/shortcuts-30.1.csv (licensed 30.1),,"Keyboard Shortcuts export, licensed Illustrator 30.1.0 (Windows keys)",2026-09-24,
MENU-0255,Menus/Select,menu,Select > Object > All on Same Layers,,,,,,Selection Hat 3,,2,in,partial,verified,vectorsuite.md §5.4; docs/parity/shortcuts-30.1.csv (licensed 30.1),,"Keyboard Shortcuts export, licensed Illustrator 30.1.0 (Windows keys)",2026-09-24,select.object.allOnSameLayers @ crates/engine/src/cmd/select.rs:63
MENU-0256,Menus/Select,menu,Select > Object > Direction Handles,,,,,,Selection Hat 1,,2,in,partial,verified,vectorsuite.md §5.4; docs/parity/shortcuts-30.1.csv (licensed 30.1),,"Keyboard Shortcuts export, licensed Illustrator 30.1.0 (Windows keys)",2026-09-24,select.object.directionHandles @ crates/engine/src/cmd/docmenu.rs:55
MENU-0257,Menus/Select,menu,Select > Object > Bristle Brush Strokes,,,,,[not listed in 30.1's Keyboard Shortcuts dialog under this name; confirm in the menu],Bristle Brush Strokes menu item,,8,in,partial,verified,vectorsuite.md §5.4; docs/parity/menu-commands-30.1.csv,,30.1 .kys and shortcut export (licensed Illustrator 30.1.0),2026-09-24,select.object.bristleBrushStrokes @ crates/engine/src/cmd/docmenu.rs:79
MENU-0258,Menus/Select,menu,Select > Object > Brush Strokes,,,,,,Brush Strokes menu item,,8,in,partial,verified,vectorsuite.md §5.4; docs/parity/shortcuts-30.1.csv (licensed 30.1),,"Keyboard Shortcuts export, licensed Illustrator 30.1.0 (Windows keys)",2026-09-24,select.object.brushStrokes @ crates/engine/src/cmd/docmenu.rs:74
MENU-0259,Menus/Select,menu,Select > Object > Clipping Masks,,,,,,Clipping Masks menu item,,2,in,partial,verified,vectorsuite.md §5.4; docs/parity/shortcuts-30.1.csv (licensed 30.1),,"Keyboard Shortcuts export, licensed Illustrator 30.1.0 (Windows keys)",2026-09-24,select.object.clippingMasks @ crates/engine/src/cmd/select.rs:64
MENU-0260,Menus/Select,menu,Select > Object > Stray Points,,,,,,Stray Points menu item,,2,in,partial,verified,vectorsuite.md §5.4; docs/parity/shortcuts-30.1.csv (licensed 30.1),,"Keyboard Shortcuts export, licensed Illustrator 30.1.0 (Windows keys)",2026-09-24,select.object.strayPoints @ crates/engine/src/cmd/select.rs:72
MENU-0261,Menus/Select,menu,Select > Object > All Text Objects,,,,,,,,5,in,partial,verified,vectorsuite.md §5.4; docs/parity/shortcuts-30.1.csv (licensed 30.1),,"Keyboard Shortcuts export, licensed Illustrator 30.1.0 (Windows keys)",2026-09-24,select.object.textObjects @ crates/engine/src/cmd/select.rs:68
MENU-0262,Menus/Select,menu,Select > Object > Point Type Objects,,,,,[not listed in 30.1's Keyboard Shortcuts dialog under this name; confirm in the menu],,,5,in,planned,plan-2020,vectorsuite.md §5.4,,,,
MENU-0263,Menus/Select,menu,Select > Object > Area Type Objects,,,,,[not listed in 30.1's Keyboard Shortcuts dialog under this name; confirm in the menu],,,5,in,planned,plan-2020,vectorsuite.md §5.4,,,,
MENU-0264,Menus/Select,menu,Select > Start Global Edit,,,,,[not listed in 30.1's Keyboard Shortcuts dialog under this name; confirm in the menu],,,4,in,planned,plan-2020,vectorsuite.md §5.4,,,,
MENU-0265,Menus/Select,menu,Select > Save Selection,,,,,,Selection Hat 10,,6,in,partial,verified,vectorsuite.md §5.4; docs/parity/shortcuts-30.1.csv (licensed 30.1),,"Keyboard Shortcuts export, licensed Illustrator 30.1.0 (Windows keys)",2026-09-24,select.save @ crates/engine/src/cmd/docmenu.rs:92
MENU-0266,Menus/Select,menu,Select > Edit Selection,,,,,,Selection Hat 11,,2,in,partial,verified,vectorsuite.md §5.4; docs/parity/shortcuts-30.1.csv (licensed 30.1),,"Keyboard Shortcuts export, licensed Illustrator 30.1.0 (Windows keys)",2026-09-24,select.editSaved @ crates/engine/src/cmd/docmenu.rs:110
MENU-0267,Menus/Effect,menu,Effect > Apply Last Effect,Shortcut,Shift+Ctrl+E,,key,,Adobe Apply Last Effect,,7,in,partial,verified,vectorsuite.md §5.4; docs/parity/shortcuts-30.1.csv (licensed 30.1),,"Keyboard Shortcuts export, licensed Illustrator 30.1.0 (Windows keys)",2026-09-24,effect.applyLast @ crates/ui-egui/src/menus.rs:235
MENU-0268,Menus/Effect,menu,Effect > Last Effect,Shortcut,Alt+Shift+Ctrl+E,,key,,Adobe Last Effect,,7,in,partial,verified,vectorsuite.md §5.4; docs/parity/shortcuts-30.1.csv (licensed 30.1),,"Keyboard Shortcuts export, licensed Illustrator 30.1.0 (Windows keys)",2026-09-24,effect.last @ crates/ui-egui/src/menus.rs:168
MENU-0269,Menus/Effect,menu,Effect > Document Raster Effects Settings,,,,,,Live Rasterize Effect Setting,,7,in,partial,verified,vectorsuite.md §5.4; docs/parity/shortcuts-30.1.csv (licensed 30.1),,"Keyboard Shortcuts export, licensed Illustrator 30.1.0 (Windows keys)",2026-09-24,document.rasterEffectsSettings @ crates/engine/src/cmd/rasterfx.rs:27
MENU-0270,Menus/View,menu,View > Outline / GPU Preview / Preview on CPU,,,,,[not listed in 30.1's Keyboard Shortcuts dialog under this name; confirm in the menu],,,1,in,planned,plan-2020,vectorsuite.md §5.4,,,,
MENU-0271,Menus/View,menu,View > Overprint Preview,Shortcut,Alt+Shift+Ctrl+Y,,key,,ink,,10,in,partial,verified,vectorsuite.md §5.4; docs/parity/shortcuts-30.1.csv (licensed 30.1),,"Keyboard Shortcuts export, licensed Illustrator 30.1.0 (Windows keys)",2026-09-24,view.overprintPreview @ crates/engine/src/cmd/colormgmt.rs:93
MENU-0272,Menus/View,menu,View > Pixel Preview,Shortcut,Alt+Ctrl+Y,,key,,raster,,1,in,partial,verified,vectorsuite.md §5.4; docs/parity/shortcuts-30.1.csv (licensed 30.1),,"Keyboard Shortcuts export, licensed Illustrator 30.1.0 (Windows keys)",2026-09-24,view.pixelPreview @ crates/ui-egui/src/menus.rs:161
MENU-0273,Menus/View,menu,View > Proof Setup,,,,,,,,10,in,n/a,verified,vectorsuite.md §5.4; docs/parity/shortcuts-30.1.csv (licensed 30.1),,"Keyboard Shortcuts export, licensed Illustrator 30.1.0 (Windows keys)",2026-09-24,
MENU-0274,Menus/View,menu,View > Proof Setup > Working CMYK,,,,,[not listed in 30.1's Keyboard Shortcuts dialog under this name; confirm in the menu],,,10,in,partial,plan-2020,vectorsuite.md §5.4,,,,view.proofSetup @ crates/engine/src/cmd/colormgmt.rs:81
MENU-0275,Menus/View,menu,View > Proof Setup > legacy Mac/Win RGB,,,,,[not listed in 30.1's Keyboard Shortcuts dialog under this name; confirm in the menu],,,10,in,planned,plan-2020,vectorsuite.md §5.4,,,,
MENU-0276,Menus/View,menu,View > Proof Setup > Monitor RGB,,,,,,proof-monitor-rgb,,10,in,partial,verified,vectorsuite.md §5.4; docs/parity/shortcuts-30.1.csv (licensed 30.1),,"Keyboard Shortcuts export, licensed Illustrator 30.1.0 (Windows keys)",2026-09-24,view.proofSetup @ crates/engine/src/cmd/colormgmt.rs:81
MENU-0277,Menus/View,menu,View > Proof Setup > colour blindness Protanopia/Deuteranopia,,,,,[not listed in 30.1's Keyboard Shortcuts dialog under this name; confirm in the menu],,,10,in,planned,plan-2020,vectorsuite.md §5.4,,,,
MENU-0278,Menus/View,menu,View > Proof Setup > Customize,,,,,,proof-custom,,10,in,partial,verified,vectorsuite.md §5.4; docs/parity/shortcuts-30.1.csv (licensed 30.1),,"Keyboard Shortcuts export, licensed Illustrator 30.1.0 (Windows keys)",2026-09-24,window.panel @ crates/ui-egui/src/menus.rs:199
MENU-0279,Menus/View,menu,View > Proof Colors,,,,,,proofColors,,10,in,partial,verified,vectorsuite.md §5.4; docs/parity/shortcuts-30.1.csv (licensed 30.1),,"Keyboard Shortcuts export, licensed Illustrator 30.1.0 (Windows keys)",2026-09-24,view.proofColors @ crates/engine/src/cmd/colormgmt.rs:89
MENU-0280,Menus/View,menu,View > Zoom In,Shortcut,Ctrl+=,,key,,zoomin,,1,in,partial,verified,vectorsuite.md §5.4; docs/parity/shortcuts-30.1.csv (licensed 30.1),,"Keyboard Shortcuts export, licensed Illustrator 30.1.0 (Windows keys)",2026-09-24,view.zoomIn @ crates/ui-egui/src/menus.rs:169
MENU-0281,Menus/View,menu,View > Zoom Out,Shortcut,Ctrl+-,,key,,zoomout,,1,in,partial,verified,vectorsuite.md §5.4; docs/parity/shortcuts-30.1.csv (licensed 30.1),,"Keyboard Shortcuts export, licensed Illustrator 30.1.0 (Windows keys)",2026-09-24,view.zoomOut @ crates/ui-egui/src/menus.rs:170
MENU-0282,Menus/View,menu,View > Fit Artboard in Window,Shortcut,Ctrl+0,,key,,fitin,,1,in,partial,verified,vectorsuite.md §5.4; docs/parity/shortcuts-30.1.csv (licensed 30.1),,"Keyboard Shortcuts export, licensed Illustrator 30.1.0 (Windows keys)",2026-09-24,view.fitArtboard @ crates/ui-egui/src/menus.rs:171
MENU-0283,Menus/View,menu,View > Fit All in Window,Shortcut,Alt+Ctrl+0,,key,,fitall,,1,in,partial,verified,vectorsuite.md §5.4; docs/parity/shortcuts-30.1.csv (licensed 30.1),,"Keyboard Shortcuts export, licensed Illustrator 30.1.0 (Windows keys)",2026-09-24,view.fitAll @ crates/ui-egui/src/menus.rs:172
MENU-0284,Menus/View,menu,View > Actual Size,Shortcut,Ctrl+1,,key,,actualsize,,1,in,partial,verified,vectorsuite.md §5.4; docs/parity/shortcuts-30.1.csv (licensed 30.1),,"Keyboard Shortcuts export, licensed Illustrator 30.1.0 (Windows keys)",2026-09-24,view.actualSize @ crates/ui-egui/src/menus.rs:173
MENU-0285,Menus/View,menu,View > Hide Edges,Shortcut,Ctrl+H,,key,,edge,,1,in,partial,verified,vectorsuite.md §5.4; docs/parity/shortcuts-30.1.csv (licensed 30.1),,"Keyboard Shortcuts export, licensed Illustrator 30.1.0 (Windows keys)",2026-09-24,view.edges @ crates/ui-egui/src/menus.rs:181
MENU-0286,Menus/View,menu,View > Hide Artboards,Shortcut,Shift+Ctrl+H,,key,,artboard,,1,in,partial,verified,vectorsuite.md §5.4; docs/parity/shortcuts-30.1.csv (licensed 30.1),,"Keyboard Shortcuts export, licensed Illustrator 30.1.0 (Windows keys)",2026-09-24,view.artboards @ crates/ui-egui/src/menus.rs:182
MENU-0287,Menus/View,menu,View > Show Print Tiling,,,,,,,,10,in,partial,verified,vectorsuite.md §5.4; docs/parity/shortcuts-30.1.csv (licensed 30.1),,"Keyboard Shortcuts export, licensed Illustrator 30.1.0 (Windows keys)",2026-09-24,view.printTiling @ crates/engine/src/cmd/printtiling.rs:20
MENU-0288,Menus/View,menu,View > Show Slices,,,,,,AISlice Feedback Menu,,10,in,planned,verified,vectorsuite.md §5.4; docs/parity/shortcuts-30.1.csv (licensed 30.1),,"Keyboard Shortcuts export, licensed Illustrator 30.1.0 (Windows keys)",2026-09-24,
MENU-0289,Menus/View,menu,View > Lock Slices,,,,,,AISlice Lock Menu,,10,in,partial,verified,vectorsuite.md §5.4; docs/parity/shortcuts-30.1.csv (licensed 30.1),,"Keyboard Shortcuts export, licensed Illustrator 30.1.0 (Windows keys)",2026-09-24,view.slices.lock @ crates/engine/src/cmd/slices.rs:114
MENU-0290,Menus/View,menu,View > Hide Template,Shortcut,Shift+Ctrl+W,,key,,,,1,in,planned,verified,vectorsuite.md §5.4; docs/parity/shortcuts-30.1.csv (licensed 30.1),,"Keyboard Shortcuts export, licensed Illustrator 30.1.0 (Windows keys)",2026-09-24,
MENU-0291,Menus/View,menu,View > Rulers,,,,,,,,1,in,n/a,verified,vectorsuite.md §5.4; docs/parity/shortcuts-30.1.csv (licensed 30.1),,"Keyboard Shortcuts export, licensed Illustrator 30.1.0 (Windows keys)",2026-09-24,
MENU-0292,Menus/View,menu,View > Rulers > Show,Shortcut,Ctrl+R,,key,,,,1,in,planned,verified,vectorsuite.md §5.4; docs/parity/shortcuts-30.1.csv (licensed 30.1),,"Keyboard Shortcuts export, licensed Illustrator 30.1.0 (Windows keys)",2026-09-24,
MENU-0293,Menus/View,menu,View > Rulers > Change to Global/Artboard Rulers,,,,,[not listed in 30.1's Keyboard Shortcuts dialog under this name; confirm in the menu],,,1,in,planned,plan-2020,vectorsuite.md §5.4,,,,
MENU-0294,Menus/View,menu,View > Rulers > Show Video Rulers,,,,,[not listed in 30.1's Keyboard Shortcuts dialog under this name; confirm in the menu],videoruler,,1,in,planned,verified,vectorsuite.md §5.4; docs/parity/menu-commands-30.1.csv,,30.1 .kys and shortcut export (licensed Illustrator 30.1.0),2026-09-24,
MENU-0295,Menus/View,menu,View > Hide Bounding Box,Shortcut,Shift+Ctrl+B,,key,,AI Bounding Box Toggle,,1,in,partial,verified,vectorsuite.md §5.4; docs/parity/shortcuts-30.1.csv (licensed 30.1),,"Keyboard Shortcuts export, licensed Illustrator 30.1.0 (Windows keys)",2026-09-24,view.boundingBox @ crates/ui-egui/src/menus.rs:184
MENU-0296,Menus/View,menu,View > Show Transparency Grid,Shortcut,Shift+Ctrl+D,,key,,TransparencyGrid Menu Item,,3,in,partial,verified,vectorsuite.md §5.4; docs/parity/shortcuts-30.1.csv (licensed 30.1),,"Keyboard Shortcuts export, licensed Illustrator 30.1.0 (Windows keys)",2026-09-24,view.transparencyGrid @ crates/engine/src/cmd/views.rs:35
MENU-0297,Menus/View,menu,View > Hide Text Threads,Shortcut,Shift+Ctrl+Y,,key,,,,5,in,partial,verified,vectorsuite.md §5.4; docs/parity/shortcuts-30.1.csv (licensed 30.1),,"Keyboard Shortcuts export, licensed Illustrator 30.1.0 (Windows keys)",2026-09-24,view.textThreads @ crates/ui-egui/src/menus.rs:165
MENU-0298,Menus/View,menu,View > Hide Gradient Annotator,Shortcut,Alt+Ctrl+G,,key,,Gradient Feedback,,3,in,partial,verified,vectorsuite.md §5.4; docs/parity/shortcuts-30.1.csv (licensed 30.1),,"Keyboard Shortcuts export, licensed Illustrator 30.1.0 (Windows keys)",2026-09-24,view.gradientAnnotator @ crates/ui-egui/src/menus.rs:166
MENU-0299,Menus/View,menu,View > Show Live Paint Gaps,,,,,,Show Gaps Planet X,,8,in,planned,verified,vectorsuite.md §5.4; docs/parity/shortcuts-30.1.csv (licensed 30.1),,"Keyboard Shortcuts export, licensed Illustrator 30.1.0 (Windows keys)",2026-09-24,
MENU-0300,Menus/View,menu,View > Guides,,,,,,,,1,in,n/a,verified,vectorsuite.md §5.4; docs/parity/shortcuts-30.1.csv (licensed 30.1),,"Keyboard Shortcuts export, licensed Illustrator 30.1.0 (Windows keys)",2026-09-24,
MENU-0301,Menus/View,menu,View > Guides > Hide,Shortcut,Ctrl+;,,key,,,,1,in,planned,verified,vectorsuite.md §5.4; docs/parity/shortcuts-30.1.csv (licensed 30.1),,"Keyboard Shortcuts export, licensed Illustrator 30.1.0 (Windows keys)",2026-09-24,
MENU-0302,Menus/View,menu,View > Guides > Lock,Shortcut,Alt+Ctrl+;,,key,,,,1,in,planned,verified,vectorsuite.md §5.4; docs/parity/shortcuts-30.1.csv (licensed 30.1),,"Keyboard Shortcuts export, licensed Illustrator 30.1.0 (Windows keys)",2026-09-24,
MENU-0303,Menus/View,menu,View > Guides > Make,Shortcut,Ctrl+5,,key,,,,1,in,planned,verified,vectorsuite.md §5.4; docs/parity/shortcuts-30.1.csv (licensed 30.1),,"Keyboard Shortcuts export, licensed Illustrator 30.1.0 (Windows keys)",2026-09-24,
MENU-0304,Menus/View,menu,View > Guides > Release,Shortcut,Alt+Ctrl+5,,key,,,,1,in,planned,verified,vectorsuite.md §5.4; docs/parity/shortcuts-30.1.csv (licensed 30.1),,"Keyboard Shortcuts export, licensed Illustrator 30.1.0 (Windows keys)",2026-09-24,
MENU-0305,Menus/View,menu,View > Guides > Clear,,,,,,,,1,in,planned,verified,vectorsuite.md §5.4; docs/parity/shortcuts-30.1.csv (licensed 30.1),,"Keyboard Shortcuts export, licensed Illustrator 30.1.0 (Windows keys)",2026-09-24,
MENU-0306,Menus/View,menu,View > Smart Guides,Shortcut,Ctrl+U,,key,,Snapomatic on-off menu item,,1,in,partial,verified,vectorsuite.md §5.4; docs/parity/shortcuts-30.1.csv (licensed 30.1),,"Keyboard Shortcuts export, licensed Illustrator 30.1.0 (Windows keys)",2026-09-24,view.smartGuides @ crates/ui-egui/src/menus.rs:186
MENU-0307,Menus/View,menu,View > Perspective Grid,,,,,,,,8,in,n/a,verified,vectorsuite.md §5.4; docs/parity/shortcuts-30.1.csv (licensed 30.1),,"Keyboard Shortcuts export, licensed Illustrator 30.1.0 (Windows keys)",2026-09-24,
MENU-0308,Menus/View,menu,View > Perspective Grid > Show,,,,,[not listed in 30.1's Keyboard Shortcuts dialog under this name; confirm in the menu],,,8,in,planned,plan-2020,vectorsuite.md §5.4,,,,
MENU-0309,Menus/View,menu,View > Perspective Grid > Show Rulers,Shortcut,Ctrl+R,,key,"Disputed 2026-10-08: this row's shortcut belongs to MENU-0681 (View > Rulers > Show Rulers, Ctrl+R) per Adobe's published table, and the app binds none here, so the export looks mis-attributed. Probably no default shortcut. Probe on the licensed install before binding anything.",Show Ruler,,8,in,partial,unverified,vectorsuite.md §5.4; docs/parity/shortcuts-30.1.csv (licensed 30.1),,"Keyboard Shortcuts export, licensed Illustrator 30.1.0 (Windows keys)",2026-09-24,perspective.grid.rulers @ crates/engine/src/cmd/perspgrid.rs:127
MENU-0310,Menus/View,menu,View > Perspective Grid > Snap to Grid,Shortcut,Shift+Ctrl+',,key,"Disputed 2026-10-08: this row's shortcut belongs to MENU-0317 (View > Snap to Grid, Shift+Ctrl+') per Adobe's published table, and the app binds none here, so the export looks mis-attributed. Probably no default shortcut. Probe on the licensed install before binding anything.",Snap to Grid,,8,in,partial,unverified,vectorsuite.md §5.4; docs/parity/shortcuts-30.1.csv (licensed 30.1),,"Keyboard Shortcuts export, licensed Illustrator 30.1.0 (Windows keys)",2026-09-24,perspective.grid.snap @ crates/engine/src/cmd/perspgrid.rs:118
MENU-0311,Menus/View,menu,View > Perspective Grid > Lock Grid,,,,,[not listed in 30.1's Keyboard Shortcuts dialog under this name; confirm in the menu],Lock Perspective Grid,,8,in,partial,verified,vectorsuite.md §5.4; docs/parity/menu-commands-30.1.csv,,30.1 .kys and shortcut export (licensed Illustrator 30.1.0),2026-09-24,perspective.grid.lock @ crates/engine/src/cmd/perspgrid.rs:100
MENU-0312,Menus/View,menu,View > Perspective Grid > Lock Station Point,,,,,[not listed in 30.1's Keyboard Shortcuts dialog under this name; confirm in the menu],Lock Station Point,,8,in,partial,verified,vectorsuite.md §5.4; docs/parity/menu-commands-30.1.csv,,30.1 .kys and shortcut export (licensed Illustrator 30.1.0),2026-09-24,perspective.grid.lockStation @ crates/engine/src/cmd/perspgrid.rs:109
MENU-0313,Menus/View,menu,View > Perspective Grid > Define Grid,,,,,[not listed in 30.1's Keyboard Shortcuts dialog under this name; confirm in the menu],Define Perspective Grid,,8,in,partial,verified,vectorsuite.md §5.4; docs/parity/menu-commands-30.1.csv,,30.1 .kys and shortcut export (licensed Illustrator 30.1.0),2026-09-24,ui.perspectiveGridDialog @ crates/ui-egui/src/menus.rs:618
MENU-0314,Menus/View,menu,View > Perspective Grid > One/Two/Three Point Perspective,,,,,[not listed in 30.1's Keyboard Shortcuts dialog under this name; confirm in the menu],,,8,in,planned,plan-2020,vectorsuite.md §5.4,,,,
MENU-0315,Menus/View,menu,View > Perspective Grid > Save Grid as Preset,,,,,[not listed in 30.1's Keyboard Shortcuts dialog under this name; confirm in the menu],Save Perspective Grid as Preset,,8,in,partial,verified,vectorsuite.md §5.4; docs/parity/menu-commands-30.1.csv,,30.1 .kys and shortcut export (licensed Illustrator 30.1.0),2026-09-24,ui.savePerspectivePreset @ crates/ui-egui/src/menus.rs:630
MENU-0316,Menus/View,menu,View > Show Grid,Shortcut,Ctrl+',,key,"Corrected 2026-10-08: the 30.1 Keyboard Shortcuts export had attributed Shift+Ctrl+I to this row, but that is Show/hide perspective grid (MENU-0689). Re-confirm on the licensed install.",showgrid,,1,in,partial,doc-30,docs/parity/shortcuts-default.csv (Adobe published default-shortcut table),,,,view.grid @ crates/ui-egui/src/menus.rs:187
MENU-0317,Menus/View,menu,View > Snap to Grid,Shortcut,Shift+Ctrl+',,key,,snapgrid,,1,in,partial,verified,vectorsuite.md §5.4; docs/parity/shortcuts-30.1.csv (licensed 30.1),,"Keyboard Shortcuts export, licensed Illustrator 30.1.0 (Windows keys)",2026-09-24,view.snapToGrid @ crates/ui-egui/src/menus.rs:188
MENU-0318,Menus/View,menu,View > Snap to Pixel,,,,,[not listed in 30.1's Keyboard Shortcuts dialog under this name; confirm in the menu],,,1,in,partial,plan-2020,vectorsuite.md §5.4,,,,view.snapToPixel @ crates/ui-egui/src/menus.rs:164
MENU-0319,Menus/View,menu,View > Snap to Point,Shortcut,Alt+Ctrl+',,key,,snappoint,,1,in,partial,verified,vectorsuite.md §5.4; docs/parity/shortcuts-30.1.csv (licensed 30.1),,"Keyboard Shortcuts export, licensed Illustrator 30.1.0 (Windows keys)",2026-09-24,view.snapToPoint @ crates/ui-egui/src/menus.rs:189
MENU-0320,Menus/View,menu,View > Snap to Glyph,,,,,[not listed in 30.1's Keyboard Shortcuts dialog under this name; confirm in the menu],,,5,in,planned,plan-2020,vectorsuite.md §5.4,,,,
MENU-0321,Menus/View,menu,View > Trim View,,,,,[not listed in 30.1's Keyboard Shortcuts dialog under this name; confirm in the menu],,,1,in,partial,plan-2020,vectorsuite.md §5.4,,,,view.trimView @ crates/ui-egui/src/menus.rs:162
MENU-0322,Menus/View,menu,View > Presentation Mode,,,,,[not listed in 30.1's Keyboard Shortcuts dialog under this name; confirm in the menu],,,1,in,partial,plan-2020,vectorsuite.md §5.4,,,,view.presentation @ crates/ui-egui/src/menus.rs:190
MENU-0323,Menus/View,menu,View > New View,,,,,,newview,,1,in,partial,verified,vectorsuite.md §5.4; docs/parity/shortcuts-30.1.csv (licensed 30.1),,"Keyboard Shortcuts export, licensed Illustrator 30.1.0 (Windows keys)",2026-09-24,view.saved.new @ crates/engine/src/cmd/views.rs:16
MENU-0324,Menus/View,menu,View > Edit Views,,,,,,editview,,1,in,partial,verified,vectorsuite.md §5.4; docs/parity/shortcuts-30.1.csv (licensed 30.1),,"Keyboard Shortcuts export, licensed Illustrator 30.1.0 (Windows keys)",2026-09-24,view.saved.edit @ crates/engine/src/cmd/views.rs:25
MENU-0325,Menus/Window,menu,Window > New Window,,,,,,newwindow,,1,in,partial,verified,vectorsuite.md §5.4; docs/parity/shortcuts-30.1.csv (licensed 30.1),,"Keyboard Shortcuts export, licensed Illustrator 30.1.0 (Windows keys)",2026-09-24,window.newWindow @ crates/ui-egui/src/menus.rs:214
MENU-0326,Menus/Window,menu,Window > Arrange,,,,,,,,1,in,n/a,verified,vectorsuite.md §5.4; docs/parity/shortcuts-30.1.csv (licensed 30.1),,"Keyboard Shortcuts export, licensed Illustrator 30.1.0 (Windows keys)",2026-09-24,
MENU-0327,Menus/Window,menu,Window > Workspace,,,,,,,,1,in,n/a,verified,vectorsuite.md §5.4; docs/parity/shortcuts-30.1.csv (licensed 30.1),,"Keyboard Shortcuts export, licensed Illustrator 30.1.0 (Windows keys)",2026-09-24,
MENU-0328,Menus/Window,menu,Window > Extensions,,,,,[not listed in 30.1's Keyboard Shortcuts dialog under this name; confirm in the menu],,,1,in,planned,plan-2020,vectorsuite.md §5.4,,,,
MENU-0329,Menus/Window,menu,Window > Extensions > local plugins,,,,,[not listed in 30.1's Keyboard Shortcuts dialog under this name; confirm in the menu],,,1,in,planned,plan-2020,vectorsuite.md §5.4,,,,
MENU-0330,Menus/Window,menu,Window > Control,,,,,,,,1,in,partial,verified,vectorsuite.md §5.4; docs/parity/shortcuts-30.1.csv (licensed 30.1),,"Keyboard Shortcuts export, licensed Illustrator 30.1.0 (Windows keys)",2026-09-24,window.control @ crates/ui-egui/src/menus.rs:193
MENU-0331,Menus/Window,menu,Window > Toolbars,,,,,,,,1,in,n/a,verified,vectorsuite.md §5.4; docs/parity/shortcuts-30.1.csv (licensed 30.1),,"Keyboard Shortcuts export, licensed Illustrator 30.1.0 (Windows keys)",2026-09-24,
MENU-0332,Menus/Window,menu,Window > and the library windows,,,,,[not listed in 30.1's Keyboard Shortcuts dialog under this name; confirm in the menu],,,1,in,planned,plan-2020,vectorsuite.md §5.4,,,,
MENU-0333,Menus/Help,menu,Help,,,,,"About, System Info, keyboard shortcut summary, local help. Online-only items are removed",,,1,in,n/a,plan-2020,vectorsuite.md §5.4,,,,
PATH-0001,Paths and shapes,feature,Anchors,,,,,"Smooth and corner points, independent handles, and handle retraction. Convert-point widgets in the Control and Properties panels: convert to corner or smooth, show/hide handles, remove anchors, cut path at anchors, connect endpoints, isolate selected object. Anchor, handle and highlight display sizes follow the preferences",,,4,in,planned,plan-2020,vectorsuite.md §5.5,,,,
PATH-0002,Paths and shapes,feature,Live shapes,,,,,"Rectangle, rounded rectangle, ellipse (pie angles), polygon (sides), star (a live shape since 28.3) and line. Transform-panel shape properties. Expand Shape. Convert to Shapes",,,4,in,planned,plan-2020,vectorsuite.md §5.5,,,,
PATH-0003,Paths and shapes,feature,Live corners,,,,,"on any path: the corner widget, the Corners dialog (Round, Inverted Round, Chamfer; radius; rounding Relative or Absolute), the corner limit indicator, and Alt-click to cycle corner types",,,4,in,planned,plan-2020,vectorsuite.md §5.5,,,,
PATH-0004,Paths and shapes,feature,Path commands,,,,,"Join (with corner/smooth options), Average (horizontal, vertical, both), Outline Stroke, Offset Path (offset, joins, miter limit), Simplify (24.0: an on-canvas slider for curve precision; the more-options dialog with Curve Precision %, Corner Point Angle Threshold, Convert to Straight Lines, Show Original, Keep Selected (legacy); Auto-Simplify and Minimum/Maximum points buttons), Add/Remove Anchor Points, Divide Objects Below, Split Into Grid (rows and columns with height, gutter, total; add guides), and Clean Up (stray points, unpainted objects, empty text paths)",,24.0,4,in,planned,plan-2020,vectorsuite.md §5.5,,,,
PATH-0005,Paths and shapes,feature,Reverse path direction,,,,,through the Attributes panel,,,4,in,planned,plan-2020,vectorsuite.md §5.5,,,,
PATH-0006,Paths and shapes,feature,Width profiles,,,,,"variable width stroke points, the built-in profile library, saving profiles, and profile flip. They apply to brush strokes",,,3,in,planned,plan-2020,vectorsuite.md §5.5,,,,
PAINT-0001,Colour and paint,feature,Colour models,,,,,"Grayscale, RGB, HSB, CMYK, Web Safe RGB, Lab (used by spot definitions). Spot colours with tint %, global process colours with tint, registration, none, and colour groups",,,3,in,planned,plan-2020,vectorsuite.md §5.6,,,,
PAINT-0002,Colour and paint,feature,Swatch libraries,,,,,"shipped with the app: Art History, Color Books, Color Properties, Corporate, Default, Earthtone, Foods, Gradients, Kids Stuff, Metal, Nature, Neutral, Patterns (Basic Graphics and Decorative), Scientific, Skintones, System (Mac/Windows), Textiles, VisiBone2, Web, User Defined. Color Books (PANTONE and similar) are licensed content (§9)",,,3,in,planned,plan-2020,vectorsuite.md §5.6,,,,
PAINT-0003,Colour and paint,feature,Recolor Artwork dialog,,,,,"Edit and Assign tabs; colour groups; harmony rules; smooth, segmented and bars colour wheels; brightness; link/unlink harmony colours; the Assign table (current → new, merge, separate, exclude, new row, randomise order and saturation/brightness); the colour reduction options (preset, colours, limit to library, sort, colorize method: exact / preserve tints / scale tints / tints and shades / hue shift; combine tints; preserve white, black, grays); recolor art checkbox; save changes to group; and ""Get colors from selected art""",,,3,in,planned,plan-2020,vectorsuite.md §5.6,,,,
PAINT-0004,Colour and paint,feature,Gradients,,,,,"Linear and radial (with aspect ratio and highlight). Freeform (23.0) with Points mode (colour stops with spread) and Lines mode (colour along curves). Opacity stops, midpoints, and gradients on strokes (within, along, across). The Gradient tool's on-art annotator. Gradient swatches",,23.0,3,in,planned,plan-2020,vectorsuite.md §5.6,,,,
PAINT-0005,Colour and paint,feature,Patterns,,,,,"the Pattern Options panel (§5.3), pattern editing mode with live tile preview, and transforming patterns independently (the Transform Objects / Patterns checkboxes and the `~` drag)",,,3,in,planned,plan-2020,vectorsuite.md §5.6,,,,
PAINT-0006,Colour and paint,feature,Gradient mesh,,,,,"Create Gradient Mesh (rows, columns, appearance flat / to centre / to edge, highlight %), the Mesh tool, per-node colour and opacity, and converting a gradient to a mesh on Expand",,,8,in,planned,plan-2020,vectorsuite.md §5.6,,,,
PAINT-0007,Colour and paint,feature,Live Paint,,,,,"make and merge groups, gap options (stop at small / medium / large gaps or a custom size, gap preview colour, close gaps with paths), faces and edges painted independently, expand, and release",,,8,in,planned,plan-2020,vectorsuite.md §5.6,,,,
PAINT-0008,Colour and paint,feature,Transparency,,,,,"16 blend modes (Normal, Darken, Multiply, Color Burn, Lighten, Screen, Color Dodge, Overlay, Soft Light, Hard Light, Difference, Exclusion, Hue, Saturation, Color, Luminosity), opacity per fill, stroke, object, group and layer, opacity masks, knockout groups, isolated blending, and flattening (flattener presets High/Medium/Low Resolution plus custom: raster/vector balance, line art and text resolution, gradient and mesh resolution, convert all text to outlines, convert all strokes to outlines, clip complex regions, anti-alias rasters, preserve alpha transparency, preserve overprints and spot colours)",,,3,in,planned,plan-2020,vectorsuite.md §5.6,,,,
PAINT-0009,Colour and paint,feature,Appearance and Graphic Styles,,,,,see §3.3 and the panels in §5.3,,,11,in,planned,plan-2020,vectorsuite.md §5.6,,,,
PAINT-0010,Colour and paint,feature,Eyedropper and Paint Bucket,,,,,attribute pickers,,,3,in,planned,plan-2020,vectorsuite.md §5.6,,,,
PAINT-0011,Colour and paint,feature,Overprint,,,,,"fill and stroke overprint attributes, Overprint Black, Overprint Preview, Separations Preview",,,10,in,planned,plan-2020,vectorsuite.md §5.6,,,,
TYPE-0001,Type,feature,Kinds,,,,,"point, area (any closed path), on a path (open or closed), their vertical variants, threading (in and out ports, overflow indicator), and Fill with Placeholder Text",,,5,in,planned,plan-2020,vectorsuite.md §5.9,,,,
TYPE-0002,Type,feature,Engine,,,,,"single-line and every-line composers, Japanese composers, hyphenation (per-language dictionaries, words longer than N, after first N, before last N, limit, zone, capitalised words), justification, optical margin alignment, roman hanging punctuation, and optical kerning",,,5,in,planned,plan-2020,vectorsuite.md §5.9,,,,
TYPE-0003,Type,feature,Fonts,,,,,"OpenType (all GSUB and GPOS features exposed in the OpenType panel and the in-context alternates widget), variable fonts (axis sliders), OpenType-SVG and emoji fonts, a font preview on hover in the menus, font filters (classification, favourites, recently added, similar), Find Font (replace across the document), Resolve Missing Fonts (local only), and substitution highlighting",,,5,in,planned,plan-2020,vectorsuite.md §5.9,,,,
TYPE-0004,Type,feature,Glyph features,,,,,"Glyphs panel, Touch Type, Snap to Glyph (baseline, x-height, glyph bounds, proximity guides, angular guides, anchor point) and glyph-bounds alignment (24.3)",,24.3,5,in,planned,plan-2020,vectorsuite.md §5.9,,,,
TYPE-0005,Type,feature,Text utilities,,,,,"Find and Replace (with options), Check Spelling plus Auto Spell Check (24.0) with local dictionaries (for example Hunspell, MPL/LGPL, §9), Change Case, Smart Punctuation, Show Hidden Characters, Create Outlines (text becomes compound paths grouped per character), Text Wrap (offset, invert), and Legacy Text updates",,24.0,5,in,planned,plan-2020,vectorsuite.md §5.9,,,,
TYPE-0006,Type,feature,Styles,,,,,"character and paragraph styles with every attribute, style overrides and ""Clear Overrides""",,,5,in,planned,plan-2020,vectorsuite.md §5.9,,,,
TYPE-0007,Type,feature,CJK,,,,,"tate-chu-yoko, warichu, mojikumi sets, kinsoku sets, burasagari, and aki settings, for parity with the East Asian feature set",,,5,in,planned,plan-2020,vectorsuite.md §5.9,,,,
OBJECT-0001,Objects and structure,feature,Transform,,,,,"Transform panel and dialogs, Transform Again (Ctrl+D), Transform Each, Reset Bounding Box, reference-point widget, ""scale strokes and effects"", ""transform patterns"", the Free Transform widget, and Puppet Warp",,,2,in,planned,plan-2020,vectorsuite.md §5.10,,,,
OBJECT-0002,Objects and structure,feature,Align and Distribute,,,,,"see §5.3. Key object via a click, and distribute-spacing values",,,2,in,planned,plan-2020,vectorsuite.md §5.10,,,,
OBJECT-0003,Objects and structure,feature,"Arrange, group, isolation mode",,,,,"double-click to isolate, a breadcrumb bar, isolating symbols, groups, clip contents and patterns, and ""Paste Remembers Layers""",,,2,in,planned,plan-2020,vectorsuite.md §5.10,,,,
OBJECT-0004,Objects and structure,feature,Pathfinder and Shape Builder,,,,,see §5.3 and §5.2,,,4,in,planned,plan-2020,vectorsuite.md §5.10,,,,
OBJECT-0005,Objects and structure,feature,Blends,,,,,"smooth colour / specified steps / specified distance, orientation (align to page / path), replace spine, reverse spine and front-to-back, expand, and blending between gradients, symbols and groups",,,8,in,planned,plan-2020,vectorsuite.md §5.10,,,,
OBJECT-0006,Objects and structure,feature,Envelope distort,,,,,"with Warp (the 15 styles), with Mesh (rows and columns), with Top Object. Envelope options: anti-alias, preserve shape using clipping mask or transparency, fidelity, distort appearance, distort linear gradient fills, distort pattern fills. Edit contents and expand",,,8,in,planned,plan-2020,vectorsuite.md §5.10,,,,
OBJECT-0007,Objects and structure,feature,Perspective,,,,,"one-, two- and three-point grids, grid presets, define grid (units, scale, gridline every, viewing angle and distance, horizon height, third vanishing point, grid colours and opacity), the plane-switching widget (with position), drawing in perspective, attaching and releasing, moving a plane to match an object, text and symbols in perspective (editable), dragging objects along a plane, and snapping",,,8,in,planned,plan-2020,vectorsuite.md §5.10,,,,
OBJECT-0008,Objects and structure,feature,"Clipping masks, compound paths, opacity masks",,,,,(§5.6),,,2,in,planned,plan-2020,vectorsuite.md §5.10,,,,
OBJECT-0009,Objects and structure,feature,Images,,,,,"Crop Image (with crop widget, PPI and optional content-aware suggestion ), Rasterize, Create Object Mosaic (tile size and number, gap, result colour/gray, resize by %, delete raster, use ratio), embed and unembed, and Image Trace (§6)",,,2,in,planned,unverified,vectorsuite.md §5.10,,,,
OBJECT-0010,Objects and structure,feature,Global Edit,,,,,"(23.0): select similar objects (same shape, appearance, size, on this artboard or all artboards) and edit them together",,23.0,4,in,planned,plan-2020,vectorsuite.md §5.10,,,,
OBJECT-0011,Objects and structure,feature,"Slices, Trim Marks, Make Pixel Perfect, Flatten Transparency",,,,,,,,10,in,planned,plan-2020,vectorsuite.md §5.10,,,,
OBJECT-0012,Objects and structure,feature,Artboards,,,,,"up to 1000 per document, a maximum size of 227″ × 227″ normally, and a ""large canvas"" of 2270″ × 2270″ (100× the area, created automatically above 227″; Adobe's 2025 docs; the 2020 sources said 2275″) with zoom limited to 0.313–6400 % (24.2), move/copy artwork with an artboard, rearrange, convert to artboards, fit to artwork, and cut/copy/paste artboards between documents (24.x)",,24.2,2,in,planned,plan-2020,vectorsuite.md §5.10,,,,
OBJECT-0013,Objects and structure,feature,"Guides, grids and rulers",,,,,"ruler guides, guides converted from paths, locking, smart guides (alignment, anchor/path labels, object highlighting, measurement labels, transform tools, construction guides at angle sets, snapping tolerance), grid (gridline every N, subdivisions, grids in back, show pixel grid above 600% zoom), and global versus artboard rulers",,,2,in,planned,plan-2020,vectorsuite.md §5.10,,,,
OBJECT-0014,Objects and structure,feature,Lock and hide,,,,,with on-canvas unlock (24.3),,24.3,2,in,planned,plan-2020,vectorsuite.md §5.10,,,,
GRAPH-0001,Graphs,feature,Nine graph types,,,,,"Nine graph types (Column, Stacked Column, Bar, Stacked Bar, Line, Area, Scatter, Pie, Radar)",,,11,in,planned,plan-2020,vectorsuite.md §5.11,,,,
GRAPH-0002,Graphs,feature,Graph Type dialog,,,,,"value axis position, style (add drop shadow, first row in front, first column in front, add legend across top), options (column width %, cluster width %, mark data points, connect points, edge-to-edge lines, draw filled lines with width), pie options (legend, sort, position), value axis (override tick values, min/max/divisions, tick marks, prefix, suffix), and category axis",,,11,in,planned,plan-2020,vectorsuite.md §5.11,,,,
GRAPH-0003,Graphs,feature,Graph data window,,,,,"import data (tab-delimited), transpose, switch x/y, cell style, revert, apply",,,11,in,planned,plan-2020,vectorsuite.md §5.11,,,,
GRAPH-0004,Graphs,feature,Graph designs,,,,,"Column and Marker designs using artwork, with vertically scaled, uniformly scaled, repeating or sliding designs",,,11,in,planned,plan-2020,vectorsuite.md §5.11,,,,
GRAPH-0005,Graphs,feature,Graphs stay live,,,,,Graphs stay live (plugin group) until ungrouped,,,11,in,planned,plan-2020,vectorsuite.md §5.11,,,,
AUTO-0001,Automation,feature,Actions,,,,,"the panel (§5.3) and `.aia` read and write. `.aia` is a text format with nested `/action-N` records and parameter dictionaries. Build a new codec, but the replay design comes from PhotoSuite. Also batch (source/destination folders, override commands, errors to log)",,,11,in,planned,plan-2020,vectorsuite.md §5.12,,,,
AUTO-0002,Automation,feature,Scripting,,,,,"run `.jsx` / `.js` files through the PhotoSuite AST interpreter with an Illustrator ExtendScript DOM: `app`, `Application`, `Document`, `Documents`, `Layer`, `PageItem` (and its subclasses `PathItem`, `CompoundPathItem`, `GroupItem`, `TextFrameItem`, `PlacedItem`, `RasterItem`, `SymbolItem`, `MeshItem`, `PluginItem`, `GraphItem`, `LegacyTextItem`), `PathPoint`, `Artboard`, `Swatch`, `Spot`, `Gradient`, `GradientStop`, `Pattern`, `Symbol`, `Brush`, `GraphicStyle`, `CharacterStyle`, `ParagraphStyle`, `TextRange`, `Story`, `Characters`, `Words`, `Lines`, `Paragraphs`, `InsertionPoint`, `Variable`, `DataSet`, `View`, `Preferences`, color classes (`RGBColor`, `CMYKColor`, `GrayColor`, `LabColor`, `SpotColor`, `GradientColor`, `PatternColor`, `NoColor`), save and export options classes (`IllustratorSaveOptions`, `PDFSaveOptions`, `EPSSaveOptions`, `ExportOptionsPNG24`, `ExportOptionsSVG`, …), `ImageCaptureOptions`, `TracingOptions` / `TracingObject` (Image Trace scripting), `Matrix` helpers, `app.executeMenuCommand(id)` with Illustrator's menu command strings, `app.doScript` (actions), `ScriptUI` dialogs (a subset), and `File` / `Folder` (sandboxed through the host). AppleScript and VBScript are out of scope",,,11,in,planned,plan-2020,vectorsuite.md §5.12,,,,
AUTO-0003,Automation,feature,Variables and data-driven graphics,,,,,see the Variables panel in §5.3. Batch export through actions,,,11,in,planned,plan-2020,vectorsuite.md §5.12,,,,
OUTPUT-0001,Output and colour management,feature,Print dialog,,,,,"General (copies, collate, reverse, artboards all/range, ignore artboards, skip blank artboards, media size, orientation, print layers (visible and printable / visible / all), placement, scaling (do not scale / fit to page / custom / tile full pages / tile imageable areas)), Marks and Bleed (trim, registration, colour bars, page information, printer mark type Roman/Japanese, trim mark weight, offset, bleeds), Output (mode: composite; separations are host-based ; emulsion, image, printer resolution, convert all spot colours to process, overprint black, document ink options), Graphics (paths flatness, fonts download, PostScript level, data format, compatible gradient and mesh printing), Color Management (profiles, rendering intent, preserve RGB/CMYK numbers), Advanced (print as bitmap, overprint and transparency flattener options), and Summary. Print presets. Print tiling. The PhotoSuite PDF-based print path is the transport",,,10,in,planned,unverified,vectorsuite.md §5.13,,,,
OUTPUT-0002,Output and colour management,feature,Color Settings,,,,,"working spaces, colour management policies, conversion options (engine, intent, black point compensation), and the standard presets (North America General Purpose 2, …). Implemented with lcms2 (§3.1)",,,10,in,planned,plan-2020,vectorsuite.md §5.13,,,,
OUTPUT-0003,Output and colour management,feature,Proofing,,,,,"Proof Setup and Proof Colors, Overprint Preview, Separations Preview, Flattener Preview",,,10,in,planned,plan-2020,vectorsuite.md §5.13,,,,
WEB-0001,Web and screen,feature,Pixel Preview,,,,,,,,10,in,planned,plan-2020,vectorsuite.md §5.14,,,,
WEB-0002,Web and screen,feature,align to pixel grid (per object and as a document default),,,,,,,,10,in,planned,plan-2020,vectorsuite.md §5.14,,,,
WEB-0003,Web and screen,feature,Snap to Pixel,,,,,,,,10,in,planned,plan-2020,vectorsuite.md §5.14,,,,
WEB-0004,Web and screen,feature,Make Pixel Perfect,,,,,,,,10,in,planned,plan-2020,vectorsuite.md §5.14,,,,
WEB-0005,Web and screen,feature,slices and Save Selected Slices,,,,,,,,10,in,planned,plan-2020,vectorsuite.md §5.14,,,,
WEB-0006,Web and screen,feature,the CSS Properties panel,,,,,,,,10,in,planned,plan-2020,vectorsuite.md §5.14,,,,
WEB-0007,Web and screen,feature,the SVG Interactivity panel,,,,,,,,10,in,planned,plan-2020,vectorsuite.md §5.14,,,,
WEB-0008,Web and screen,feature,Export for Screens and the Asset Export panel,,,,,,,,10,in,planned,plan-2020,vectorsuite.md §5.14,,,,
WEB-0009,Web and screen,feature,Save for Web (Legacy),,,,,,,,10,in,planned,plan-2020,vectorsuite.md §5.14,,,,
WEB-0010,Web and screen,feature,image maps (Attributes panel),,,,,,,,10,in,planned,plan-2020,vectorsuite.md §5.14,,,,
BRUSH-0001,Brushes,dialog,Calligraphic Brush Options,(dialog),,,,"Name, angle, roundness and size, each with variation Fixed / Random / Pressure / Stylus Wheel / Tilt / Bearing / Rotation",,,8,in,planned,plan-2020,vectorsuite.md §5.7,,,,
BRUSH-0002,Brushes,dialog,Scatter Brush Options,(dialog),,,,"Size, spacing, scatter, rotation (each Fixed / Random / Pressure / … with ranges), rotation relative to Page or Path, colorization (None, Tints, Tints and Shades, Hue Shift, with key colour and tips)",,,8,in,planned,plan-2020,vectorsuite.md §5.7,,,,
BRUSH-0003,Brushes,dialog,Art Brush Options,(dialog),,,,"Width (with pressure), brush scale options (scale proportionately, stretch to fit, stretch between guides), direction, flip along and across, colorization, overlap (adjust corners and folds)",,,8,in,planned,plan-2020,vectorsuite.md §5.7,,,,
BRUSH-0004,Brushes,dialog,Bristle Brush Options,(dialog),,,,"Shape (Round Point, Round Blunt, Round Curve, Round Angle, Flat Point, Flat Blunt, Flat Curve, Flat Angle, Fan), size, bristle length, bristle density, bristle thickness, paint opacity, stiffness. Warns about too many strokes when printing (rasterisation)",,,8,in,planned,plan-2020,vectorsuite.md §5.7,,,,
BRUSH-0005,Brushes,dialog,Pattern Brush Options,(dialog),,,,"Tiles (side, outer corner, inner corner, start, end; auto-generated corners: centered, between, slice, overlap), scale with variation, spacing, flip, fit (stretch, add space, approximate path), colorization",,,8,in,planned,plan-2020,vectorsuite.md §5.7,,,,
BRUSH-0006,Brushes,dialog,Blob Brush Brush Options,(dialog),,,,Tool that produces filled merged paths (§5.2),,,8,in,planned,plan-2020,vectorsuite.md §5.7,,,,
BRUSH-0007,Brushes,feature,Brush libraries,,,,,"Arrows, Artistic, Borders, Bristle Brush, Decorative, Image Brush, Vector Packs, Wacom 6D Brushes, User Defined. Stock library content needs a licensing review (R4)",,,8,in,planned,plan-2020,vectorsuite.md §5.7,,,,
EFFECT-0001,Effects/Illustrator,effect,Effect > 3D (classic) > Extrude & Bevel,,,,,"position presets such as Off-Axis Front … Isometric, X/Y/Z rotation, perspective, extrude depth, cap on/off, bevel from a library of about 10 profiles with height, bevel extent in/out, surface Wireframe / No Shading / Diffuse Shading / Plastic Shading, lighting sphere with multiple lights, intensity, ambient, highlight intensity and size, blend steps, shading colour, preserve spot colours, draw hidden faces, Map Art of symbols onto surfaces",,,7,in,planned,plan-2020,vectorsuite.md §5.8,,,,
EFFECT-0002,Effects/Illustrator,effect,Effect > 3D (classic) > Revolve,,,,,"angle, offset, from left/right edge, cap",,,7,in,planned,plan-2020,vectorsuite.md §5.8,,,,
EFFECT-0003,Effects/Illustrator,effect,Effect > 3D (classic) > Rotate,,,,,,,,7,in,planned,plan-2020,vectorsuite.md §5.8,,,,
EFFECT-0004,Effects/Illustrator,effect,Effect > Convert to Shape > Rectangle,,,,,,,,7,in,planned,plan-2020,vectorsuite.md §5.8,,,,
EFFECT-0005,Effects/Illustrator,effect,Effect > Convert to Shape > Rounded Rectangle,,,,,,,,7,in,planned,plan-2020,vectorsuite.md §5.8,,,,
EFFECT-0006,Effects/Illustrator,effect,Effect > Convert to Shape > Ellipse,,,,,"absolute or relative size, extra width and height, corner radius",,,7,in,planned,plan-2020,vectorsuite.md §5.8,,,,
EFFECT-0007,Effects/Illustrator,effect,Effect > Crop Marks,,,,,,,,7,in,planned,plan-2020,vectorsuite.md §5.8,,,,
EFFECT-0008,Effects/Illustrator,effect,Effect > Distort & Transform > Free Distort,,,,,,,,7,in,planned,plan-2020,vectorsuite.md §5.8,,,,
EFFECT-0009,Effects/Illustrator,effect,Effect > Distort & Transform > Pucker & Bloat,,,,,,,,7,in,planned,plan-2020,vectorsuite.md §5.8,,,,
EFFECT-0010,Effects/Illustrator,effect,Effect > Distort & Transform > Roughen,,,,,"size, relative/absolute, detail, smooth/corner points",,,7,in,planned,plan-2020,vectorsuite.md §5.8,,,,
EFFECT-0011,Effects/Illustrator,effect,Effect > Distort & Transform > Transform,,,,,"like Transform Each, with copies",,,7,in,planned,plan-2020,vectorsuite.md §5.8,,,,
EFFECT-0012,Effects/Illustrator,effect,Effect > Distort & Transform > Tweak,,,,,,,,7,in,planned,plan-2020,vectorsuite.md §5.8,,,,
EFFECT-0013,Effects/Illustrator,effect,Effect > Distort & Transform > Twist,,,,,,,,7,in,planned,plan-2020,vectorsuite.md §5.8,,,,
EFFECT-0014,Effects/Illustrator,effect,Effect > Distort & Transform > Zig Zag,,,,,"size, ridges per segment, smooth/corner",,,7,in,planned,plan-2020,vectorsuite.md §5.8,,,,
EFFECT-0015,Effects/Illustrator,effect,Effect > Path > Offset Path,,,,,,,,7,in,planned,plan-2020,vectorsuite.md §5.8,,,,
EFFECT-0016,Effects/Illustrator,effect,Effect > Path > Outline Object,,,,,,,,7,in,planned,plan-2020,vectorsuite.md §5.8,,,,
EFFECT-0017,Effects/Illustrator,effect,Effect > Path > Outline Stroke,,,,,,,,7,in,planned,plan-2020,vectorsuite.md §5.8,,,,
EFFECT-0018,Effects/Illustrator,effect,Effect > Pathfinder > Add,,,,,,,,7,in,planned,plan-2020,vectorsuite.md §5.8,,,,
EFFECT-0019,Effects/Illustrator,effect,Effect > Pathfinder > Intersect,,,,,,,,7,in,planned,plan-2020,vectorsuite.md §5.8,,,,
EFFECT-0020,Effects/Illustrator,effect,Effect > Pathfinder > Exclude,,,,,,,,7,in,planned,plan-2020,vectorsuite.md §5.8,,,,
EFFECT-0021,Effects/Illustrator,effect,Effect > Pathfinder > Subtract,,,,,,,,7,in,planned,plan-2020,vectorsuite.md §5.8,,,,
EFFECT-0022,Effects/Illustrator,effect,Effect > Pathfinder > Minus Back,,,,,,,,7,in,planned,plan-2020,vectorsuite.md §5.8,,,,
EFFECT-0023,Effects/Illustrator,effect,Effect > Pathfinder > Divide,,,,,,,,7,in,planned,plan-2020,vectorsuite.md §5.8,,,,
EFFECT-0024,Effects/Illustrator,effect,Effect > Pathfinder > Trim,,,,,,,,7,in,planned,plan-2020,vectorsuite.md §5.8,,,,
EFFECT-0025,Effects/Illustrator,effect,Effect > Pathfinder > Merge,,,,,,,,7,in,planned,plan-2020,vectorsuite.md §5.8,,,,
EFFECT-0026,Effects/Illustrator,effect,Effect > Pathfinder > Crop,,,,,,,,7,in,planned,plan-2020,vectorsuite.md §5.8,,,,
EFFECT-0027,Effects/Illustrator,effect,Effect > Pathfinder > Outline,,,,,,,,7,in,planned,plan-2020,vectorsuite.md §5.8,,,,
EFFECT-0028,Effects/Illustrator,effect,Effect > Pathfinder > Hard Mix,,,,,,,,7,in,planned,plan-2020,vectorsuite.md §5.8,,,,
EFFECT-0029,Effects/Illustrator,effect,Effect > Pathfinder > Soft Mix,,,,,mixing rate,,,7,in,planned,plan-2020,vectorsuite.md §5.8,,,,
EFFECT-0030,Effects/Illustrator,effect,Effect > Pathfinder > Trap,,,,,"height/width, tint reduction, traps with process colour, reverse traps",,,7,in,planned,plan-2020,vectorsuite.md §5.8,,,,
EFFECT-0031,Effects/Illustrator,effect,Effect > Rasterize > Colour model,,,,,,,,7,in,planned,plan-2020,vectorsuite.md §5.8,,,,
EFFECT-0032,Effects/Illustrator,effect,Effect > Rasterize > resolution,,,,,use document raster effects resolution,,,7,in,planned,plan-2020,vectorsuite.md §5.8,,,,
EFFECT-0033,Effects/Illustrator,effect,Effect > Rasterize > background,,,,,,,,7,in,planned,plan-2020,vectorsuite.md §5.8,,,,
EFFECT-0034,Effects/Illustrator,effect,Effect > Rasterize > anti-aliasing,,,,,none / optimise art / optimise type,,,7,in,planned,plan-2020,vectorsuite.md §5.8,,,,
EFFECT-0035,Effects/Illustrator,effect,Effect > Rasterize > create clipping mask,,,,,,,,7,in,planned,plan-2020,vectorsuite.md §5.8,,,,
EFFECT-0036,Effects/Illustrator,effect,Effect > Rasterize > add space around object,,,,,,,,7,in,planned,plan-2020,vectorsuite.md §5.8,,,,
EFFECT-0037,Effects/Illustrator,effect,Effect > Stylize > Drop Shadow,,,,,"mode, opacity, X/Y offset, blur, colour or darkness",,,7,in,planned,plan-2020,vectorsuite.md §5.8,,,,
EFFECT-0038,Effects/Illustrator,effect,Effect > Stylize > Feather,,,,,,,,7,in,planned,plan-2020,vectorsuite.md §5.8,,,,
EFFECT-0039,Effects/Illustrator,effect,Effect > Stylize > Inner Glow,,,,,"mode, colour, opacity, blur, centre/edge",,,7,in,planned,plan-2020,vectorsuite.md §5.8,,,,
EFFECT-0040,Effects/Illustrator,effect,Effect > Stylize > Outer Glow,,,,,,,,7,in,planned,plan-2020,vectorsuite.md §5.8,,,,
EFFECT-0041,Effects/Illustrator,effect,Effect > Stylize > Round Corners,,,,,,,,7,in,planned,plan-2020,vectorsuite.md §5.8,,,,
EFFECT-0042,Effects/Illustrator,effect,Effect > Stylize > Scribble,,,,,"settings presets, angle, path overlap, variation, stroke width, curviness, spacing, each with variation",,,7,in,planned,plan-2020,vectorsuite.md §5.8,,,,
EFFECT-0043,Effects/Illustrator,effect,Effect > SVG Filters > Apply SVG Filter,,,,,,,,7,in,planned,plan-2020,vectorsuite.md §5.8,,,,
EFFECT-0044,Effects/Illustrator,effect,Effect > SVG Filters > Import SVG Filter,,,,,,,,7,in,planned,plan-2020,vectorsuite.md §5.8,,,,
EFFECT-0045,Effects/Illustrator,effect,Effect > SVG Filters > the built-in library,,,,,"AI_Alpha_1…, AI_Shadow, AI_Turbulence …",,,7,in,planned,plan-2020,vectorsuite.md §5.8,,,,
EFFECT-0046,Effects/Illustrator,effect,Effect > Warp > Arc,,,,,"Horizontal/vertical orientation, bend %, horizontal/vertical distortion %",,,7,in,planned,plan-2020,vectorsuite.md §5.8,,,,
EFFECT-0047,Effects/Illustrator,effect,Effect > Warp > Arc Lower,,,,,"Horizontal/vertical orientation, bend %, horizontal/vertical distortion %",,,7,in,planned,plan-2020,vectorsuite.md §5.8,,,,
EFFECT-0048,Effects/Illustrator,effect,Effect > Warp > Arc Upper,,,,,"Horizontal/vertical orientation, bend %, horizontal/vertical distortion %",,,7,in,planned,plan-2020,vectorsuite.md §5.8,,,,
EFFECT-0049,Effects/Illustrator,effect,Effect > Warp > Arch,,,,,"Horizontal/vertical orientation, bend %, horizontal/vertical distortion %",,,7,in,planned,plan-2020,vectorsuite.md §5.8,,,,
EFFECT-0050,Effects/Illustrator,effect,Effect > Warp > Bulge,,,,,"Horizontal/vertical orientation, bend %, horizontal/vertical distortion %",,,7,in,planned,plan-2020,vectorsuite.md §5.8,,,,
EFFECT-0051,Effects/Illustrator,effect,Effect > Warp > Shell Lower,,,,,"Horizontal/vertical orientation, bend %, horizontal/vertical distortion %",,,7,in,planned,plan-2020,vectorsuite.md §5.8,,,,
EFFECT-0052,Effects/Illustrator,effect,Effect > Warp > Shell Upper,,,,,"Horizontal/vertical orientation, bend %, horizontal/vertical distortion %",,,7,in,planned,plan-2020,vectorsuite.md §5.8,,,,
EFFECT-0053,Effects/Illustrator,effect,Effect > Warp > Flag,,,,,"Horizontal/vertical orientation, bend %, horizontal/vertical distortion %",,,7,in,planned,plan-2020,vectorsuite.md §5.8,,,,
EFFECT-0054,Effects/Illustrator,effect,Effect > Warp > Wave,,,,,"Horizontal/vertical orientation, bend %, horizontal/vertical distortion %",,,7,in,planned,plan-2020,vectorsuite.md §5.8,,,,
EFFECT-0055,Effects/Illustrator,effect,Effect > Warp > Fish,,,,,"Horizontal/vertical orientation, bend %, horizontal/vertical distortion %",,,7,in,planned,plan-2020,vectorsuite.md §5.8,,,,
EFFECT-0056,Effects/Illustrator,effect,Effect > Warp > Rise,,,,,"Horizontal/vertical orientation, bend %, horizontal/vertical distortion %",,,7,in,planned,plan-2020,vectorsuite.md §5.8,,,,
EFFECT-0057,Effects/Illustrator,effect,Effect > Warp > Fisheye,,,,,"Horizontal/vertical orientation, bend %, horizontal/vertical distortion %",,,7,in,planned,plan-2020,vectorsuite.md §5.8,,,,
EFFECT-0058,Effects/Illustrator,effect,Effect > Warp > Inflate,,,,,"Horizontal/vertical orientation, bend %, horizontal/vertical distortion %",,,7,in,planned,plan-2020,vectorsuite.md §5.8,,,,
EFFECT-0059,Effects/Illustrator,effect,Effect > Warp > Squeeze,,,,,"Horizontal/vertical orientation, bend %, horizontal/vertical distortion %",,,7,in,planned,plan-2020,vectorsuite.md §5.8,,,,
EFFECT-0060,Effects/Illustrator,effect,Effect > Warp > Twist,,,,,"Horizontal/vertical orientation, bend %, horizontal/vertical distortion %",,,7,in,planned,plan-2020,vectorsuite.md §5.8,,,,
EFFECT-0061,Effects/Photoshop,effect,Effect > Effect Gallery,,,,,Reuse PhotoSuite's gallery,,,7,in,planned,plan-2020,vectorsuite.md §5.8,,,,
EFFECT-0062,Effects/Photoshop,effect,Effect > Artistic > Colored Pencil,,,,,"Raster, at document raster-effects resolution; reuse PhotoSuite filter",,,7,in,planned,plan-2020,vectorsuite.md §5.8,,,,
EFFECT-0063,Effects/Photoshop,effect,Effect > Artistic > Cutout,,,,,"Raster, at document raster-effects resolution; reuse PhotoSuite filter",,,7,in,planned,plan-2020,vectorsuite.md §5.8,,,,
EFFECT-0064,Effects/Photoshop,effect,Effect > Artistic > Dry Brush,,,,,"Raster, at document raster-effects resolution; reuse PhotoSuite filter",,,7,in,planned,plan-2020,vectorsuite.md §5.8,,,,
EFFECT-0065,Effects/Photoshop,effect,Effect > Artistic > Film Grain,,,,,"Raster, at document raster-effects resolution; reuse PhotoSuite filter",,,7,in,planned,plan-2020,vectorsuite.md §5.8,,,,
EFFECT-0066,Effects/Photoshop,effect,Effect > Artistic > Fresco,,,,,"Raster, at document raster-effects resolution; reuse PhotoSuite filter",,,7,in,planned,plan-2020,vectorsuite.md §5.8,,,,
EFFECT-0067,Effects/Photoshop,effect,Effect > Artistic > Neon Glow,,,,,"Raster, at document raster-effects resolution; reuse PhotoSuite filter",,,7,in,planned,plan-2020,vectorsuite.md §5.8,,,,
EFFECT-0068,Effects/Photoshop,effect,Effect > Artistic > Paint Daubs,,,,,"Raster, at document raster-effects resolution; reuse PhotoSuite filter",,,7,in,planned,plan-2020,vectorsuite.md §5.8,,,,
EFFECT-0069,Effects/Photoshop,effect,Effect > Artistic > Palette Knife,,,,,"Raster, at document raster-effects resolution; reuse PhotoSuite filter",,,7,in,planned,plan-2020,vectorsuite.md §5.8,,,,
EFFECT-0070,Effects/Photoshop,effect,Effect > Artistic > Plastic Wrap,,,,,"Raster, at document raster-effects resolution; reuse PhotoSuite filter",,,7,in,planned,plan-2020,vectorsuite.md §5.8,,,,
EFFECT-0071,Effects/Photoshop,effect,Effect > Artistic > Poster Edges,,,,,"Raster, at document raster-effects resolution; reuse PhotoSuite filter",,,7,in,planned,plan-2020,vectorsuite.md §5.8,,,,
EFFECT-0072,Effects/Photoshop,effect,Effect > Artistic > Rough Pastels,,,,,"Raster, at document raster-effects resolution; reuse PhotoSuite filter",,,7,in,planned,plan-2020,vectorsuite.md §5.8,,,,
EFFECT-0073,Effects/Photoshop,effect,Effect > Artistic > Smudge Stick,,,,,"Raster, at document raster-effects resolution; reuse PhotoSuite filter",,,7,in,planned,plan-2020,vectorsuite.md §5.8,,,,
EFFECT-0074,Effects/Photoshop,effect,Effect > Artistic > Sponge,,,,,"Raster, at document raster-effects resolution; reuse PhotoSuite filter",,,7,in,planned,plan-2020,vectorsuite.md §5.8,,,,
EFFECT-0075,Effects/Photoshop,effect,Effect > Artistic > Underpainting,,,,,"Raster, at document raster-effects resolution; reuse PhotoSuite filter",,,7,in,planned,plan-2020,vectorsuite.md §5.8,,,,
EFFECT-0076,Effects/Photoshop,effect,Effect > Artistic > Watercolor,,,,,"Raster, at document raster-effects resolution; reuse PhotoSuite filter",,,7,in,planned,plan-2020,vectorsuite.md §5.8,,,,
EFFECT-0077,Effects/Photoshop,effect,Effect > Blur > Gaussian Blur,,,,,"Raster, at document raster-effects resolution; reuse PhotoSuite filter",,,7,in,planned,plan-2020,vectorsuite.md §5.8,,,,
EFFECT-0078,Effects/Photoshop,effect,Effect > Blur > Radial Blur,,,,,"Raster, at document raster-effects resolution; reuse PhotoSuite filter",,,7,in,planned,plan-2020,vectorsuite.md §5.8,,,,
EFFECT-0079,Effects/Photoshop,effect,Effect > Blur > Smart Blur,,,,,"Raster, at document raster-effects resolution; reuse PhotoSuite filter",,,7,in,planned,plan-2020,vectorsuite.md §5.8,,,,
EFFECT-0080,Effects/Photoshop,effect,Effect > Brush Strokes > Accented Edges,,,,,"Raster, at document raster-effects resolution; reuse PhotoSuite filter",,,7,in,planned,plan-2020,vectorsuite.md §5.8,,,,
EFFECT-0081,Effects/Photoshop,effect,Effect > Brush Strokes > Angled Strokes,,,,,"Raster, at document raster-effects resolution; reuse PhotoSuite filter",,,7,in,planned,plan-2020,vectorsuite.md §5.8,,,,
EFFECT-0082,Effects/Photoshop,effect,Effect > Brush Strokes > Crosshatch,,,,,"Raster, at document raster-effects resolution; reuse PhotoSuite filter",,,7,in,planned,plan-2020,vectorsuite.md §5.8,,,,
EFFECT-0083,Effects/Photoshop,effect,Effect > Brush Strokes > Dark Strokes,,,,,"Raster, at document raster-effects resolution; reuse PhotoSuite filter",,,7,in,planned,plan-2020,vectorsuite.md §5.8,,,,
EFFECT-0084,Effects/Photoshop,effect,Effect > Brush Strokes > Ink Outlines,,,,,"Raster, at document raster-effects resolution; reuse PhotoSuite filter",,,7,in,planned,plan-2020,vectorsuite.md §5.8,,,,
EFFECT-0085,Effects/Photoshop,effect,Effect > Brush Strokes > Spatter,,,,,"Raster, at document raster-effects resolution; reuse PhotoSuite filter",,,7,in,planned,plan-2020,vectorsuite.md §5.8,,,,
EFFECT-0086,Effects/Photoshop,effect,Effect > Brush Strokes > Sprayed Strokes,,,,,"Raster, at document raster-effects resolution; reuse PhotoSuite filter",,,7,in,planned,plan-2020,vectorsuite.md §5.8,,,,
EFFECT-0087,Effects/Photoshop,effect,Effect > Brush Strokes > Sumi-e,,,,,"Raster, at document raster-effects resolution; reuse PhotoSuite filter",,,7,in,planned,plan-2020,vectorsuite.md §5.8,,,,
EFFECT-0088,Effects/Photoshop,effect,Effect > Distort > Diffuse Glow,,,,,"Raster, at document raster-effects resolution; reuse PhotoSuite filter",,,7,in,planned,plan-2020,vectorsuite.md §5.8,,,,
EFFECT-0089,Effects/Photoshop,effect,Effect > Distort > Glass,,,,,"Raster, at document raster-effects resolution; reuse PhotoSuite filter",,,7,in,planned,plan-2020,vectorsuite.md §5.8,,,,
EFFECT-0090,Effects/Photoshop,effect,Effect > Distort > Ocean Ripple,,,,,"Raster, at document raster-effects resolution; reuse PhotoSuite filter",,,7,in,planned,plan-2020,vectorsuite.md §5.8,,,,
EFFECT-0091,Effects/Photoshop,effect,Effect > Pixelate > Color Halftone,,,,,"Raster, at document raster-effects resolution; reuse PhotoSuite filter",,,7,in,planned,plan-2020,vectorsuite.md §5.8,,,,
EFFECT-0092,Effects/Photoshop,effect,Effect > Pixelate > Crystallize,,,,,"Raster, at document raster-effects resolution; reuse PhotoSuite filter",,,7,in,planned,plan-2020,vectorsuite.md §5.8,,,,
EFFECT-0093,Effects/Photoshop,effect,Effect > Pixelate > Mezzotint,,,,,"Raster, at document raster-effects resolution; reuse PhotoSuite filter",,,7,in,planned,plan-2020,vectorsuite.md §5.8,,,,
EFFECT-0094,Effects/Photoshop,effect,Effect > Pixelate > Pointillize,,,,,"Raster, at document raster-effects resolution; reuse PhotoSuite filter",,,7,in,planned,plan-2020,vectorsuite.md §5.8,,,,
EFFECT-0095,Effects/Photoshop,effect,Effect > Sketch > Bas Relief,,,,,"Raster, at document raster-effects resolution; reuse PhotoSuite filter",,,7,in,planned,plan-2020,vectorsuite.md §5.8,,,,
EFFECT-0096,Effects/Photoshop,effect,Effect > Sketch > Chalk & Charcoal,,,,,"Raster, at document raster-effects resolution; reuse PhotoSuite filter",,,7,in,planned,plan-2020,vectorsuite.md §5.8,,,,
EFFECT-0097,Effects/Photoshop,effect,Effect > Sketch > Charcoal,,,,,"Raster, at document raster-effects resolution; reuse PhotoSuite filter",,,7,in,planned,plan-2020,vectorsuite.md §5.8,,,,
EFFECT-0098,Effects/Photoshop,effect,Effect > Sketch > Chrome,,,,,"Raster, at document raster-effects resolution; reuse PhotoSuite filter",,,7,in,planned,plan-2020,vectorsuite.md §5.8,,,,
EFFECT-0099,Effects/Photoshop,effect,Effect > Sketch > Conté Crayon,,,,,"Raster, at document raster-effects resolution; reuse PhotoSuite filter",,,7,in,planned,plan-2020,vectorsuite.md §5.8,,,,
EFFECT-0100,Effects/Photoshop,effect,Effect > Sketch > Graphic Pen,,,,,"Raster, at document raster-effects resolution; reuse PhotoSuite filter",,,7,in,planned,plan-2020,vectorsuite.md §5.8,,,,
EFFECT-0101,Effects/Photoshop,effect,Effect > Sketch > Halftone Pattern,,,,,"Raster, at document raster-effects resolution; reuse PhotoSuite filter",,,7,in,planned,plan-2020,vectorsuite.md §5.8,,,,
EFFECT-0102,Effects/Photoshop,effect,Effect > Sketch > Note Paper,,,,,"Raster, at document raster-effects resolution; reuse PhotoSuite filter",,,7,in,planned,plan-2020,vectorsuite.md §5.8,,,,
EFFECT-0103,Effects/Photoshop,effect,Effect > Sketch > Photocopy,,,,,"Raster, at document raster-effects resolution; reuse PhotoSuite filter",,,7,in,planned,plan-2020,vectorsuite.md §5.8,,,,
EFFECT-0104,Effects/Photoshop,effect,Effect > Sketch > Plaster,,,,,"Raster, at document raster-effects resolution; reuse PhotoSuite filter",,,7,in,planned,plan-2020,vectorsuite.md §5.8,,,,
EFFECT-0105,Effects/Photoshop,effect,Effect > Sketch > Reticulation,,,,,"Raster, at document raster-effects resolution; reuse PhotoSuite filter",,,7,in,planned,plan-2020,vectorsuite.md §5.8,,,,
EFFECT-0106,Effects/Photoshop,effect,Effect > Sketch > Stamp,,,,,"Raster, at document raster-effects resolution; reuse PhotoSuite filter",,,7,in,planned,plan-2020,vectorsuite.md §5.8,,,,
EFFECT-0107,Effects/Photoshop,effect,Effect > Sketch > Torn Edges,,,,,"Raster, at document raster-effects resolution; reuse PhotoSuite filter",,,7,in,planned,plan-2020,vectorsuite.md §5.8,,,,
EFFECT-0108,Effects/Photoshop,effect,Effect > Sketch > Water Paper,,,,,"Raster, at document raster-effects resolution; reuse PhotoSuite filter",,,7,in,planned,plan-2020,vectorsuite.md §5.8,,,,
EFFECT-0109,Effects/Photoshop,effect,Effect > Stylize > Glowing Edges,,,,,"Raster, at document raster-effects resolution; reuse PhotoSuite filter",,,7,in,planned,plan-2020,vectorsuite.md §5.8,,,,
EFFECT-0110,Effects/Photoshop,effect,Effect > Texture > Craquelure,,,,,"Raster, at document raster-effects resolution; reuse PhotoSuite filter",,,7,in,planned,plan-2020,vectorsuite.md §5.8,,,,
EFFECT-0111,Effects/Photoshop,effect,Effect > Texture > Grain,,,,,"Raster, at document raster-effects resolution; reuse PhotoSuite filter",,,7,in,planned,plan-2020,vectorsuite.md §5.8,,,,
EFFECT-0112,Effects/Photoshop,effect,Effect > Texture > Mosaic Tiles,,,,,"Raster, at document raster-effects resolution; reuse PhotoSuite filter",,,7,in,planned,plan-2020,vectorsuite.md §5.8,,,,
EFFECT-0113,Effects/Photoshop,effect,Effect > Texture > Patchwork,,,,,"Raster, at document raster-effects resolution; reuse PhotoSuite filter",,,7,in,planned,plan-2020,vectorsuite.md §5.8,,,,
EFFECT-0114,Effects/Photoshop,effect,Effect > Texture > Stained Glass,,,,,"Raster, at document raster-effects resolution; reuse PhotoSuite filter",,,7,in,planned,plan-2020,vectorsuite.md §5.8,,,,
EFFECT-0115,Effects/Photoshop,effect,Effect > Texture > Texturizer,,,,,"Raster, at document raster-effects resolution; reuse PhotoSuite filter",,,7,in,planned,plan-2020,vectorsuite.md §5.8,,,,
EFFECT-0116,Effects/Photoshop,effect,Effect > Video > De-Interlace,,,,,"Raster, at document raster-effects resolution; reuse PhotoSuite filter",,,7,in,planned,plan-2020,vectorsuite.md §5.8,,,,
EFFECT-0117,Effects/Photoshop,effect,Effect > Video > NTSC Colors,,,,,"Raster, at document raster-effects resolution; reuse PhotoSuite filter",,,7,in,planned,plan-2020,vectorsuite.md §5.8,,,,
EFFECT-0118,Effects,dialog,Document Raster Effects Settings,(dialog),,,,"Colour model, resolution (72/150/300/other), background (white/transparent), anti-alias, type-optimized, create clipping mask, add N around object, preserve spot colours",,,7,in,planned,plan-2020,vectorsuite.md §5.8,,,,
TRACE-0001,Image Trace/Panel,panel,Image Trace,Preset,,"Two sets, Enhanced Presets and Legacy Presets (a switch in the Preset dropdown). Each set holds \[Default], High Fidelity Photo, Low Fidelity Photo, 3 Colors, 6 Colors, 16 Colors, Shades of Gray, Black and White Logo, Sketched Art, Silhouettes, Line Art and Technical Drawing , plus user presets. \[Custom] appears when edited",,"Manage Presets: Save as New Preset, Delete, Rename. Built-in presets are shown in square brackets and can't be edited or deleted. Enhanced presets switch on Gradients, Shapes, Transparency and Auto Grouping per preset (see those rows). Legacy presets leave them off",,,9,in,planned,unverified,"vectorsuite.md §6.2 (Adobe, Feb 2026)",,,,
TRACE-0002,Image Trace/Panel,panel,Image Trace,View,,Tracing Result; Tracing Result with Outlines; Outlines; Outlines with Source Image; Source Image,,Display only; it does not change the result. Press & hold to view source image (next to View) compares the result with the source,,,9,in,planned,doc-30,"vectorsuite.md §6.2 (Adobe, Feb 2026)",,,,
TRACE-0003,Image Trace/Panel,panel,Image Trace,Mode,,Color; Grayscale; Black and White,,,,,9,in,planned,doc-30,"vectorsuite.md §6.2 (Adobe, Feb 2026)",,,,
TRACE-0004,Image Trace/Panel,panel,Image Trace,Palette (Color mode),,Automatic; Limited; Full Tone; Document Library,,"Automatic switches between Limited and Full Tone depending on the image. Document Library uses a colour group from the Swatches panel (the Colors control becomes a dropdown), and output colours map to those swatches (global swatches stay linked )",,,9,in,planned,unverified,"vectorsuite.md §6.2 (Adobe, Feb 2026)",,,,
TRACE-0005,Image Trace/Panel,panel,Image Trace,Colors (Color mode),,"Limited: the number of colours, from 2 to about 30 . Automatic: 0 (simplicity) to 100 (accuracy). Full Tone: 0–100 %, the pixel variability within a fill region (100 % gives more, smaller regions; 0 % gives fewer, larger ones)",,,,,9,in,planned,unverified,"vectorsuite.md §6.2 (Adobe, Feb 2026)",,,,
TRACE-0006,Image Trace/Panel,panel,Image Trace,Grays (Grayscale),,1–100 %,,Maps to the number of grey levels,,,9,in,planned,doc-30,"vectorsuite.md §6.2 (Adobe, Feb 2026)",,,,
TRACE-0007,Image Trace/Panel,panel,Image Trace,Threshold (B&W),,"1–255, default 128",,Pixels darker than the threshold become black,,,9,in,planned,doc-30,"vectorsuite.md §6.2 (Adobe, Feb 2026)",,,,
TRACE-0008,Image Trace/Panel,panel,Image Trace,Advanced ▸ Paths,,"0–100 %, default 50 %",,Fitting tightness. Lower gives looser fitting and fewer anchors; higher gives a tighter fit and more anchors,,,9,in,planned,unverified,"vectorsuite.md §6.2 (Adobe, Feb 2026)",,,,
TRACE-0009,Image Trace/Panel,panel,Image Trace,Advanced ▸ Corners,,"0–100 %, default 75 %",,Higher gives more corners (sharper); lower gives rounder curves,,,9,in,planned,unverified,"vectorsuite.md §6.2 (Adobe, Feb 2026)",,,,
TRACE-0010,Image Trace/Panel,panel,Image Trace,Advanced ▸ Noise,,"1–100 px, default 25 px",,Regions smaller than this area (in pixels) are ignored or merged. Higher gives cleaner output,,,9,in,planned,unverified,"vectorsuite.md §6.2 (Adobe, Feb 2026)",,,,
TRACE-0011,Image Trace/Panel,panel,Image Trace,Method,,Abutting (cut-out paths) · Overlapping (stacked paths),,"See §6.4, step T5",,,9,in,planned,doc-30,"vectorsuite.md §6.2 (Adobe, Feb 2026)",,,,
TRACE-0012,Image Trace/Panel,panel,Image Trace,Create,,Fills · Strokes (Strokes only in Black and White mode ) · Gradients (29.0),,"Gradients detects linear gradients and traces them as gradient fills. It needs Mode Color or Grayscale with Palette Automatic or Full Tone, or the enhanced High and Low Fidelity Photo presets. It has a Smooth slider: higher gives smoother gradients",,,9,in,planned,unverified,"vectorsuite.md §6.2 (Adobe, Feb 2026)",,,,
TRACE-0013,Image Trace/Panel,panel,Image Trace,Stroke,,"Maximum stroke width in px (default 10 px ), enabled with Strokes",,Thin features up to this width become stroked paths,,,9,in,planned,unverified,"vectorsuite.md §6.2 (Adobe, Feb 2026)",,,,
TRACE-0014,Image Trace/Panel,panel,Image Trace,Options ▸ Snap Curves To Lines,,on / off,,"Curves that are nearly straight, near 0° or 90°, snap to lines and right angles",,,9,in,planned,doc-30,"vectorsuite.md §6.2 (Adobe, Feb 2026)",,,,
TRACE-0015,Image Trace/Panel,panel,Image Trace,Options ▸ Transparency (29.0),,on / off,,"Transparent backgrounds are not traced as white (this replaces the alpha rule in T0 when on). It needs Mode Color, and with Palette Limited at least four colours. It is built into the enhanced High and Low Fidelity Photo, 6 Colors and 16 Colors presets",,29.0,9,in,planned,doc-30,"vectorsuite.md §6.2 (Adobe, Feb 2026)",,,,
TRACE-0016,Image Trace/Panel,panel,Image Trace,Options ▸ Ignore Color,,"on / off, plus a colour picker",,2020's Ignore White is now Ignore Color: any picked colour is ignored. Not available with Grayscale and Overlapping. Scripting still exposes `ignoreWhite` (a 30.x fix note mentions it). The UI default colour is white,,,9,in,planned,unverified,"vectorsuite.md §6.2 (Adobe, Feb 2026)",,,,
TRACE-0017,Image Trace/Panel,panel,Image Trace,Shapes (29.0),,on / off,,"Detects isolated circles, squares and rectangles and emits them as live shapes (§5.5). Slightly rotated rectangles are less accurate. Built into every enhanced preset except High Fidelity Photo",,29.0,9,in,planned,doc-30,"vectorsuite.md §6.2 (Adobe, Feb 2026)",,,,
TRACE-0018,Image Trace/Panel,panel,Image Trace,Auto Grouping (29.0),,on / off,,"Organises result paths into logical groups, which appear in the Layers panel after Expand . Built into every enhanced preset",,29.0,9,in,planned,unverified,"vectorsuite.md §6.2 (Adobe, Feb 2026)",,,,
TRACE-0019,Image Trace/Panel,panel,Image Trace,Info,,"Paths, Anchors, Colors",,Updated after every trace. 2020 also showed Areas and Image PPI,,,9,in,planned,unverified,"vectorsuite.md §6.2 (Adobe, Feb 2026)",,,,
TRACE-0020,Image Trace/Panel,panel,Image Trace,Expand button,,,,"Converts the result to paths, as Object → Image Trace → Expand does",,,9,in,planned,doc-30,"vectorsuite.md §6.2 (Adobe, Feb 2026)",,,,
TRACE-0021,Image Trace/Panel,panel,Image Trace,Preview checkbox + Trace button,,"With Preview on, every change re-traces (debounced). Otherwise nothing happens until Trace is pressed",,A progress bar with a cancel button appears for long traces,,,9,in,planned,doc-30,"vectorsuite.md §6.2 (Adobe, Feb 2026)",,,,
TRACE-0022,Image Trace/Presets,preset,[Default],(preset),Mode Black and White; Threshold 128; Paths 50; Corners 75; Noise 25; Abutting; Fills; Snap Curves To Lines,,,"Scripting view: ignoreWhite reads false for every preset (a 30.1 scripting bug fixed in 30.3), autoGrouping false and the palette type unreadable, so these three still need the panel; Gradients, Shapes and Transparency are not exposed to scripting",,,9,in,planned,verified,vectorsuite.md §6.3; scripts/research/illustrator/probe-baseline.jsx (licensed 30.1),,probe-baseline.jsx on licensed Illustrator 30.1.0 (136R),2026-09-24,
TRACE-0023,Image Trace/Presets,preset,High Fidelity Photo,(preset),Mode Color; Colors 30; Color fidelity 85; Paths 50; Corners 50; Noise 5; Overlapping; Fills,,,"Scripting view: ignoreWhite reads false for every preset (a 30.1 scripting bug fixed in 30.3), autoGrouping false and the palette type unreadable, so these three still need the panel; Gradients, Shapes and Transparency are not exposed to scripting",,,9,in,planned,verified,vectorsuite.md §6.3; scripts/research/illustrator/probe-baseline.jsx (licensed 30.1),,probe-baseline.jsx on licensed Illustrator 30.1.0 (136R),2026-09-24,
TRACE-0024,Image Trace/Presets,preset,Low Fidelity Photo,(preset),Mode Color; Colors 30; Color fidelity 20; Paths 50; Corners 50; Noise 10; Overlapping; Fills,,,"Scripting view: ignoreWhite reads false for every preset (a 30.1 scripting bug fixed in 30.3), autoGrouping false and the palette type unreadable, so these three still need the panel; Gradients, Shapes and Transparency are not exposed to scripting",,,9,in,planned,verified,vectorsuite.md §6.3; scripts/research/illustrator/probe-baseline.jsx (licensed 30.1),,probe-baseline.jsx on licensed Illustrator 30.1.0 (136R),2026-09-24,
TRACE-0025,Image Trace/Presets,preset,3 Colors,(preset),Mode Color; Colors 3; Color fidelity 100; Paths 50; Corners 50; Noise 15; Abutting; Fills,,,"Scripting view: ignoreWhite reads false for every preset (a 30.1 scripting bug fixed in 30.3), autoGrouping false and the palette type unreadable, so these three still need the panel; Gradients, Shapes and Transparency are not exposed to scripting",,,9,in,planned,verified,vectorsuite.md §6.3; scripts/research/illustrator/probe-baseline.jsx (licensed 30.1),,probe-baseline.jsx on licensed Illustrator 30.1.0 (136R),2026-09-24,
TRACE-0026,Image Trace/Presets,preset,6 Colors,(preset),Mode Color; Colors 6; Color fidelity 100; Paths 50; Corners 50; Noise 15; Abutting; Fills,,,"Scripting view: ignoreWhite reads false for every preset (a 30.1 scripting bug fixed in 30.3), autoGrouping false and the palette type unreadable, so these three still need the panel; Gradients, Shapes and Transparency are not exposed to scripting",,,9,in,planned,verified,vectorsuite.md §6.3; scripts/research/illustrator/probe-baseline.jsx (licensed 30.1),,probe-baseline.jsx on licensed Illustrator 30.1.0 (136R),2026-09-24,
TRACE-0027,Image Trace/Presets,preset,16 Colors,(preset),Mode Color; Colors 16; Color fidelity 100; Paths 50; Corners 50; Noise 15; Abutting; Fills,,,"Scripting view: ignoreWhite reads false for every preset (a 30.1 scripting bug fixed in 30.3), autoGrouping false and the palette type unreadable, so these three still need the panel; Gradients, Shapes and Transparency are not exposed to scripting",,,9,in,planned,verified,vectorsuite.md §6.3; scripts/research/illustrator/probe-baseline.jsx (licensed 30.1),,probe-baseline.jsx on licensed Illustrator 30.1.0 (136R),2026-09-24,
TRACE-0028,Image Trace/Presets,preset,Shades of Gray,(preset),Mode Grayscale; Grays 50; Paths 50; Corners 50; Noise 15; Overlapping; Fills,,,"Scripting view: ignoreWhite reads false for every preset (a 30.1 scripting bug fixed in 30.3), autoGrouping false and the palette type unreadable, so these three still need the panel; Gradients, Shapes and Transparency are not exposed to scripting",,,9,in,planned,verified,vectorsuite.md §6.3; scripts/research/illustrator/probe-baseline.jsx (licensed 30.1),,probe-baseline.jsx on licensed Illustrator 30.1.0 (136R),2026-09-24,
TRACE-0029,Image Trace/Presets,preset,Black and White Logo,(preset),Mode Black and White; Threshold 128; Paths 50; Corners 75; Noise 25; Abutting; Fills; Snap Curves To Lines,,,"Scripting view: ignoreWhite reads false for every preset (a 30.1 scripting bug fixed in 30.3), autoGrouping false and the palette type unreadable, so these three still need the panel; Gradients, Shapes and Transparency are not exposed to scripting",,,9,in,planned,verified,vectorsuite.md §6.3; scripts/research/illustrator/probe-baseline.jsx (licensed 30.1),,probe-baseline.jsx on licensed Illustrator 30.1.0 (136R),2026-09-24,
TRACE-0030,Image Trace/Presets,preset,Sketched Art,(preset),Mode Black and White; Threshold 128; Paths 50; Corners 50; Noise 20; Abutting; Fills,,,"Scripting view: ignoreWhite reads false for every preset (a 30.1 scripting bug fixed in 30.3), autoGrouping false and the palette type unreadable, so these three still need the panel; Gradients, Shapes and Transparency are not exposed to scripting",,,9,in,planned,verified,vectorsuite.md §6.3; scripts/research/illustrator/probe-baseline.jsx (licensed 30.1),,probe-baseline.jsx on licensed Illustrator 30.1.0 (136R),2026-09-24,
TRACE-0031,Image Trace/Presets,preset,Silhouettes,(preset),Mode Black and White; Threshold 230; Paths 50; Corners 50; Noise 90; Abutting; Fills,,,"Scripting view: ignoreWhite reads false for every preset (a 30.1 scripting bug fixed in 30.3), autoGrouping false and the palette type unreadable, so these three still need the panel; Gradients, Shapes and Transparency are not exposed to scripting",,,9,in,planned,verified,vectorsuite.md §6.3; scripts/research/illustrator/probe-baseline.jsx (licensed 30.1),,probe-baseline.jsx on licensed Illustrator 30.1.0 (136R),2026-09-24,
TRACE-0032,Image Trace/Presets,preset,Line Art,(preset),Mode Black and White; Threshold 128; Paths 50; Corners 75; Noise 20; Abutting; Strokes; Max stroke 50,,,"Scripting view: ignoreWhite reads false for every preset (a 30.1 scripting bug fixed in 30.3), autoGrouping false and the palette type unreadable, so these three still need the panel; Gradients, Shapes and Transparency are not exposed to scripting",,,9,in,planned,verified,vectorsuite.md §6.3; scripts/research/illustrator/probe-baseline.jsx (licensed 30.1),,probe-baseline.jsx on licensed Illustrator 30.1.0 (136R),2026-09-24,
TRACE-0033,Image Trace/Presets,preset,Technical Drawing,(preset),Mode Black and White; Threshold 128; Paths 50; Corners 100; Noise 1; Abutting; Strokes; Max stroke 10; Snap Curves To Lines,,,"Scripting view: ignoreWhite reads false for every preset (a 30.1 scripting bug fixed in 30.3), autoGrouping false and the palette type unreadable, so these three still need the panel; Gradients, Shapes and Transparency are not exposed to scripting",,,9,in,planned,verified,vectorsuite.md §6.3; scripts/research/illustrator/probe-baseline.jsx (licensed 30.1),,probe-baseline.jsx on licensed Illustrator 30.1.0 (136R),2026-09-24,
TOOL-0090,Tools/Navigation,tool,Rotate View,Shortcut,Shift+H,,key,Under the Hand tool. Space+Shift drag switches temporarily. On-canvas angle widget; two-finger trackpad rotation about the cursor,,25.3,1,in,planned,verified,docs/parity/notes-30.1.md#rotate-view; docs/parity/shortcuts-30.1.csv (licensed 30.1),,"Keyboard Shortcuts export, licensed Illustrator 30.1.0 (Windows keys)",2026-09-24,
MENU-0334,Menus/View,menu,View > Rotate View,,,,,Preset angles (also a status-bar dropdown),,25.3,1,in,planned,verified,docs/parity/notes-30.1.md#rotate-view; docs/parity/shortcuts-30.1.csv (licensed 30.1),,"Keyboard Shortcuts export, licensed Illustrator 30.1.0 (Windows keys)",2026-09-24,
MENU-0335,Menus/View,menu,View > Rotate View to Selection,,,,,,,25.3,1,in,planned,verified,docs/parity/notes-30.1.md#rotate-view; docs/parity/shortcuts-30.1.csv (licensed 30.1),,"Keyboard Shortcuts export, licensed Illustrator 30.1.0 (Windows keys)",2026-09-24,
MENU-0336,Menus/View,menu,View > Reset Rotate View,Shortcut,Shift+Ctrl+1,,key,Esc twice also resets; View > New View saves a rotation,resetRotationView,25.3,1,in,partial,verified,docs/parity/notes-30.1.md#rotate-view; docs/parity/shortcuts-30.1.csv (licensed 30.1),,"Keyboard Shortcuts export, licensed Illustrator 30.1.0 (Windows keys)",2026-09-24,view.rotateReset @ crates/ui-egui/src/menus.rs:192
SHELL-0016,Shell,feature,Large canvas,Size,2270 × 2270,,in,"100× the normal canvas; created automatically when an artboard exceeds 227 in or the artboards don't fit. Exports only PDF, PNG, JPEG, PS, TIFF, SVG; Slices and Save for Web may be unavailable",,24.2,1,in,planned,doc-30,docs/parity/notes-30.1.md#large-canvas,,,,
SHELL-0017,Shell,feature,Large canvas,Zoom range,,0.313–6400,%,,,,1,in,planned,doc-30,docs/parity/notes-30.1.md#large-canvas,,,,
SHELL-0018,Shell,dialog,New Document,Category tabs,"Recent, Saved, Mobile, Web, Print, Branding, Social, Art & Illustration, Film & Video, Free Templates",,,View more; Preset Details pane edits before Create. Stock templates out of scope,,,1,in,planned,doc-30,docs/parity/notes-30.1.md#new-document,,,,
SHELL-0019,Shell/Contextual Task Bar,feature,Contextual Task Bar,(bar),,,,"Floating on-canvas bar; move, reset position, pin, hide (Window > Contextual Task Bar restores). Generative entries left out (§1.2)",,28.3,1,in,planned,doc-30,docs/parity/notes-30.1.md#contextual-task-bar,,,,
SHELL-0020,Shell/Contextual Task Bar,feature,Contextual Task Bar,Blank canvas,,,,"Draw (Pencil), Place Image",,28.3,1,in,planned,doc-30,docs/parity/notes-30.1.md#contextual-task-bar,,,,
SHELL-0021,Shell/Contextual Task Bar,feature,Contextual Task Bar,Path (Selection tool),,,,"Fill and Stroke; open path adds Join Path, Edit Path; closed shape adds Edit Path, Lock Object (live shapes show shape properties instead)",,28.3,1,in,planned,doc-30,docs/parity/notes-30.1.md#contextual-task-bar,,,,
SHELL-0022,Shell/Contextual Task Bar,feature,Contextual Task Bar,Several paths,,,,"Group, Align; Recolor when colours differ",,28.3,1,in,planned,doc-30,docs/parity/notes-30.1.md#contextual-task-bar,,,,
SHELL-0023,Shell/Contextual Task Bar,feature,Contextual Task Bar,Group,,,,"Ungroup, Isolate group, Recolor object",,28.3,1,in,planned,doc-30,docs/parity/notes-30.1.md#contextual-task-bar,,,,
SHELL-0024,Shell/Contextual Task Bar,feature,Contextual Task Bar,Compound path,,,,"Edit Path, Fill, Stroke, Release",,28.3,1,in,planned,doc-30,docs/parity/notes-30.1.md#contextual-task-bar,,,,
SHELL-0025,Shell/Contextual Task Bar,feature,Contextual Task Bar,Basic shape tools,,,,"Edit Path, Fill, Stroke, shape properties",,28.3,1,in,planned,doc-30,docs/parity/notes-30.1.md#contextual-task-bar,,,,
SHELL-0026,Shell/Contextual Task Bar,feature,Contextual Task Bar,Direct Selection on a path,,,,"Simplify, Smooth, Remove/Connect/Cut at anchors, Convert to corner/smooth",,28.3,1,in,planned,doc-30,docs/parity/notes-30.1.md#contextual-task-bar,,,,
SHELL-0027,Shell/Contextual Task Bar,feature,Contextual Task Bar,Type,,,,"Font family, style, size, Fill; Area/Point type conversion; Type On Path; Outline. Hidden while Touch Type is active",,28.3,1,in,planned,doc-30,docs/parity/notes-30.1.md#contextual-task-bar,,,,
SHELL-0028,Shell/Contextual Task Bar,feature,Contextual Task Bar,Image,,,,"Image Trace (Default preset), Crop Image; linked: Embed, Relink, Edit in Photoshop; embedded: Relink",,28.3,1,in,planned,doc-30,docs/parity/notes-30.1.md#contextual-task-bar,,,,
SHELL-0029,Shell/Contextual Task Bar,feature,Contextual Task Bar,Image and vector,,,,"Clip Mask, Align, Group",,28.3,1,in,planned,doc-30,docs/parity/notes-30.1.md#contextual-task-bar,,,,
SHELL-0030,Shell/Contextual Task Bar,feature,Contextual Task Bar,Clipping mask,,,,"Edit Mask, Release",,28.3,1,in,planned,doc-30,docs/parity/notes-30.1.md#contextual-task-bar,,,,
SHELL-0031,Shell/Contextual Task Bar,feature,Contextual Task Bar,"Artboard, Smooth, Free Transform, Dimension, Objects on Path tools",,,,The tool's options,,28.3,1,in,planned,doc-30,docs/parity/notes-30.1.md#contextual-task-bar,,,,
PANEL-0322,Panels/History,panel,History,(panel),,,,"Click a state to revert; Step Backward/Forward, Set History Limit, Clear History, new document from state; editing after a state drops later states; cleared on close",,26.4,1,in,planned,doc-30,docs/parity/notes-30.1.md#history-panel,,,,
SHELL-0032,Preferences/Performance,preference,Preferences > Performance,History States,100,,states,,,,1,in,planned,doc-30,docs/parity/notes-30.1.md#history-panel,,,,
SHELL-0033,Preferences,preference,Preferences,Category: General,,,,Category list from Adobe's Aug 2026 page; confirm it matches 30.1,,,1,in,planned,unverified,docs/parity/notes-30.1.md#preferences-categories,,,,
SHELL-0034,Preferences,preference,Preferences,Category: Selection & Anchor Display,,,,Category list from Adobe's Aug 2026 page; confirm it matches 30.1,,,1,in,planned,unverified,docs/parity/notes-30.1.md#preferences-categories,,,,
SHELL-0035,Preferences,preference,Preferences,Category: Type,,,,Category list from Adobe's Aug 2026 page; confirm it matches 30.1,,,1,in,planned,unverified,docs/parity/notes-30.1.md#preferences-categories,,,,
SHELL-0036,Preferences,preference,Preferences,Category: Units,,,,Category list from Adobe's Aug 2026 page; confirm it matches 30.1,,,1,in,planned,unverified,docs/parity/notes-30.1.md#preferences-categories,,,,
SHELL-0037,Preferences,preference,Preferences,Category: Guides & Grid,,,,Category list from Adobe's Aug 2026 page; confirm it matches 30.1,,,1,in,planned,unverified,docs/parity/notes-30.1.md#preferences-categories,,,,
SHELL-0038,Preferences,preference,Preferences,Category: Smart Guides,,,,Category list from Adobe's Aug 2026 page; confirm it matches 30.1,,,1,in,planned,unverified,docs/parity/notes-30.1.md#preferences-categories,,,,
SHELL-0039,Preferences,preference,Preferences,Category: Slices,,,,Category list from Adobe's Aug 2026 page; confirm it matches 30.1,,,1,in,planned,unverified,docs/parity/notes-30.1.md#preferences-categories,,,,
SHELL-0040,Preferences,preference,Preferences,Category: Hyphenation,,,,Category list from Adobe's Aug 2026 page; confirm it matches 30.1,,,1,in,planned,unverified,docs/parity/notes-30.1.md#preferences-categories,,,,
SHELL-0041,Preferences,preference,Preferences,Category: Plug-ins & Scratch Disks,,,,Category list from Adobe's Aug 2026 page; confirm it matches 30.1,,,1,in,planned,unverified,docs/parity/notes-30.1.md#preferences-categories,,,,
SHELL-0042,Preferences,preference,Preferences,Category: User Interface,,,,Category list from Adobe's Aug 2026 page; confirm it matches 30.1,,,1,in,planned,unverified,docs/parity/notes-30.1.md#preferences-categories,,,,
SHELL-0043,Preferences,preference,Preferences,Category: Performance,,,,Category list from Adobe's Aug 2026 page; confirm it matches 30.1,,,1,in,planned,unverified,docs/parity/notes-30.1.md#preferences-categories,,,,
SHELL-0044,Preferences,preference,Preferences,Category: File Handling,,,,Category list from Adobe's Aug 2026 page; confirm it matches 30.1,,,1,in,planned,unverified,docs/parity/notes-30.1.md#preferences-categories,,,,
SHELL-0045,Preferences,preference,Preferences,Category: Clipboard Handling,,,,Category list from Adobe's Aug 2026 page; confirm it matches 30.1,,,1,in,planned,unverified,docs/parity/notes-30.1.md#preferences-categories,,,,
SHELL-0046,Preferences,preference,Preferences,Category: Appearance of Black,,,,Category list from Adobe's Aug 2026 page; confirm it matches 30.1,,,1,in,planned,unverified,docs/parity/notes-30.1.md#preferences-categories,,,,
SHELL-0047,Preferences,preference,Preferences,Category: Devices,,,,Category list from Adobe's Aug 2026 page; confirm it matches 30.1,,,1,in,planned,unverified,docs/parity/notes-30.1.md#preferences-categories,,,,
SHELL-0048,Preferences,preference,Preferences,Search Preferences,,,,Ctrl/Cmd+K opens with search focused; Ctrl/Cmd+F returns to it; Enter or See all results,,29.7,1,in,planned,doc-30,docs/parity/notes-30.1.md#preferences-categories,,,,
SHELL-0049,Preferences/Smart Guides,preference,Preferences > Smart Guides,Object Guides,,,,,,,2,in,planned,doc-30,docs/parity/notes-30.1.md#snapping-and-smart-guides,,,,
SHELL-0050,Preferences/Smart Guides,preference,Preferences > Smart Guides,Glyphs Guides,,,,,,,2,in,planned,doc-30,docs/parity/notes-30.1.md#snapping-and-smart-guides,,,,
SHELL-0051,Preferences/Smart Guides,preference,Preferences > Smart Guides,Alignment Guides,,,,,,,2,in,planned,doc-30,docs/parity/notes-30.1.md#snapping-and-smart-guides,,,,
SHELL-0052,Preferences/Smart Guides,preference,Preferences > Smart Guides,Anchor/Path Labels,,,,,,,2,in,planned,doc-30,docs/parity/notes-30.1.md#snapping-and-smart-guides,,,,
SHELL-0053,Preferences/Smart Guides,preference,Preferences > Smart Guides,Object Highlighting,,,,,,,2,in,planned,doc-30,docs/parity/notes-30.1.md#snapping-and-smart-guides,,,,
SHELL-0054,Preferences/Smart Guides,preference,Preferences > Smart Guides,Measurement Labels,,,,,,,2,in,planned,doc-30,docs/parity/notes-30.1.md#snapping-and-smart-guides,,,,
SHELL-0055,Preferences/Smart Guides,preference,Preferences > Smart Guides,Transform Tools,,,,,,,2,in,planned,doc-30,docs/parity/notes-30.1.md#snapping-and-smart-guides,,,,
SHELL-0056,Preferences/Smart Guides,preference,Preferences > Smart Guides,Spacing Guides,,,,,,,2,in,planned,doc-30,docs/parity/notes-30.1.md#snapping-and-smart-guides,,,,
SHELL-0057,Preferences/Smart Guides,preference,Preferences > Smart Guides,Invoke Distance Guides,,,,,,,2,in,planned,doc-30,docs/parity/notes-30.1.md#snapping-and-smart-guides,,,,
SHELL-0058,Preferences/Smart Guides,preference,Preferences > Smart Guides,Snap to Last Location,,,,,,,2,in,planned,doc-30,docs/parity/notes-30.1.md#snapping-and-smart-guides,,,,
SHELL-0059,Preferences/Smart Guides,preference,Preferences > Smart Guides,Construction Guides,,up to 6 angles,,,,,2,in,planned,doc-30,docs/parity/notes-30.1.md#snapping-and-smart-guides,,,,
SHELL-0060,Preferences/Smart Guides,preference,Preferences > Smart Guides,Snapping Tolerance,,,pt,,,,2,in,planned,doc-30,docs/parity/notes-30.1.md#snapping-and-smart-guides,,,,
SHELL-0061,Preferences/Smart Guides,preference,Preferences > Smart Guides,Geometric Guides,On,,,Controls snap to tangent and perpendicular,,30.0,2,in,planned,doc-30,docs/parity/notes-30.1.md#snapping-and-smart-guides,,,,
OBJECT-0015,Snapping,feature,Snap to tangent,,On,,,"Line/Pen endpoint snaps tangent to a curve, circle or arc; endpoints only",,30.0,2,in,planned,doc-30,docs/parity/notes-30.1.md#snapping-and-smart-guides,,,,
OBJECT-0016,Snapping,feature,Snap to perpendicular,,On,,,Line/Pen endpoint snaps at 90° to a straight path; not curves; endpoints only,,30.0,2,in,planned,doc-30,docs/parity/notes-30.1.md#snapping-and-smart-guides,,,,
OBJECT-0017,Snapping,feature,"Snap to endpoint, midpoint, centre",,,,,"Smart Guides snap to any object's endpoint, midpoint and centre",,29.8,2,in,planned,unverified,vectorsuite.md §5.16 (Adobe release notes),,,,
OBJECT-0018,Snapping,feature,Snap to Grid inside cells,,,,,Objects sit freely inside cells while snapping to lines and intersections,,29.8,2,in,planned,unverified,vectorsuite.md §5.16 (Adobe release notes),,,,
OBJECT-0019,Snapping,feature,Snap to Pixel,,,,,No half-pixel shifts,,29.8,2,in,planned,unverified,vectorsuite.md §5.16 (Adobe release notes),,,,
OBJECT-0020,Snapping,feature,Snapping Quick Access panel,,,,,"Control bar: Snap to Grid, Snap to Pixel, Snap to Point, Smart Guides, plus snapping preferences",,29.8,2,in,planned,unverified,vectorsuite.md §5.16 (Adobe release notes),,,,
OBJECT-0021,Snapping,feature,Rotation-angle detection,,,,,Smart Guides detect rotation angles,,29.8,2,in,planned,unverified,vectorsuite.md §5.16 (Adobe release notes),,,,
OBJECT-0022,Snapping,feature,Limit snapping to active artboard,,,,,Plus snapping to isolated objects (Preferences),,29.8,2,in,planned,unverified,vectorsuite.md §5.16 (Adobe release notes),,,,
SHELL-0062,Preferences/Guides & Grid,preference,Preferences > Guides & Grid,Grid Color,,,,,,,2,in,planned,doc-30,docs/parity/notes-30.1.md#snapping-and-smart-guides,,,,
SHELL-0063,Preferences/Guides & Grid,preference,Preferences > Guides & Grid,Grid Style,,Lines or Dots,,,,,2,in,planned,doc-30,docs/parity/notes-30.1.md#snapping-and-smart-guides,,,,
SHELL-0064,Preferences/Guides & Grid,preference,Preferences > Guides & Grid,Grid Gridline every,,,,,,,2,in,planned,doc-30,docs/parity/notes-30.1.md#snapping-and-smart-guides,,,,
SHELL-0065,Preferences/Guides & Grid,preference,Preferences > Guides & Grid,Grid Subdivisions,,,,,,,2,in,planned,doc-30,docs/parity/notes-30.1.md#snapping-and-smart-guides,,,,
TOOL-0091,Tools/Measure,tool,Dimension,(tool),,,,"Not in the default toolbar (Edit Toolbar > Modify). Taskbar: Linear, Angular, Radial, Tool Options",,28.1,8,in,planned,doc-30,docs/parity/notes-30.1.md#dimension-tool,,,,
TOOL-0092,Tools/Measure,tool,Dimension,Type: Linear,,,,"Aligned, vertical, horizontal; between two points or along a basic shape's side; Alt/Option-hover plots an object's vertical/horizontal dimension",,28.1,8,in,planned,doc-30,docs/parity/notes-30.1.md#dimension-tool,,,,
TOOL-0093,Tools/Measure,tool,Dimension,Type: Angular,,,,Interior (drag inward) or exterior (drag outward) at a vertex or between intersecting lines,,28.1,8,in,planned,doc-30,docs/parity/notes-30.1.md#dimension-tool,,,,
TOOL-0094,Tools/Measure,tool,Dimension,Type: Radial,,,,Radius (drag outward) or diameter (drag inward) of circles and perfect arcs,,28.1,8,in,planned,doc-30,docs/parity/notes-30.1.md#dimension-tool,,,,
TOOL-0095,Tools/Measure,dialog,Dimension Tool Options,Units,,,,,,28.1,8,in,planned,doc-30,docs/parity/notes-30.1.md#dimension-tool,,,,
TOOL-0096,Tools/Measure,dialog,Dimension Tool Options,Precision,,,,,,28.1,8,in,planned,doc-30,docs/parity/notes-30.1.md#dimension-tool,,,,
TOOL-0097,Tools/Measure,dialog,Dimension Tool Options,Scale,,"e.g. 1:1, 1:10",,,,28.1,8,in,planned,doc-30,docs/parity/notes-30.1.md#dimension-tool,,,,
TOOL-0098,Tools/Measure,dialog,Dimension Tool Options,Hide Units,,,,,,28.1,8,in,planned,doc-30,docs/parity/notes-30.1.md#dimension-tool,,,,
TOOL-0099,Tools/Measure,dialog,Dimension Tool Options,Arrow Style,,,,,,28.1,8,in,planned,doc-30,docs/parity/notes-30.1.md#dimension-tool,,,,
TOOL-0100,Tools/Measure,dialog,Dimension Tool Options,Arrow Scale,,,,,,28.1,8,in,planned,doc-30,docs/parity/notes-30.1.md#dimension-tool,,,,
TOOL-0101,Tools/Measure,dialog,Dimension Tool Options,Line Weight,,,,,,28.1,8,in,planned,doc-30,docs/parity/notes-30.1.md#dimension-tool,,,,
TOOL-0102,Tools/Measure,dialog,Dimension Tool Options,Line Type,,"solid, dashed",,,,28.1,8,in,planned,doc-30,docs/parity/notes-30.1.md#dimension-tool,,,,
TOOL-0103,Tools/Measure,dialog,Dimension Tool Options,Offset,,,,,,28.1,8,in,planned,doc-30,docs/parity/notes-30.1.md#dimension-tool,,,,
TOOL-0104,Tools/Measure,dialog,Dimension Tool Options,Extension,,,,,,28.1,8,in,planned,doc-30,docs/parity/notes-30.1.md#dimension-tool,,,,
TOOL-0105,Tools/Measure,dialog,Dimension Tool Options,Hide Extension Lines,,,,,,28.1,8,in,planned,doc-30,docs/parity/notes-30.1.md#dimension-tool,,,,
TOOL-0106,Tools/Measure,dialog,Dimension Tool Options,Font Family,,,,,,28.1,8,in,planned,doc-30,docs/parity/notes-30.1.md#dimension-tool,,,,
TOOL-0107,Tools/Measure,dialog,Dimension Tool Options,Font Style,,,,,,28.1,8,in,planned,doc-30,docs/parity/notes-30.1.md#dimension-tool,,,,
TOOL-0108,Tools/Measure,dialog,Dimension Tool Options,Font Size,,,,,,28.1,8,in,planned,doc-30,docs/parity/notes-30.1.md#dimension-tool,,,,
TOOL-0109,Tools/Measure,dialog,Dimension Tool Options,Position,,"away from line and object, between line and object, align left/centre/right",,,,28.1,8,in,planned,doc-30,docs/parity/notes-30.1.md#dimension-tool,,,,
TOOL-0110,Tools/Measure,dialog,Dimension Tool Options,Reset,,,,,,28.1,8,in,planned,doc-30,docs/parity/notes-30.1.md#dimension-tool,,,,
TOOL-0111,Tools/Measure,feature,Dimension objects,Association,,,,"Update when the measured object is transformed, not when distorted (Adobe pages conflict); edited in Properties with Apply to all and Set as default",,28.1,8,in,planned,unverified,docs/parity/notes-30.1.md#dimension-tool,,,,
TOOL-0112,Tools/Objects on Path,tool,Objects on Path,(tool),,,,"Edit Toolbar > Modify; also Object > Objects on Path > Attach and the context menu. Default order by column left to right, then top to bottom, centres attach, equal spacing, rotation rounded to the path",,29.0,8,in,planned,doc-30,docs/parity/notes-30.1.md#objects-on-path,,,,
TOOL-0113,Tools/Objects on Path,dialog,Objects on Path Tool Options,Pivot,,9 points,,Applies to future attachments only,,29.0,8,in,planned,doc-30,docs/parity/notes-30.1.md#objects-on-path,,,,
TOOL-0114,Tools/Objects on Path,dialog,Objects on Path Tool Options,Rotate,,,,,,29.0,8,in,planned,doc-30,docs/parity/notes-30.1.md#objects-on-path,,,,
TOOL-0115,Tools/Objects on Path,feature,Objects on Path,Space widget,,,,First object anchored; Alt/Option moves both ends symmetrically; shows the value,,29.0,8,in,planned,doc-30,docs/parity/notes-30.1.md#objects-on-path,,,,
TOOL-0116,Tools/Objects on Path,feature,Objects on Path,Move All widget,,,,Open paths only when the objects span less than the path,,29.0,8,in,planned,doc-30,docs/parity/notes-30.1.md#objects-on-path,,,,
TOOL-0117,Tools/Objects on Path,feature,Objects on Path,Rotate All widget,,,,Shift for 15° steps; angle measured from the path normal,,29.0,8,in,planned,doc-30,docs/parity/notes-30.1.md#objects-on-path,,,,
TOOL-0118,Tools/Objects on Path,feature,Objects on Path,Select/Move widget,,,,Shuffle positions; Detach (one object) from Properties,,29.0,8,in,planned,doc-30,docs/parity/notes-30.1.md#objects-on-path,,,,
MENU-0337,Menus/Object,menu,Object > Objects on Path > Attach,,,,,[not listed in 30.1's Keyboard Shortcuts dialog under this name; confirm in the menu],,29.0,8,in,planned,doc-30,docs/parity/notes-30.1.md#objects-on-path,,,,
MENU-0338,Menus/Object,menu,Object > Objects on Path > Expand,,,,,,,29.0,8,in,planned,verified,docs/parity/notes-30.1.md#objects-on-path; docs/parity/shortcuts-30.1.csv (licensed 30.1),,"Keyboard Shortcuts export, licensed Illustrator 30.1.0 (Windows keys)",2026-09-24,
MENU-0339,Menus/Object,menu,Object > Repeat > Radial,,,,,[not listed in 30.1's Keyboard Shortcuts dialog under this name; confirm in the menu],,25.1,8,in,partial,doc-30,docs/parity/notes-30.1.md#repeat,,,,object.repeat.radial @ crates/engine/src/cmd/patterncmds.rs:93
MENU-0340,Menus/Object,menu,Object > Repeat > Grid,,,,,[not listed in 30.1's Keyboard Shortcuts dialog under this name; confirm in the menu],,25.1,8,in,partial,doc-30,docs/parity/notes-30.1.md#repeat,,,,object.repeat.grid @ crates/engine/src/cmd/patterncmds.rs:102
MENU-0341,Menus/Object,menu,Object > Repeat > Mirror,,,,,[not listed in 30.1's Keyboard Shortcuts dialog under this name; confirm in the menu],,25.1,8,in,partial,doc-30,docs/parity/notes-30.1.md#repeat,,,,object.repeat.mirror @ crates/engine/src/cmd/patterncmds.rs:111
MENU-0342,Menus/Object,menu,Object > Repeat > Options,,,,,[not listed in 30.1's Keyboard Shortcuts dialog under this name; confirm in the menu],,25.1,8,in,partial,doc-30,docs/parity/notes-30.1.md#repeat,,,,object.repeat.options @ crates/engine/src/cmd/patterncmds.rs:129
OBJECT-0023,Repeat,dialog,Repeat Options (Radial),Number of instances,8,,,,,25.1,8,in,planned,doc-30,docs/parity/notes-30.1.md#repeat,,,,
OBJECT-0024,Repeat,dialog,Repeat Options (Radial),Radius,,,,,,25.1,8,in,planned,doc-30,docs/parity/notes-30.1.md#repeat,,,,
OBJECT-0025,Repeat,dialog,Repeat Options (Radial),Reverse Overlap,,,,,,25.1,8,in,planned,doc-30,docs/parity/notes-30.1.md#repeat,,,,
OBJECT-0026,Repeat,dialog,Repeat Options (Grid),Vertical spacing,,,,,,25.1,8,in,planned,doc-30,docs/parity/notes-30.1.md#repeat,,,,
OBJECT-0027,Repeat,dialog,Repeat Options (Grid),Horizontal spacing,,,,,,25.1,8,in,planned,doc-30,docs/parity/notes-30.1.md#repeat,,,,
OBJECT-0028,Repeat,dialog,Repeat Options (Grid),Grid Type,,,,,,25.1,8,in,planned,doc-30,docs/parity/notes-30.1.md#repeat,,,,
OBJECT-0029,Repeat,dialog,Repeat Options (Grid),Flip Rows,,,,,,25.1,8,in,planned,doc-30,docs/parity/notes-30.1.md#repeat,,,,
OBJECT-0030,Repeat,dialog,Repeat Options (Grid),Flip Column,,,,,,25.1,8,in,planned,doc-30,docs/parity/notes-30.1.md#repeat,,,,
OBJECT-0031,Repeat,dialog,Repeat Options (Mirror),Angle of mirror axis,,,,,,25.1,8,in,planned,doc-30,docs/parity/notes-30.1.md#repeat,,,,
OBJECT-0032,Repeat,feature,Repeat on-canvas controls,,,,,"Radial count and rotation; grid rows, columns, size and spacing sliders; mirror handles and axis; double-click to edit",,25.1,8,in,planned,doc-30,docs/parity/notes-30.1.md#repeat,,,,
MENU-0343,Menus/Object,menu,Object > Intertwine > Make,,,,,,,27.0,8,in,planned,verified,docs/parity/notes-30.1.md#intertwine; docs/parity/shortcuts-30.1.csv (licensed 30.1),,"Keyboard Shortcuts export, licensed Illustrator 30.1.0 (Windows keys)",2026-09-24,
MENU-0344,Menus/Object,menu,Object > Intertwine > Edit,,,,,[not listed in 30.1's Keyboard Shortcuts dialog under this name; confirm in the menu],,27.0,8,in,planned,doc-30,docs/parity/notes-30.1.md#intertwine,,,,
MENU-0345,Menus/Object,menu,Object > Intertwine > Release,,,,,,,27.0,8,in,planned,verified,docs/parity/notes-30.1.md#intertwine; docs/parity/shortcuts-30.1.csv (licensed 30.1),,"Keyboard Shortcuts export, licensed Illustrator 30.1.0 (Windows keys)",2026-09-24,
OBJECT-0033,Intertwine,feature,Intertwine zones,,,,,"Click a highlighted overlap or draw around it (Shift for a rectangle); with 3+ objects, right-click to reorder within the zone. Not with Live Paint, Repeat, graphs or nesting",,27.0,8,in,planned,doc-30,docs/parity/notes-30.1.md#intertwine,,,,
PATH-0007,Paths and shapes,dialog,Object > Path > Smooth,Smoothing,,minimum–maximum,,Plus Auto-Smooth,,28.0,4,in,planned,doc-30,docs/parity/notes-30.1.md#smooth-and-simplify,,,,
PATH-0008,Paths and shapes,dialog,Simplify (more options),Corner Point Angle Threshold,,,,,,24.0,4,in,planned,doc-30,docs/parity/notes-30.1.md#smooth-and-simplify,,,,
PATH-0009,Paths and shapes,dialog,Simplify (more options),Compare Original and New,,,,,,24.0,4,in,planned,doc-30,docs/parity/notes-30.1.md#smooth-and-simplify,,,,
PATH-0010,Paths and shapes,dialog,Simplify (more options),Show Original Path,,,,,,24.0,4,in,planned,doc-30,docs/parity/notes-30.1.md#smooth-and-simplify,,,,
PATH-0011,Paths and shapes,dialog,Simplify (more options),Preview,,,,,,24.0,4,in,planned,doc-30,docs/parity/notes-30.1.md#smooth-and-simplify,,,,
PATH-0012,Paths and shapes,dialog,Simplify (more options),Convert to Straight Lines,,,,,,24.0,4,in,planned,doc-30,docs/parity/notes-30.1.md#smooth-and-simplify,,,,
PATH-0013,Paths and shapes,dialog,Simplify (more options),Retain my latest settings and directly open this dialog,,,,,,24.0,4,in,planned,doc-30,docs/parity/notes-30.1.md#smooth-and-simplify,,,,
PATH-0014,Paths and shapes,dialog,Star,"Radius 1, Radius 2, Points",,,,Click with the Star tool; live star since 28.3,,,2,in,planned,doc-30,docs/parity/notes-30.1.md#star,,,,
EFFECT-0119,Effects/3D and Materials,panel,3D and Materials,(panel),,,,Window > 3D and Materials; classic effects under Effect > 3D and Materials > 3D (Classic),,26.0,7,in,planned,doc-30,docs/parity/notes-30.1.md#3d-and-materials,,,,
EFFECT-0120,Effects/3D and Materials,panel,3D and Materials,Object: 3D Type,,"Plane, Extrude, Revolve, Inflate",,,,26.0,7,in,planned,doc-30,docs/parity/notes-30.1.md#3d-and-materials,,,,
EFFECT-0121,Effects/3D and Materials,panel,3D and Materials,Object: Depth,,0–2000,,,,26.0,7,in,planned,doc-30,docs/parity/notes-30.1.md#3d-and-materials,,,,
EFFECT-0122,Effects/3D and Materials,panel,3D and Materials,Object: Twist,,0–360,°,,,26.0,7,in,planned,doc-30,docs/parity/notes-30.1.md#3d-and-materials,,,,
EFFECT-0123,Effects/3D and Materials,panel,3D and Materials,Object: Taper,,100–1,%,,,26.0,7,in,planned,doc-30,docs/parity/notes-30.1.md#3d-and-materials,,,,
EFFECT-0124,Effects/3D and Materials,panel,3D and Materials,Object: Cap,,"solid, hollow",,,,26.0,7,in,planned,doc-30,docs/parity/notes-30.1.md#3d-and-materials,,,,
EFFECT-0125,Effects/3D and Materials,panel,3D and Materials,Object: Bevel,,"Shape, Width, Height, Repeat, Space, Bevel Inside, Bevel both sides, Reset",,,,26.0,7,in,planned,doc-30,docs/parity/notes-30.1.md#3d-and-materials,,,,
EFFECT-0126,Effects/3D and Materials,panel,3D and Materials,Object: Rotation presets,,"by direction, axis, isometric",,,,26.0,7,in,planned,doc-30,docs/parity/notes-30.1.md#3d-and-materials,,,,
EFFECT-0127,Effects/3D and Materials,panel,3D and Materials,Object: Rotation X,,-180–180,°,,,26.0,7,in,planned,doc-30,docs/parity/notes-30.1.md#3d-and-materials,,,,
EFFECT-0128,Effects/3D and Materials,panel,3D and Materials,Object: Rotation Y,,-180–180,°,,,26.0,7,in,planned,doc-30,docs/parity/notes-30.1.md#3d-and-materials,,,,
EFFECT-0129,Effects/3D and Materials,panel,3D and Materials,Object: Rotation Z,,-180–180,°,,,26.0,7,in,planned,doc-30,docs/parity/notes-30.1.md#3d-and-materials,,,,
EFFECT-0130,Effects/3D and Materials,panel,3D and Materials,Object: Perspective,,0–160,°,,,26.0,7,in,planned,doc-30,docs/parity/notes-30.1.md#3d-and-materials,,,,
EFFECT-0131,Effects/3D and Materials,panel,3D and Materials,Materials: Base Materials,,,,,,26.0,7,in,planned,doc-30,docs/parity/notes-30.1.md#3d-and-materials,,,,
EFFECT-0132,Effects/3D and Materials,panel,3D and Materials,Materials: Graphics,,Add as Single Graphic or drag in; blue widget positions it on a surface,,,,26.0,7,in,planned,doc-30,docs/parity/notes-30.1.md#3d-and-materials,,,,
EFFECT-0133,Effects/3D and Materials,panel,3D and Materials,Materials: Roughness,,0–1,,,,26.0,7,in,planned,doc-30,docs/parity/notes-30.1.md#3d-and-materials,,,,
EFFECT-0134,Effects/3D and Materials,panel,3D and Materials,Materials: Metallic,,0–1,,,,26.0,7,in,planned,doc-30,docs/parity/notes-30.1.md#3d-and-materials,,,,
EFFECT-0135,Effects/3D and Materials,panel,3D and Materials,Lighting: Presets,,"Standard, Diffuse, Top Left, Right",,,,26.0,7,in,planned,doc-30,docs/parity/notes-30.1.md#3d-and-materials,,,,
EFFECT-0136,Effects/3D and Materials,panel,3D and Materials,Lighting: Lights,,"add, delete, list, move behind/in front",,,,26.0,7,in,planned,doc-30,docs/parity/notes-30.1.md#3d-and-materials,,,,
EFFECT-0137,Effects/3D and Materials,panel,3D and Materials,Lighting: Color,,,,,,26.0,7,in,planned,doc-30,docs/parity/notes-30.1.md#3d-and-materials,,,,
EFFECT-0138,Effects/3D and Materials,panel,3D and Materials,Lighting: Intensity,,0–100,%,,,26.0,7,in,planned,doc-30,docs/parity/notes-30.1.md#3d-and-materials,,,,
EFFECT-0139,Effects/3D and Materials,panel,3D and Materials,Lighting: Rotation,,-180–180,°,,,26.0,7,in,planned,doc-30,docs/parity/notes-30.1.md#3d-and-materials,,,,
EFFECT-0140,Effects/3D and Materials,panel,3D and Materials,Lighting: Height,,0–90,°,,,26.0,7,in,planned,doc-30,docs/parity/notes-30.1.md#3d-and-materials,,,,
EFFECT-0141,Effects/3D and Materials,panel,3D and Materials,Lighting: Softness,,0–100,%,,,26.0,7,in,planned,doc-30,docs/parity/notes-30.1.md#3d-and-materials,,,,
EFFECT-0142,Effects/3D and Materials,panel,3D and Materials,Lighting: Ambient Light,,0–200,%,,,26.0,7,in,planned,doc-30,docs/parity/notes-30.1.md#3d-and-materials,,,,
EFFECT-0143,Effects/3D and Materials,panel,3D and Materials,Lighting: Shadow Position,,"Behind Object, Below Object",,,,26.0,7,in,planned,doc-30,docs/parity/notes-30.1.md#3d-and-materials,,,,
EFFECT-0144,Effects/3D and Materials,panel,3D and Materials,Lighting: Shadow Distance from Object,,0–100,%,,,26.0,7,in,planned,doc-30,docs/parity/notes-30.1.md#3d-and-materials,,,,
EFFECT-0145,Effects/3D and Materials,panel,3D and Materials,Lighting: Shadow Bounds,,10–400,%,,,26.0,7,in,planned,doc-30,docs/parity/notes-30.1.md#3d-and-materials,,,,
EFFECT-0146,Effects/3D and Materials,panel,3D and Materials,Render: Render Settings,,"Ray Tracing (raster resolution, colour, background, quality) or Wireframe; Expand as wireframes",,,,26.0,7,in,planned,doc-30,docs/parity/notes-30.1.md#3d-and-materials,,,,
EFFECT-0147,Effects/3D and Materials,panel,3D and Materials,Export: Export 3D object format,USDA,"GLTF, USDA, USDZ, OBJ",,,,26.0,7,in,planned,doc-30,docs/parity/notes-30.1.md#3d-and-materials,,,,
SAVE-0001,Save and export,dialog,Illustrator Options,Version,Illustrator 2020,"newest entry; then CC (Legacy), CS6 … 3 (v: full list)",,,,,6,in,planned,unverified,docs/parity/notes-30.1.md#save-illustrator-options-and-legacy-versions,,,,
SAVE-0002,Save and export,dialog,Illustrator Options,Subset Embedded Fonts When Percent Of Characters Used Is Less Than,100,,%,,,,6,in,planned,plan-2020,docs/parity/notes-30.1.md#save-illustrator-options-and-legacy-versions,,,,
SAVE-0003,Save and export,dialog,Illustrator Options,Embed permitted fonts for file preview,,,,,,,6,in,planned,doc-30,docs/parity/notes-30.1.md#save-illustrator-options-and-legacy-versions,,,,
SAVE-0004,Save and export,dialog,Illustrator Options,Create PDF Compatible File,,,,,,,6,in,planned,doc-30,docs/parity/notes-30.1.md#save-illustrator-options-and-legacy-versions,,,,
SAVE-0005,Save and export,dialog,Illustrator Options,Include Linked Files,,,,,,,6,in,planned,doc-30,docs/parity/notes-30.1.md#save-illustrator-options-and-legacy-versions,,,,
SAVE-0006,Save and export,dialog,Illustrator Options,Embed ICC Profiles,,,,,,,6,in,planned,doc-30,docs/parity/notes-30.1.md#save-illustrator-options-and-legacy-versions,,,,
SAVE-0007,Save and export,dialog,Illustrator Options,Use Compression,,,,,,,6,in,planned,doc-30,docs/parity/notes-30.1.md#save-illustrator-options-and-legacy-versions,,,,
SAVE-0008,Save and export,dialog,Illustrator Options,Save Each Artboard To A Separate File,,All or Range; also writes a master file,,,,,6,in,planned,doc-30,docs/parity/notes-30.1.md#save-illustrator-options-and-legacy-versions,,,,
SAVE-0009,Save and export,dialog,Illustrator Options,Transparency (versions before 9.0),,"Preserve Paths, Preserve Appearance And Overprints",,,,,6,in,planned,doc-30,docs/parity/notes-30.1.md#save-illustrator-options-and-legacy-versions,,,,
SAVE-0010,Preferences/File Handling,preference,Preferences > File Handling,Save in Background,On,,,.ai only; not when PDF compatibility is off or with third-party plugin content; in 30.0 also does recovery backups,,,6,in,planned,doc-30,docs/parity/notes-30.1.md#save-illustrator-options-and-legacy-versions,,,,
SAVE-0011,Preferences/File Handling,preference,Preferences > File Handling,Automatically Save Recovery Data Every,Off (30.0),,,,,,1,in,planned,doc-30,docs/parity/notes-30.1.md#save-illustrator-options-and-legacy-versions,,,,
SAVE-0012,Preferences/File Handling,preference,Preferences > File Handling,Turn off Data Recovery for complex documents,,,,,,,1,in,planned,doc-30,docs/parity/notes-30.1.md#save-illustrator-options-and-legacy-versions,,,,
SAVE-0013,Preferences/File Handling,preference,Preferences > File Handling,Export in Background,On,,,"Export for Screens, PNG and JPG only",,,10,in,planned,doc-30,docs/parity/notes-30.1.md#export,,,,
SAVE-0014,Save and export/Export As,format,Export As: DWG/DXF,,,,,,,,6,in,planned,doc-30,docs/parity/notes-30.1.md#export,,,,
SAVE-0015,Save and export/Export As,format,Export As: BMP,,,,,,,,6,in,planned,doc-30,docs/parity/notes-30.1.md#export,,,,
SAVE-0016,Save and export/Export As,format,Export As: EMF,,,,,,,,6,in,planned,doc-30,docs/parity/notes-30.1.md#export,,,,
SAVE-0017,Save and export/Export As,format,Export As: JPEG,,,,,,,,6,in,planned,doc-30,docs/parity/notes-30.1.md#export,,,,
SAVE-0018,Save and export/Export As,format,Export As: PSD,,,,,,,,6,in,planned,doc-30,docs/parity/notes-30.1.md#export,,,,
SAVE-0019,Save and export/Export As,format,Export As: PNG,,,,,,,,6,in,planned,doc-30,docs/parity/notes-30.1.md#export,,,,
SAVE-0020,Save and export/Export As,format,Export As: Targa,,,,,,,,6,in,planned,doc-30,docs/parity/notes-30.1.md#export,,,,
SAVE-0021,Save and export/Export As,format,Export As: TXT,,,,,,,,6,in,planned,doc-30,docs/parity/notes-30.1.md#export,,,,
SAVE-0022,Save and export/Export As,format,Export As: SVG,,,,,,,,6,in,planned,doc-30,docs/parity/notes-30.1.md#export,,,,
SAVE-0023,Save and export/Export As,format,Export As: TIFF,,,,,,,,6,in,planned,doc-30,docs/parity/notes-30.1.md#export,,,,
SAVE-0024,Save and export/Export As,format,Export As: WebP,,,,,,,27.6,6,in,planned,doc-30,docs/parity/notes-30.1.md#export,,,,
SAVE-0025,Save and export/Export As,format,Export As: WMF,,,,,,,,6,in,planned,doc-30,docs/parity/notes-30.1.md#export,,,,
SAVE-0026,Save and export/Export As,format,Export As: PDF,,,,,,,,6,in,planned,doc-30,docs/parity/notes-30.1.md#export,,,,
SAVE-0027,Save and export/Export for Screens,dialog,Export for Screens,Scale,,,,,,,10,in,planned,doc-30,docs/parity/notes-30.1.md#export,,,,
SAVE-0028,Save and export/Export for Screens,dialog,Export for Screens,Suffix,,,,,,,10,in,planned,doc-30,docs/parity/notes-30.1.md#export,,,,
SAVE-0029,Save and export/Export for Screens,dialog,Export for Screens,Format,,,,,,,10,in,planned,doc-30,docs/parity/notes-30.1.md#export,,,,
SAVE-0030,Save and export/Export for Screens,dialog,Export for Screens,Add Scale,,,,,,,10,in,planned,doc-30,docs/parity/notes-30.1.md#export,,,,
SAVE-0031,Save and export/Export for Screens,dialog,Export for Screens,iOS preset,,,,,,,10,in,planned,doc-30,docs/parity/notes-30.1.md#export,,,,
SAVE-0032,Save and export/Export for Screens,dialog,Export for Screens,Android preset,,,,,,,10,in,planned,doc-30,docs/parity/notes-30.1.md#export,,,,
SAVE-0033,Save and export/Export for Screens,dialog,Export for Screens,Export to,,,,,,,10,in,planned,doc-30,docs/parity/notes-30.1.md#export,,,,
SAVE-0034,Save and export/Export for Screens,dialog,Export for Screens,Open Location after Export,,,,,,,10,in,planned,doc-30,docs/parity/notes-30.1.md#export,,,,
SAVE-0035,Save and export/Export for Screens,format,Export for Screens: PDF,,,,,,,,10,in,planned,doc-30,docs/parity/notes-30.1.md#supported-file-formats-partial,,,,
SAVE-0036,Save and export/Export for Screens,format,Export for Screens: JPEG,,,,,,,,10,in,planned,doc-30,docs/parity/notes-30.1.md#supported-file-formats-partial,,,,
SAVE-0037,Save and export/Export for Screens,format,Export for Screens: PNG,,,,,,,,10,in,planned,doc-30,docs/parity/notes-30.1.md#supported-file-formats-partial,,,,
SAVE-0038,Save and export/Export for Screens,format,Export for Screens: SVG,,,,,,,,10,in,planned,doc-30,docs/parity/notes-30.1.md#supported-file-formats-partial,,,,
SAVE-0039,Save and export/Export for Screens,format,Export for Screens: WebP,,,,,,,,10,in,planned,doc-30,docs/parity/notes-30.1.md#supported-file-formats-partial,,,,
SAVE-0040,Save and export,format,Open: CorelDRAW 5–10 (cdr),,,,,,,,6,in,planned,doc-30,docs/parity/notes-30.1.md#supported-file-formats-partial,,,,
SAVE-0041,Save and export,format,"Open: HEIF/HEIC, WebP",,,,,,,26.0,6,in,planned,doc-30,vectorsuite.md §5.16,,,,
SAVE-0042,Save and export,format,Open: AVIF,,,,,,,26.3,6,in,planned,doc-30,vectorsuite.md §5.16,,,,
PAINT-0012,Colour and paint,feature,Gradient dithering,,,,,,,30.0,3,in,planned,unverified,vectorsuite.md §5.16,,,,
PAINT-0013,Colour and paint,feature,Perceptual interpolation in gradients,,,,,,,30.0,3,in,planned,unverified,vectorsuite.md §5.16,,,,
PAINT-0014,Colour and paint,feature,Gradient presets,,,,,,,30.0,3,in,planned,unverified,vectorsuite.md §5.16,,,,
PAINT-0015,Colour and paint,feature,Convert solid fill to gradient with contextual presets,,,,,,,30.1,3,in,planned,unverified,vectorsuite.md §5.16,,,,
PAINT-0016,Colour and paint,feature,Enhanced Color Picker,,,,,,,30.0,3,in,planned,unverified,vectorsuite.md §5.16,,,,
PAINT-0017,Colour and paint,feature,"Copy colour values (Color panel, Color Picker, swatch dialogs)",,,,,,,29.8,3,in,planned,unverified,vectorsuite.md §5.16,,,,
PAINT-0018,Colour and paint,feature,Recent Colors palette,,,,,,,29.7,3,in,planned,unverified,vectorsuite.md §5.16,,,,
PAINT-0019,Colour and paint,feature,Gradients from Swatches or colour groups,,,,,,,29.0,3,in,planned,unverified,vectorsuite.md §5.16,,,,
PAINT-0020,Colour and paint,feature,Simplified variable-width strokes,,,,,,,26.0,3,in,planned,unverified,vectorsuite.md §5.16,,,,
PAINT-0021,Colour and paint,feature,PANTONE colour warnings,,,,,,,26.5,3,in,planned,unverified,vectorsuite.md §5.16,,,,
OBJECT-0034,Artboards,feature,Lock all objects on an artboard,,,,,,,30.0,2,in,planned,unverified,vectorsuite.md §5.16,,,,
OBJECT-0035,Artboards,feature,Artboard background colours,,,,,,,30.0,2,in,planned,unverified,vectorsuite.md §5.16,,,,
OBJECT-0036,Artboards,feature,On-canvas artboard labels with in-place rename,,,,,,,30.0,2,in,planned,unverified,vectorsuite.md §5.16,,,,
OBJECT-0037,Artboards,feature,"Artboard right-click menu (Duplicate, Rename, Lock, Export …)",,,,,,,30.0,2,in,planned,unverified,vectorsuite.md §5.16,,,,
OBJECT-0038,Artboards,feature,Export selected artboards from the canvas,,,,,,,30.0,10,in,planned,unverified,vectorsuite.md §5.16,,,,
OBJECT-0039,Artboards,feature,Scale artwork when resizing artboards,,,,,,,29.0,2,in,planned,unverified,vectorsuite.md §5.16,,,,
OBJECT-0040,Selection,feature,Enclosing mode for marquee selection,,,,,,,28.3,2,in,planned,unverified,vectorsuite.md §5.16,,,,
OBJECT-0041,Objects and structure,feature,Knife tool with Smart Guides,,,,,,,29.0,2,in,planned,unverified,vectorsuite.md §5.16,,,,
OBJECT-0042,Objects and structure,feature,Paste without source formatting (text),,,,,,,25.3,2,in,planned,unverified,vectorsuite.md §5.16,,,,
OBJECT-0043,Layers,feature,Delete Hidden Layers,,,,,,,25.3,2,in,planned,unverified,vectorsuite.md §5.16,,,,
OBJECT-0044,Layers,feature,Search and filter in the Layers panel,,,,,,,27.6,2,in,planned,unverified,vectorsuite.md §5.16,,,,
OBJECT-0045,Links,feature,Automatic relinking of missing files,,,,,,,28.5,6,in,planned,unverified,vectorsuite.md §5.16,,,,
OBJECT-0046,Links,feature,Unembed several images at once,,,,,,,28.1,6,in,planned,unverified,vectorsuite.md §5.16,,,,
OBJECT-0047,Links,feature,Delete button in the Links panel,,,,,,,28.1,6,in,planned,unverified,vectorsuite.md §5.16,,,,
OBJECT-0048,Links,feature,Sort Links by size,,,,,,,28.5,6,in,planned,unverified,vectorsuite.md §5.16,,,,
SHELL-0066,Shell,feature,Quick Actions (Properties panel),,,,,,,27.0,1,in,planned,unverified,vectorsuite.md §5.16,,,,
SHELL-0067,Shell,feature,Automatic file backup,,,,,,,26.3,1,in,planned,unverified,vectorsuite.md §5.16,,,,
SHELL-0068,Shell,feature,Perspective grid Hide Grid widget,,,,,,,30.0,8,in,planned,unverified,vectorsuite.md §5.16,,,,
TYPE-0008,Type,feature,Bullets and numbering,,,,,,,26.4,5,in,planned,unverified,vectorsuite.md §5.16,,,,
TYPE-0009,Type,feature,"Text formatting shortcuts (bold, italic, underline)",,,,,,,28.3,5,in,planned,unverified,vectorsuite.md §5.16,,,,
TYPE-0010,Type,feature,Select > Same text attributes,,,,,,,26.0,5,in,planned,unverified,vectorsuite.md §5.16,,,,
TYPE-0011,Type,feature,Snap to Japanese glyph,,,,,,,25.2,5,in,planned,unverified,vectorsuite.md §5.16,,,,
TYPE-0012,Type,feature,Reflow Viewer (East Asian text),,,,,,,29.0,5,in,planned,unverified,vectorsuite.md §5.16,,,,
TYPE-0013,Type,feature,Type 1 font warnings and end of support,,,,,,,26.5,5,in,planned,unverified,vectorsuite.md §5.16,,,,
TYPE-0014,Type,feature,Enhanced font browser (local fonts),,,,,,,30.0,5,in,planned,unverified,vectorsuite.md §5.16,,,,
SAVE-0043,Save and export,feature,Hyperlinks kept in exported PDFs,,,,,,,27.6,6,in,planned,unverified,vectorsuite.md §5.16,,,,
SAVE-0044,Save and export,feature,Reusable asset export settings,,,,,,,27.3,10,in,planned,unverified,vectorsuite.md §5.16,,,,
PAINT-0022,Colour and paint,feature,Recolor Artwork colour-theme suggestions (non-generative),,,,,,,25.0,3,in,planned,unverified,vectorsuite.md §5.16,,,,
CLOUD-0001,Out of scope/Cloud,feature,Cloud documents and version history,,,,,Cloud service (§1.2),,,,out,n/a,doc-30,vectorsuite.md §1.2,,,,
CLOUD-0002,Out of scope/Cloud,feature,Share for Review and commenting,,,,,Cloud service,,,,out,n/a,doc-30,vectorsuite.md §1.2,,,,
CLOUD-0003,Out of scope/Cloud,feature,Invite to edit / share access,,,,,Cloud service,,,,out,n/a,doc-30,vectorsuite.md §1.2,,,,
CLOUD-0004,Out of scope/Cloud,feature,Projects,,,,,Cloud service,,,,out,n/a,doc-30,vectorsuite.md §1.2,,,,
CLOUD-0005,Out of scope/Cloud,feature,Adobe Fonts activation (including auto-activation),,,,,Local fonts only,,,,out,n/a,doc-30,vectorsuite.md §1.2,,,,
CLOUD-0006,Out of scope/Cloud,feature,Adobe Stock search and templates,,,,,Cloud service,,,,out,n/a,doc-30,vectorsuite.md §1.2,,,,
CLOUD-0007,Out of scope/Cloud,feature,CC Libraries sync,,,,,A local Libraries panel instead,,,,out,n/a,doc-30,vectorsuite.md §1.2,,,,
CLOUD-0008,Out of scope/Cloud,feature,Learn and Discover panels,,,,,Removed,,,,out,n/a,doc-30,vectorsuite.md §1.2,,,,
CLOUD-0009,Out of scope/Cloud,feature,Adobe Express templates on the home screen,,,,,Cloud service,,,,out,n/a,doc-30,vectorsuite.md §1.2,,,,
CLOUD-0010,Out of scope/Cloud,feature,Firefly generation history,,,,,Cloud service,,,,out,n/a,doc-30,vectorsuite.md §1.2,,,,
CLOUD-0011,Out of scope/Cloud,feature,Project Neo,,,,,Web service,,,,out,n/a,doc-30,vectorsuite.md §1.2,,,,
CLOUD-0012,Out of scope/Cloud,feature,Export to Adobe cloud storage,,,,,Cloud service,,,,out,n/a,doc-30,vectorsuite.md §1.2,,,,
GENAI-0001,Out of scope/Generative,feature,Text to Vector Graphic,,,,,Generative (§1.2),,,,out,n/a,doc-30,vectorsuite.md §1.2,,,,
GENAI-0002,Out of scope/Generative,feature,Generative Recolor,,,,,Generative,,,,out,n/a,doc-30,vectorsuite.md §1.2,,,,
GENAI-0003,Out of scope/Generative,feature,Generative Shape Fill,,,,,Generative,,,,out,n/a,doc-30,vectorsuite.md §1.2,,,,
GENAI-0004,Out of scope/Generative,feature,Text to Pattern,,,,,Generative,,,,out,n/a,doc-30,vectorsuite.md §1.2,,,,
GENAI-0005,Out of scope/Generative,feature,Turntable,,,,,Generative,,,,out,n/a,doc-30,vectorsuite.md §1.2,,,,
GENAI-0006,Out of scope/Generative,feature,"Generative toolbar button, Object > Generative, contextual GenAI HUD",,,,,Generative,,,,out,n/a,doc-30,vectorsuite.md §1.2,,,,
GENAI-0007,Out of scope/Generative,feature,Retype,,,,,Open decision D5,,,,out,n/a,doc-30,vectorsuite.md §1.2,,,,
GENAI-0008,Out of scope/Generative,feature,Mockup,,,,,Open decision D5,,,,out,n/a,doc-30,vectorsuite.md §1.2,,,,
GENAI-0009,Out of scope/Generative,feature,Adobe Substance materials and online 3D assets,,,,,Licensed content (R4),,,,out,n/a,doc-30,vectorsuite.md §1.2,,,,
SAVE-0045,Save and export,feature,Export As: SWF,,,,,Not in 30.x (D2),,,,out,n/a,doc-30,vectorsuite.md §1.2,,,,
SAVE-0046,Save and export,feature,Export As: PICT,,,,,Not in 30.x,,,,out,n/a,doc-30,vectorsuite.md §1.2,,,,
LATER-0001,After the 30.1 baseline,feature,Blend panel with easing and colour acceleration,,,,,Released after 30.1 (D6),,30.7,,deferred,n/a,doc-30,vectorsuite.md §5.16,,,,
LATER-0002,After the 30.1 baseline,feature,Measure tool area measurement,,,,,Released after 30.1 (D6),,,,deferred,n/a,doc-30,vectorsuite.md §5.16,,,,
LATER-0003,After the 30.1 baseline,feature,Absolute and Relative scaling options,,,,,Released after 30.1 (D6),,30.2,,deferred,n/a,doc-30,vectorsuite.md §5.16,,,,
LATER-0004,After the 30.1 baseline,feature,TIFF from Export for Screens,,,,,Released after 30.1 (D6),,30.2,,deferred,n/a,doc-30,vectorsuite.md §5.16,,,,
LATER-0005,After the 30.1 baseline,feature,Align and Distribute shortcuts and action recording,,,,,Released after 30.1 (D6),,,,deferred,n/a,doc-30,vectorsuite.md §5.16,,,,
LATER-0006,After the 30.1 baseline,feature,Relink all instances at once,,,,,Released after 30.1 (D6),,,,deferred,n/a,doc-30,vectorsuite.md §5.16,,,,
LATER-0007,After the 30.1 baseline,feature,Mojikumi and Kinsoku presets,,,,,Released after 30.1 (D6),,,,deferred,n/a,doc-30,vectorsuite.md §5.16,,,,
LATER-0008,After the 30.1 baseline,feature,Live curve fitting on by default in the Pencil tool,,,,,Released after 30.1 (D6),,,,deferred,n/a,doc-30,vectorsuite.md §5.16,,,,
TRACE-0034,Image Trace/Presets,preset,[High Color],(preset),Mode Color; Colors 30; Color fidelity 85; Paths 50; Corners 50; Noise 5; Overlapping; Fills,,,"Icon-row or built-in preset. Scripting view: ignoreWhite reads false for every preset (a 30.1 scripting bug fixed in 30.3), autoGrouping false and the palette type unreadable, so these three still need the panel; Gradients, Shapes and Transparency are not exposed to scripting",,,9,in,planned,verified,scripts/research/illustrator/probe-baseline.jsx (licensed 30.1),,probe-baseline.jsx on licensed Illustrator 30.1.0 (136R),2026-09-24,
TRACE-0035,Image Trace/Presets,preset,[Low Color],(preset),Mode Color; Colors 16; Color fidelity 100; Paths 50; Corners 50; Noise 15; Abutting; Fills,,,"Icon-row or built-in preset. Scripting view: ignoreWhite reads false for every preset (a 30.1 scripting bug fixed in 30.3), autoGrouping false and the palette type unreadable, so these three still need the panel; Gradients, Shapes and Transparency are not exposed to scripting",,,9,in,planned,verified,scripts/research/illustrator/probe-baseline.jsx (licensed 30.1),,probe-baseline.jsx on licensed Illustrator 30.1.0 (136R),2026-09-24,
TRACE-0036,Image Trace/Presets,preset,[Grayscale],(preset),Mode Grayscale; Grays 50; Paths 50; Corners 50; Noise 15; Overlapping; Fills,,,"Icon-row or built-in preset. Scripting view: ignoreWhite reads false for every preset (a 30.1 scripting bug fixed in 30.3), autoGrouping false and the palette type unreadable, so these three still need the panel; Gradients, Shapes and Transparency are not exposed to scripting",,,9,in,planned,verified,scripts/research/illustrator/probe-baseline.jsx (licensed 30.1),,probe-baseline.jsx on licensed Illustrator 30.1.0 (136R),2026-09-24,
TRACE-0037,Image Trace/Presets,preset,[Black & White],(preset),Mode Black and White; Threshold 128; Paths 50; Corners 75; Noise 25; Abutting; Fills; Snap Curves To Lines,,,"Icon-row or built-in preset. Scripting view: ignoreWhite reads false for every preset (a 30.1 scripting bug fixed in 30.3), autoGrouping false and the palette type unreadable, so these three still need the panel; Gradients, Shapes and Transparency are not exposed to scripting",,,9,in,planned,verified,scripts/research/illustrator/probe-baseline.jsx (licensed 30.1),,probe-baseline.jsx on licensed Illustrator 30.1.0 (136R),2026-09-24,
TRACE-0038,Image Trace/Presets,preset,[Outline],(preset),Mode Black and White; Threshold 128; Paths 50; Corners 75; Noise 20; Abutting; Strokes; Max stroke 50,,,"Icon-row or built-in preset. Scripting view: ignoreWhite reads false for every preset (a 30.1 scripting bug fixed in 30.3), autoGrouping false and the palette type unreadable, so these three still need the panel; Gradients, Shapes and Transparency are not exposed to scripting",,,9,in,planned,verified,scripts/research/illustrator/probe-baseline.jsx (licensed 30.1),,probe-baseline.jsx on licensed Illustrator 30.1.0 (136R),2026-09-24,
TRACE-0039,Image Trace/Presets,preset,[Auto-Color],(preset),Mode Color; Colors 30; Color fidelity 100; Paths 50; Corners 75; Noise 15; Abutting; Fills,,,"Icon-row or built-in preset. Scripting view: ignoreWhite reads false for every preset (a 30.1 scripting bug fixed in 30.3), autoGrouping false and the palette type unreadable, so these three still need the panel; Gradients, Shapes and Transparency are not exposed to scripting",,,9,in,planned,verified,scripts/research/illustrator/probe-baseline.jsx (licensed 30.1),,probe-baseline.jsx on licensed Illustrator 30.1.0 (136R),2026-09-24,
TRACE-0040,Image Trace/Presets,preset,Tracing preset list,Order,[High Color] | [Low Color] | [Grayscale] | [Black & White] | [Outline] | [Auto-Color] | [Default] | High Fidelity Photo | Low Fidelity Photo | 3 Colors | 6 Colors | 16 Colors | Shades of Gray | Black and White Logo | Sketched Art | Silhouettes | Line Art | Technical Drawing,,,Bracketed names are built in and can't be edited or deleted,,,9,in,planned,verified,scripts/research/illustrator/probe-baseline.jsx (licensed 30.1),,probe-baseline.jsx on licensed Illustrator 30.1.0 (136R),2026-09-24,
AUTO-0004,Automation,feature,Scripting: TracingOptions,Properties,"preset, viewMode, tracingMode, tracingColorTypeValue, palette, colorGroup, tracingColors, colorFidelity, threshold, grayLevels, pathFidelity, cornerFidelity, noiseFidelity, tracingMethod, fills, strokes, maxStrokeWeight, snapCurveToLines, ignoreWhite, autoGrouping",,,"Methods: loadFromPreset, storeToPreset. autoGrouping is the only 29.0 option exposed",,,11,in,planned,verified,scripts/research/illustrator/probe-baseline.jsx (licensed 30.1),,probe-baseline.jsx on licensed Illustrator 30.1.0 (136R),2026-09-24,
SHELL-0069,Shell/New Document,preset,New Document profile: Art & Illustration,(preset),"960 × 560 pt; RGB; raster Screen; preview Default; transparency grid None; bleed 0,0,0,0 (linked false); 1 artboard, spacing 20, layout GridByRow",,,,,,1,in,planned,verified,scripts/research/illustrator/probe-baseline.jsx (licensed 30.1),,probe-baseline.jsx on licensed Illustrator 30.1.0 (136R),2026-09-24,
SHELL-0070,Shell/New Document,preset,New Document profile: Branding,(preset),"336 × 280 px; RGB; raster Screen; preview Default; transparency grid None; bleed 0,0,0,0 (linked true); 1 artboard, spacing 20, layout GridByRow",,,,,,1,in,planned,verified,scripts/research/illustrator/probe-baseline.jsx (licensed 30.1),,probe-baseline.jsx on licensed Illustrator 30.1.0 (136R),2026-09-24,
SHELL-0071,Shell/New Document,preset,New Document profile: Film & Video,(preset),"873 × 480 px; RGB; raster Screen; preview Default; transparency grid Medium; bleed 0,0,0,0 (linked true); 1 artboard, spacing 20, layout GridByRow",,,,,,1,in,planned,verified,scripts/research/illustrator/probe-baseline.jsx (licensed 30.1),,probe-baseline.jsx on licensed Illustrator 30.1.0 (136R),2026-09-24,
SHELL-0072,Shell/New Document,preset,New Document profile: Mobile,(preset),"1536 × 2048 px; RGB; raster Screen; preview Default; transparency grid None; bleed 0,0,0,0 (linked true); 1 artboard, spacing 20, layout GridByRow",,,,,,1,in,planned,verified,scripts/research/illustrator/probe-baseline.jsx (licensed 30.1),,probe-baseline.jsx on licensed Illustrator 30.1.0 (136R),2026-09-24,
SHELL-0073,Shell/New Document,preset,New Document profile: Print,(preset),"612 × 792 pt; CMYK; raster High; preview Default; transparency grid None; bleed 0,0,0,0 (linked true); 1 artboard, spacing 20, layout GridByRow",,,,,,1,in,planned,verified,scripts/research/illustrator/probe-baseline.jsx (licensed 30.1),,probe-baseline.jsx on licensed Illustrator 30.1.0 (136R),2026-09-24,
SHELL-0074,Shell/New Document,preset,New Document profile: Social,(preset),"1280 × 720 px; RGB; raster Screen; preview Default; transparency grid None; bleed 0,0,0,0 (linked true); 1 artboard, spacing 20, layout GridByRow",,,,,,1,in,planned,verified,scripts/research/illustrator/probe-baseline.jsx (licensed 30.1),,probe-baseline.jsx on licensed Illustrator 30.1.0 (136R),2026-09-24,
SHELL-0075,Shell/New Document,preset,New Document profile: Web,(preset),"960 × 560 px; RGB; raster Screen; preview Default; transparency grid None; bleed 0,0,0,0 (linked true); 1 artboard, spacing 20, layout GridByRow",,,,,,1,in,planned,verified,scripts/research/illustrator/probe-baseline.jsx (licensed 30.1),,probe-baseline.jsx on licensed Illustrator 30.1.0 (136R),2026-09-24,
SAVE-0047,Save and export,preset,Adobe PDF presets,Built-in list,[Illustrator Default] | [High Quality Print] | [PDF/X-1a:2001] | [PDF/X-3:2002] | [PDF/X-4:2008] | [Press Quality] | [Smallest File Size (PDF 1.6)] | [Smallest File Size],,,Standards-based presets are reproduced by their technical settings (R4),,,6,in,planned,verified,scripts/research/illustrator/probe-baseline.jsx (licensed 30.1),,probe-baseline.jsx on licensed Illustrator 30.1.0 (136R),2026-09-24,
SAVE-0048,Output and colour management,preset,Print presets,Built-in list,[Default] | [Default Web/Video/Mobile],,,,,,10,in,planned,verified,scripts/research/illustrator/probe-baseline.jsx (licensed 30.1),,probe-baseline.jsx on licensed Illustrator 30.1.0 (136R),2026-09-24,
SAVE-0049,Colour and paint,preset,Transparency flattener presets,Built-in list,[High Resolution] | [Medium Resolution] | [Low Resolution] | [For Complex Art],,,,,,8,in,planned,verified,scripts/research/illustrator/probe-baseline.jsx (licensed 30.1),,probe-baseline.jsx on licensed Illustrator 30.1.0 (136R),2026-09-24,
SHELL-0076,Shell/New Document,feature,New document contents,Resource counts,"swatches 66 (groups: Grays, Web Color Group), brushes 7, symbols 15, graphic styles 7, gradients 5, patterns 2, one [Normal] character and paragraph style",,,From app.documents.add() in RGB. Adobe's resources are licensed content: ship original resources in the same roles (R4),,,3,in,planned,verified,scripts/research/illustrator/probe-baseline.jsx (licensed 30.1),,probe-baseline.jsx on licensed Illustrator 30.1.0 (136R),2026-09-24,
TOOL-0119,Keyboard/Tools section,tool,Default,Shortcut,D,,key,,,,1,in,planned,verified,docs/parity/shortcuts-30.1.csv (licensed 30.1),,"Keyboard Shortcuts export, licensed Illustrator 30.1.0 (Windows keys)",2026-09-24,
TOOL-0120,Keyboard/Tools section,tool,Swap Fill/Stroke,Shortcut,Shift+X,,key,,,,1,in,planned,verified,docs/parity/shortcuts-30.1.csv (licensed 30.1),,"Keyboard Shortcuts export, licensed Illustrator 30.1.0 (Windows keys)",2026-09-24,
TOOL-0121,Keyboard/Tools section,tool,Color (fill button),Shortcut,",",,key,,,,1,in,planned,verified,docs/parity/shortcuts-30.1.csv (licensed 30.1),,"Keyboard Shortcuts export, licensed Illustrator 30.1.0 (Windows keys)",2026-09-24,
TOOL-0122,Keyboard/Tools section,tool,Gradient (fill button),Shortcut,.,,key,,,,1,in,planned,verified,docs/parity/shortcuts-30.1.csv (licensed 30.1),,"Keyboard Shortcuts export, licensed Illustrator 30.1.0 (Windows keys)",2026-09-24,
TOOL-0123,Keyboard/Tools section,tool,None (fill button),Shortcut,/,,key,,,,1,in,planned,verified,docs/parity/shortcuts-30.1.csv (licensed 30.1),,"Keyboard Shortcuts export, licensed Illustrator 30.1.0 (Windows keys)",2026-09-24,
TOOL-0124,Keyboard/Tools section,tool,Show/Hide All Palettes,Shortcut,Tab,,key,,,,1,in,planned,verified,docs/parity/shortcuts-30.1.csv (licensed 30.1),,"Keyboard Shortcuts export, licensed Illustrator 30.1.0 (Windows keys)",2026-09-24,
TOOL-0125,Keyboard/Tools section,tool,Show/Hide All But Toolbox,Shortcut,Shift+Tab,,key,,,,1,in,planned,verified,docs/parity/shortcuts-30.1.csv (licensed 30.1),,"Keyboard Shortcuts export, licensed Illustrator 30.1.0 (Windows keys)",2026-09-24,
TOOL-0126,Keyboard/Tools section,tool,Increase Diameter,Shortcut,],,key,,,,8,in,planned,verified,docs/parity/shortcuts-30.1.csv (licensed 30.1),,"Keyboard Shortcuts export, licensed Illustrator 30.1.0 (Windows keys)",2026-09-24,
TOOL-0127,Keyboard/Tools section,tool,Decrease Diameter,Shortcut,[,,key,,,,8,in,planned,verified,docs/parity/shortcuts-30.1.csv (licensed 30.1),,"Keyboard Shortcuts export, licensed Illustrator 30.1.0 (Windows keys)",2026-09-24,
TOOL-0128,Keyboard/Tools section,tool,Symbolism Tools - Increase Intensity,Shortcut,Shift+},,key,,,,8,in,planned,verified,docs/parity/shortcuts-30.1.csv (licensed 30.1),,"Keyboard Shortcuts export, licensed Illustrator 30.1.0 (Windows keys)",2026-09-24,
TOOL-0129,Keyboard/Tools section,tool,Symbolism Tools - Decrease Intensity,Shortcut,Shift+{,,key,,,,8,in,planned,verified,docs/parity/shortcuts-30.1.csv (licensed 30.1),,"Keyboard Shortcuts export, licensed Illustrator 30.1.0 (Windows keys)",2026-09-24,
TOOL-0130,Keyboard/Tools section,tool,Opacity - 0%,Shortcut,,,,,,,3,in,planned,verified,docs/parity/shortcuts-30.1.csv (licensed 30.1),,"Keyboard Shortcuts export, licensed Illustrator 30.1.0 (Windows keys)",2026-09-24,
TOOL-0131,Keyboard/Tools section,tool,Opacity - 10%,Shortcut,,,,,,,3,in,planned,verified,docs/parity/shortcuts-30.1.csv (licensed 30.1),,"Keyboard Shortcuts export, licensed Illustrator 30.1.0 (Windows keys)",2026-09-24,
TOOL-0132,Keyboard/Tools section,tool,Opacity - 20%,Shortcut,,,,,,,3,in,planned,verified,docs/parity/shortcuts-30.1.csv (licensed 30.1),,"Keyboard Shortcuts export, licensed Illustrator 30.1.0 (Windows keys)",2026-09-24,
TOOL-0133,Keyboard/Tools section,tool,Opacity - 30%,Shortcut,,,,,,,3,in,planned,verified,docs/parity/shortcuts-30.1.csv (licensed 30.1),,"Keyboard Shortcuts export, licensed Illustrator 30.1.0 (Windows keys)",2026-09-24,
TOOL-0134,Keyboard/Tools section,tool,Opacity - 40%,Shortcut,,,,,,,3,in,planned,verified,docs/parity/shortcuts-30.1.csv (licensed 30.1),,"Keyboard Shortcuts export, licensed Illustrator 30.1.0 (Windows keys)",2026-09-24,
TOOL-0135,Keyboard/Tools section,tool,Opacity - 50%,Shortcut,,,,,,,3,in,planned,verified,docs/parity/shortcuts-30.1.csv (licensed 30.1),,"Keyboard Shortcuts export, licensed Illustrator 30.1.0 (Windows keys)",2026-09-24,
TOOL-0136,Keyboard/Tools section,tool,Opacity - 60%,Shortcut,,,,,,,3,in,planned,verified,docs/parity/shortcuts-30.1.csv (licensed 30.1),,"Keyboard Shortcuts export, licensed Illustrator 30.1.0 (Windows keys)",2026-09-24,
TOOL-0137,Keyboard/Tools section,tool,Opacity - 70%,Shortcut,,,,,,,3,in,planned,verified,docs/parity/shortcuts-30.1.csv (licensed 30.1),,"Keyboard Shortcuts export, licensed Illustrator 30.1.0 (Windows keys)",2026-09-24,
TOOL-0138,Keyboard/Tools section,tool,Opacity - 80%,Shortcut,,,,,,,3,in,planned,verified,docs/parity/shortcuts-30.1.csv (licensed 30.1),,"Keyboard Shortcuts export, licensed Illustrator 30.1.0 (Windows keys)",2026-09-24,
TOOL-0139,Keyboard/Tools section,tool,Opacity - 90%,Shortcut,,,,,,,3,in,planned,verified,docs/parity/shortcuts-30.1.csv (licensed 30.1),,"Keyboard Shortcuts export, licensed Illustrator 30.1.0 (Windows keys)",2026-09-24,
TOOL-0140,Keyboard/Tools section,tool,Opacity - 100%,Shortcut,,,,,,,3,in,planned,verified,docs/parity/shortcuts-30.1.csv (licensed 30.1),,"Keyboard Shortcuts export, licensed Illustrator 30.1.0 (Windows keys)",2026-09-24,
TOOL-0141,Keyboard/Tools section,tool,Blend Mode - Normal,Shortcut,,,,,,,3,in,planned,verified,docs/parity/shortcuts-30.1.csv (licensed 30.1),,"Keyboard Shortcuts export, licensed Illustrator 30.1.0 (Windows keys)",2026-09-24,
TOOL-0142,Keyboard/Tools section,tool,Blend Mode - Darken,Shortcut,,,,,,,3,in,planned,verified,docs/parity/shortcuts-30.1.csv (licensed 30.1),,"Keyboard Shortcuts export, licensed Illustrator 30.1.0 (Windows keys)",2026-09-24,
TOOL-0143,Keyboard/Tools section,tool,Blend Mode - Multiply,Shortcut,,,,,,,3,in,planned,verified,docs/parity/shortcuts-30.1.csv (licensed 30.1),,"Keyboard Shortcuts export, licensed Illustrator 30.1.0 (Windows keys)",2026-09-24,
TOOL-0144,Keyboard/Tools section,tool,Blend Mode - Color Burn,Shortcut,,,,,,,3,in,planned,verified,docs/parity/shortcuts-30.1.csv (licensed 30.1),,"Keyboard Shortcuts export, licensed Illustrator 30.1.0 (Windows keys)",2026-09-24,
TOOL-0145,Keyboard/Tools section,tool,Blend Mode - Lighten,Shortcut,,,,,,,3,in,planned,verified,docs/parity/shortcuts-30.1.csv (licensed 30.1),,"Keyboard Shortcuts export, licensed Illustrator 30.1.0 (Windows keys)",2026-09-24,
TOOL-0146,Keyboard/Tools section,tool,Blend Mode - Screen,Shortcut,,,,,,,3,in,planned,verified,docs/parity/shortcuts-30.1.csv (licensed 30.1),,"Keyboard Shortcuts export, licensed Illustrator 30.1.0 (Windows keys)",2026-09-24,
TOOL-0147,Keyboard/Tools section,tool,Blend Mode - Color Dodge,Shortcut,,,,,,,3,in,planned,verified,docs/parity/shortcuts-30.1.csv (licensed 30.1),,"Keyboard Shortcuts export, licensed Illustrator 30.1.0 (Windows keys)",2026-09-24,
TOOL-0148,Keyboard/Tools section,tool,Blend Mode - Overlay,Shortcut,,,,,,,3,in,planned,verified,docs/parity/shortcuts-30.1.csv (licensed 30.1),,"Keyboard Shortcuts export, licensed Illustrator 30.1.0 (Windows keys)",2026-09-24,
TOOL-0149,Keyboard/Tools section,tool,Blend Mode - Soft Light,Shortcut,,,,,,,3,in,planned,verified,docs/parity/shortcuts-30.1.csv (licensed 30.1),,"Keyboard Shortcuts export, licensed Illustrator 30.1.0 (Windows keys)",2026-09-24,
TOOL-0150,Keyboard/Tools section,tool,Blend Mode - Hard Light,Shortcut,,,,,,,3,in,planned,verified,docs/parity/shortcuts-30.1.csv (licensed 30.1),,"Keyboard Shortcuts export, licensed Illustrator 30.1.0 (Windows keys)",2026-09-24,
TOOL-0151,Keyboard/Tools section,tool,Blend Mode - Difference,Shortcut,,,,,,,3,in,planned,verified,docs/parity/shortcuts-30.1.csv (licensed 30.1),,"Keyboard Shortcuts export, licensed Illustrator 30.1.0 (Windows keys)",2026-09-24,
TOOL-0152,Keyboard/Tools section,tool,Blend Mode - Exclusion,Shortcut,,,,,,,3,in,planned,verified,docs/parity/shortcuts-30.1.csv (licensed 30.1),,"Keyboard Shortcuts export, licensed Illustrator 30.1.0 (Windows keys)",2026-09-24,
TOOL-0153,Keyboard/Tools section,tool,Blend Mode - Hue,Shortcut,,,,,,,3,in,planned,verified,docs/parity/shortcuts-30.1.csv (licensed 30.1),,"Keyboard Shortcuts export, licensed Illustrator 30.1.0 (Windows keys)",2026-09-24,
TOOL-0154,Keyboard/Tools section,tool,Blend Mode - Saturation,Shortcut,,,,,,,3,in,planned,verified,docs/parity/shortcuts-30.1.csv (licensed 30.1),,"Keyboard Shortcuts export, licensed Illustrator 30.1.0 (Windows keys)",2026-09-24,
TOOL-0155,Keyboard/Tools section,tool,Blend Mode - Color,Shortcut,,,,,,,3,in,planned,verified,docs/parity/shortcuts-30.1.csv (licensed 30.1),,"Keyboard Shortcuts export, licensed Illustrator 30.1.0 (Windows keys)",2026-09-24,
TOOL-0156,Keyboard/Tools section,tool,Blend Mode - Luminosity,Shortcut,,,,,,,3,in,planned,verified,docs/parity/shortcuts-30.1.csv (licensed 30.1),,"Keyboard Shortcuts export, licensed Illustrator 30.1.0 (Windows keys)",2026-09-24,
TOOL-0157,Keyboard/Tools section,tool,Blend Mode - Next Mode,Shortcut,,,,,,,3,in,planned,verified,docs/parity/shortcuts-30.1.csv (licensed 30.1),,"Keyboard Shortcuts export, licensed Illustrator 30.1.0 (Windows keys)",2026-09-24,
TOOL-0158,Keyboard/Tools section,tool,Blend Mode - Previous Mode,Shortcut,,,,,,,3,in,planned,verified,docs/parity/shortcuts-30.1.csv (licensed 30.1),,"Keyboard Shortcuts export, licensed Illustrator 30.1.0 (Windows keys)",2026-09-24,
TOOL-0159,Keyboard/Tools section,tool,Presentation Mode,Shortcut,Shift+F,,key,,,,1,in,planned,verified,docs/parity/shortcuts-30.1.csv (licensed 30.1),,"Keyboard Shortcuts export, licensed Illustrator 30.1.0 (Windows keys)",2026-09-24,
MENU-0346,Menus/File,menu,File > Browse in Bridge,Shortcut,Alt+Ctrl+O,,key,Listed in 30.1's shortcut export. Path from the v25 community list; confirm it in 30.1's menu,Adobe Bridge Browse,,1,in,planned,verified,docs/parity/shortcuts-30.1.csv (licensed 30.1),,"Keyboard Shortcuts export, licensed Illustrator 30.1.0 (Windows keys)",2026-09-24,
MENU-0347,Menus/File,menu,File > … > Close All,Shortcut,Alt+Ctrl+W,,key,Listed in 30.1's shortcut export; submenu path not recorded there,closeAll,,1,in,partial,verified,docs/parity/shortcuts-30.1.csv (licensed 30.1),,"Keyboard Shortcuts export, licensed Illustrator 30.1.0 (Windows keys)",2026-09-24,file.closeAll @ crates/engine/src/cmd/docmenu.rs:160
MENU-0348,Menus/File,menu,File > Document Color Mode > CMYK Color,,,,,Listed in 30.1's shortcut export. Path from the v25 community list; confirm it in 30.1's menu,doc-color-cmyk,,1,in,partial,verified,docs/parity/shortcuts-30.1.csv (licensed 30.1),,"Keyboard Shortcuts export, licensed Illustrator 30.1.0 (Windows keys)",2026-09-24,file.documentColorMode @ crates/engine/src/cmd/colormgmt.rs:239
MENU-0349,Menus/File,menu,File > Document Color Mode > RGB Color,,,,,Listed in 30.1's shortcut export. Path from the v25 community list; confirm it in 30.1's menu,doc-color-rgb,,1,in,partial,verified,docs/parity/shortcuts-30.1.csv (licensed 30.1),,"Keyboard Shortcuts export, licensed Illustrator 30.1.0 (Windows keys)",2026-09-24,file.documentColorMode @ crates/engine/src/cmd/colormgmt.rs:239
MENU-0350,Menus/Edit,menu,Edit > Edit Colors > Convert to CMYK,,,,,Listed in 30.1's shortcut export. Path from the v25 community list; confirm it in 30.1's menu,Colors8,,1,in,partial,verified,docs/parity/shortcuts-30.1.csv (licensed 30.1),,"Keyboard Shortcuts export, licensed Illustrator 30.1.0 (Windows keys)",2026-09-24,edit.colors.toCMYK @ crates/engine/src/cmd/colorcmds.rs:35
MENU-0351,Menus/Edit,menu,Edit > Edit Colors > Convert to Grayscale,,,,,Listed in 30.1's shortcut export. Path from the v25 community list; confirm it in 30.1's menu,Colors7,,1,in,partial,verified,docs/parity/shortcuts-30.1.csv (licensed 30.1),,"Keyboard Shortcuts export, licensed Illustrator 30.1.0 (Windows keys)",2026-09-24,edit.colors.toGrayscale @ crates/engine/src/cmd/colorcmds.rs:44
MENU-0352,Menus/Edit,menu,Edit > Edit Colors > Convert to RGB,,,,,Listed in 30.1's shortcut export. Path from the v25 community list; confirm it in 30.1's menu,Colors9,,1,in,partial,verified,docs/parity/shortcuts-30.1.csv (licensed 30.1),,"Keyboard Shortcuts export, licensed Illustrator 30.1.0 (Windows keys)",2026-09-24,edit.colors.toRGB @ crates/engine/src/cmd/colorcmds.rs:53
MENU-0353,Menus/Edit,menu,Edit > … > My Settings,,,,,Listed in 30.1's shortcut export; submenu path not recorded there,,,1,in,planned,verified,docs/parity/shortcuts-30.1.csv (licensed 30.1),,"Keyboard Shortcuts export, licensed Illustrator 30.1.0 (Windows keys)",2026-09-24,
MENU-0354,Menus/Edit,menu,Edit > Preferences > General,Shortcut,Ctrl+K,,key,Listed in 30.1's shortcut export. Path from the v25 community list; confirm it in 30.1's menu,preference,,1,in,planned,verified,docs/parity/shortcuts-30.1.csv (licensed 30.1),,"Keyboard Shortcuts export, licensed Illustrator 30.1.0 (Windows keys)",2026-09-24,
MENU-0355,Menus/Edit,menu,Edit > Preferences > Selection & Anchor Display,,,,,Listed in 30.1's shortcut export. Path from the v25 community list; confirm it in 30.1's menu,selectPref,,1,in,planned,verified,docs/parity/shortcuts-30.1.csv (licensed 30.1),,"Keyboard Shortcuts export, licensed Illustrator 30.1.0 (Windows keys)",2026-09-24,
MENU-0356,Menus/Edit,menu,Edit > Preferences > Type,,,,,Listed in 30.1's shortcut export. Path from the v25 community list; confirm it in 30.1's menu,keyboardPref,,1,in,planned,verified,docs/parity/shortcuts-30.1.csv (licensed 30.1),,"Keyboard Shortcuts export, licensed Illustrator 30.1.0 (Windows keys)",2026-09-24,
MENU-0357,Menus/Edit,menu,Edit > Preferences > Units,,,,,Listed in 30.1's shortcut export. Path from the v25 community list; confirm it in 30.1's menu,unitundoPref,,1,in,planned,verified,docs/parity/shortcuts-30.1.csv (licensed 30.1),,"Keyboard Shortcuts export, licensed Illustrator 30.1.0 (Windows keys)",2026-09-24,
MENU-0358,Menus/Edit,menu,Edit > Preferences > Guides & Grid,,,,,Listed in 30.1's shortcut export. Path from the v25 community list; confirm it in 30.1's menu,guidegridPref,,1,in,planned,verified,docs/parity/shortcuts-30.1.csv (licensed 30.1),,"Keyboard Shortcuts export, licensed Illustrator 30.1.0 (Windows keys)",2026-09-24,
MENU-0359,Menus/Edit,menu,Edit > Preferences > Smart Guides,,,,,Listed in 30.1's shortcut export. Path from the v25 community list; confirm it in 30.1's menu,snapPref,,1,in,planned,verified,docs/parity/shortcuts-30.1.csv (licensed 30.1),,"Keyboard Shortcuts export, licensed Illustrator 30.1.0 (Windows keys)",2026-09-24,
MENU-0360,Menus/Edit,menu,Edit > Preferences > Hyphenation,,,,,Listed in 30.1's shortcut export. Path from the v25 community list; confirm it in 30.1's menu,hyphenPref,,1,in,planned,verified,docs/parity/shortcuts-30.1.csv (licensed 30.1),,"Keyboard Shortcuts export, licensed Illustrator 30.1.0 (Windows keys)",2026-09-24,
MENU-0361,Menus/Edit,menu,Edit > Preferences > Plug-ins & Scratch Disks,,,,,Listed in 30.1's shortcut export. Path from the v25 community list; confirm it in 30.1's menu,pluginPref,,1,in,planned,verified,docs/parity/shortcuts-30.1.csv (licensed 30.1),,"Keyboard Shortcuts export, licensed Illustrator 30.1.0 (Windows keys)",2026-09-24,
MENU-0362,Menus/Edit,menu,Edit > Preferences > User Interface,,,,,Listed in 30.1's shortcut export. Path from the v25 community list; confirm it in 30.1's menu,UIPref,,1,in,planned,verified,docs/parity/shortcuts-30.1.csv (licensed 30.1),,"Keyboard Shortcuts export, licensed Illustrator 30.1.0 (Windows keys)",2026-09-24,
MENU-0363,Menus/Edit,menu,Edit > Preferences > Appearance of Black,,,,,Listed in 30.1's shortcut export. Path from the v25 community list; confirm it in 30.1's menu,BlackPref,,1,in,planned,verified,docs/parity/shortcuts-30.1.csv (licensed 30.1),,"Keyboard Shortcuts export, licensed Illustrator 30.1.0 (Windows keys)",2026-09-24,
MENU-0364,Menus/Object,menu,Object > … > Distribute,,,,,Listed in 30.1's shortcut export; submenu path not recorded there,,,1,in,planned,verified,docs/parity/shortcuts-30.1.csv (licensed 30.1),,"Keyboard Shortcuts export, licensed Illustrator 30.1.0 (Windows keys)",2026-09-24,
MENU-0365,Menus/Object,menu,Object > … > Ungroup All,Shortcut,Alt+Shift+G,,key,Listed in 30.1's shortcut export; submenu path not recorded there,ungroupAll,,1,in,planned,verified,docs/parity/shortcuts-30.1.csv (licensed 30.1),,"Keyboard Shortcuts export, licensed Illustrator 30.1.0 (Windows keys)",2026-09-24,
MENU-0366,Menus/Object,menu,Object > … > Generative,,,,,Listed in 30.1's shortcut export; submenu path not recorded there,,,1,in,planned,verified,docs/parity/shortcuts-30.1.csv (licensed 30.1),,"Keyboard Shortcuts export, licensed Illustrator 30.1.0 (Windows keys)",2026-09-24,
MENU-0367,Menus/Object,menu,Object > … > Generative Expand,,,,,Listed in 30.1's shortcut export; submenu path not recorded there,,,1,in,planned,verified,docs/parity/shortcuts-30.1.csv (licensed 30.1),,"Keyboard Shortcuts export, licensed Illustrator 30.1.0 (Windows keys)",2026-09-24,
MENU-0368,Menus/Object,menu,Object > … > Convert to Shape,,,,,Listed in 30.1's shortcut export; submenu path not recorded there,,,1,in,planned,verified,docs/parity/shortcuts-30.1.csv (licensed 30.1),,"Keyboard Shortcuts export, licensed Illustrator 30.1.0 (Windows keys)",2026-09-24,
MENU-0369,Menus/Object,menu,Object > … > Intertwine,,,,,Listed in 30.1's shortcut export; submenu path not recorded there,,,1,in,planned,verified,docs/parity/shortcuts-30.1.csv (licensed 30.1),,"Keyboard Shortcuts export, licensed Illustrator 30.1.0 (Windows keys)",2026-09-24,
MENU-0370,Menus/Object,menu,Object > … > Repeat,,,,,Listed in 30.1's shortcut export; submenu path not recorded there,,,1,in,n/a,verified,docs/parity/shortcuts-30.1.csv (licensed 30.1),,"Keyboard Shortcuts export, licensed Illustrator 30.1.0 (Windows keys)",2026-09-24,
MENU-0371,Menus/Object,menu,Object > … > Objects on Path,,,,,Listed in 30.1's shortcut export; submenu path not recorded there,,,1,in,planned,verified,docs/parity/shortcuts-30.1.csv (licensed 30.1),,"Keyboard Shortcuts export, licensed Illustrator 30.1.0 (Windows keys)",2026-09-24,
MENU-0372,Menus/Object,menu,Object > … > Mockup,,,,,Listed in 30.1's shortcut export; submenu path not recorded there,,,1,in,planned,verified,docs/parity/shortcuts-30.1.csv (licensed 30.1),,"Keyboard Shortcuts export, licensed Illustrator 30.1.0 (Windows keys)",2026-09-24,
MENU-0373,Menus/Type,menu,Type > … > Data,,,,,Listed in 30.1's shortcut export; submenu path not recorded there,,,1,in,planned,verified,docs/parity/shortcuts-30.1.csv (licensed 30.1),,"Keyboard Shortcuts export, licensed Illustrator 30.1.0 (Windows keys)",2026-09-24,
MENU-0374,Menus/Type,menu,Type > … > Design,,,,,Listed in 30.1's shortcut export; submenu path not recorded there,,,1,in,planned,verified,docs/parity/shortcuts-30.1.csv (licensed 30.1),,"Keyboard Shortcuts export, licensed Illustrator 30.1.0 (Windows keys)",2026-09-24,
MENU-0375,Menus/Type,menu,Type > … > Column,,,,,Listed in 30.1's shortcut export; submenu path not recorded there,,,1,in,planned,verified,docs/parity/shortcuts-30.1.csv (licensed 30.1),,"Keyboard Shortcuts export, licensed Illustrator 30.1.0 (Windows keys)",2026-09-24,
MENU-0376,Menus/Type,menu,Type > … > Marker,,,,,Listed in 30.1's shortcut export; submenu path not recorded there,,,1,in,planned,verified,docs/parity/shortcuts-30.1.csv (licensed 30.1),,"Keyboard Shortcuts export, licensed Illustrator 30.1.0 (Windows keys)",2026-09-24,
MENU-0377,Menus/Type,menu,Type > … > Collect For Export,,,,,Listed in 30.1's shortcut export; submenu path not recorded there,,,1,in,planned,verified,docs/parity/shortcuts-30.1.csv (licensed 30.1),,"Keyboard Shortcuts export, licensed Illustrator 30.1.0 (Windows keys)",2026-09-24,
MENU-0378,Menus/Type,menu,Type > … > Type,,,,,Listed in 30.1's shortcut export; submenu path not recorded there,,,1,in,planned,verified,docs/parity/shortcuts-30.1.csv (licensed 30.1),,"Keyboard Shortcuts export, licensed Illustrator 30.1.0 (Windows keys)",2026-09-24,
MENU-0379,Menus/Type,menu,Type > … > Find/Replace Font,,,,,Listed in 30.1's shortcut export; submenu path not recorded there,,,1,in,planned,verified,docs/parity/shortcuts-30.1.csv (licensed 30.1),,"Keyboard Shortcuts export, licensed Illustrator 30.1.0 (Windows keys)",2026-09-24,
MENU-0380,Menus/Type,menu,Type > … > Symbols,,,,,Listed in 30.1's shortcut export; submenu path not recorded there,,,1,in,planned,verified,docs/parity/shortcuts-30.1.csv (licensed 30.1),,"Keyboard Shortcuts export, licensed Illustrator 30.1.0 (Windows keys)",2026-09-24,
MENU-0381,Menus/Type,menu,Type > … > Bullet,Shortcut,Alt+8,,key,Listed in 30.1's shortcut export; submenu path not recorded there,~bullet,,1,in,planned,verified,docs/parity/shortcuts-30.1.csv (licensed 30.1),,"Keyboard Shortcuts export, licensed Illustrator 30.1.0 (Windows keys)",2026-09-24,
MENU-0382,Menus/Type,menu,Type > … > Copyright Symbol,Shortcut,Alt+G,,key,Listed in 30.1's shortcut export; submenu path not recorded there,~copyright,,1,in,planned,verified,docs/parity/shortcuts-30.1.csv (licensed 30.1),,"Keyboard Shortcuts export, licensed Illustrator 30.1.0 (Windows keys)",2026-09-24,
MENU-0383,Menus/Type,menu,Type > … > Ellipsis,Shortcut,Alt+;,,key,Listed in 30.1's shortcut export; submenu path not recorded there,~ellipsis,,1,in,planned,verified,docs/parity/shortcuts-30.1.csv (licensed 30.1),,"Keyboard Shortcuts export, licensed Illustrator 30.1.0 (Windows keys)",2026-09-24,
MENU-0384,Menus/Type,menu,Type > … > Paragraph Symbol,Shortcut,Alt+7,,key,Listed in 30.1's shortcut export; submenu path not recorded there,~paragraphSymbol,,1,in,planned,verified,docs/parity/shortcuts-30.1.csv (licensed 30.1),,"Keyboard Shortcuts export, licensed Illustrator 30.1.0 (Windows keys)",2026-09-24,
MENU-0385,Menus/Type,menu,Type > … > Registered Trademark Symbol,Shortcut,Alt+R,,key,Listed in 30.1's shortcut export; submenu path not recorded there,~registeredTrademark,,1,in,planned,verified,docs/parity/shortcuts-30.1.csv (licensed 30.1),,"Keyboard Shortcuts export, licensed Illustrator 30.1.0 (Windows keys)",2026-09-24,
MENU-0386,Menus/Type,menu,Type > … > Section Symbol,Shortcut,Alt+6,,key,Listed in 30.1's shortcut export; submenu path not recorded there,~sectionSymbol,,1,in,planned,verified,docs/parity/shortcuts-30.1.csv (licensed 30.1),,"Keyboard Shortcuts export, licensed Illustrator 30.1.0 (Windows keys)",2026-09-24,
MENU-0387,Menus/Type,menu,Type > … > Trademark Symbol,Shortcut,Alt+2,,key,Listed in 30.1's shortcut export; submenu path not recorded there,~trademarkSymbol,,1,in,planned,verified,docs/parity/shortcuts-30.1.csv (licensed 30.1),,"Keyboard Shortcuts export, licensed Illustrator 30.1.0 (Windows keys)",2026-09-24,
MENU-0388,Menus/Type,menu,Type > … > Hyphens And Dashes,,,,,Listed in 30.1's shortcut export; submenu path not recorded there,,,1,in,planned,verified,docs/parity/shortcuts-30.1.csv (licensed 30.1),,"Keyboard Shortcuts export, licensed Illustrator 30.1.0 (Windows keys)",2026-09-24,
MENU-0389,Menus/Type,menu,Type > … > Em Dash,Shortcut,Alt+Shift+-,,key,Listed in 30.1's shortcut export; submenu path not recorded there,~emDash,,1,in,planned,verified,docs/parity/shortcuts-30.1.csv (licensed 30.1),,"Keyboard Shortcuts export, licensed Illustrator 30.1.0 (Windows keys)",2026-09-24,
MENU-0390,Menus/Type,menu,Type > … > En Dash,Shortcut,Alt+-,,key,Listed in 30.1's shortcut export; submenu path not recorded there,~enDash,,1,in,planned,verified,docs/parity/shortcuts-30.1.csv (licensed 30.1),,"Keyboard Shortcuts export, licensed Illustrator 30.1.0 (Windows keys)",2026-09-24,
MENU-0391,Menus/Type,menu,Type > … > Discretionary Hyphen,Shortcut,Shift+Ctrl+-,,key,Listed in 30.1's shortcut export; submenu path not recorded there,~discretionaryHyphen,,1,in,planned,verified,docs/parity/shortcuts-30.1.csv (licensed 30.1),,"Keyboard Shortcuts export, licensed Illustrator 30.1.0 (Windows keys)",2026-09-24,
MENU-0392,Menus/Type,menu,Type > … > Quotation Marks,,,,,Listed in 30.1's shortcut export; submenu path not recorded there,,,1,in,planned,verified,docs/parity/shortcuts-30.1.csv (licensed 30.1),,"Keyboard Shortcuts export, licensed Illustrator 30.1.0 (Windows keys)",2026-09-24,
MENU-0393,Menus/Type,menu,Type > … > Double Left Quotation Marks,Shortcut,Alt+[,,key,Listed in 30.1's shortcut export; submenu path not recorded there,~doubleLeftQuote,,1,in,planned,verified,docs/parity/shortcuts-30.1.csv (licensed 30.1),,"Keyboard Shortcuts export, licensed Illustrator 30.1.0 (Windows keys)",2026-09-24,
MENU-0394,Menus/Type,menu,Type > … > Double Right Quotation Marks,Shortcut,Alt+Shift+[,,key,Listed in 30.1's shortcut export; submenu path not recorded there,~doubleRightQuote,,1,in,planned,verified,docs/parity/shortcuts-30.1.csv (licensed 30.1),,"Keyboard Shortcuts export, licensed Illustrator 30.1.0 (Windows keys)",2026-09-24,
MENU-0395,Menus/Type,menu,Type > … > Single Left Quotation Marks,Shortcut,Alt+],,key,Listed in 30.1's shortcut export; submenu path not recorded there,~singleLeftQuote,,1,in,planned,verified,docs/parity/shortcuts-30.1.csv (licensed 30.1),,"Keyboard Shortcuts export, licensed Illustrator 30.1.0 (Windows keys)",2026-09-24,
MENU-0396,Menus/Type,menu,Type > … > Single Right Quotation Marks,Shortcut,Alt+Shift+],,key,Listed in 30.1's shortcut export; submenu path not recorded there,~singleRightQuote,,1,in,planned,verified,docs/parity/shortcuts-30.1.csv (licensed 30.1),,"Keyboard Shortcuts export, licensed Illustrator 30.1.0 (Windows keys)",2026-09-24,
MENU-0397,Menus/Type,menu,Type > … > Insert WhiteSpace Character,,,,,Listed in 30.1's shortcut export; submenu path not recorded there,,,1,in,n/a,verified,docs/parity/shortcuts-30.1.csv (licensed 30.1),,"Keyboard Shortcuts export, licensed Illustrator 30.1.0 (Windows keys)",2026-09-24,
MENU-0398,Menus/Type,menu,Type > … > Em Space,Shortcut,Shift+Ctrl+M,,key,Listed in 30.1's shortcut export; submenu path not recorded there,,,1,in,planned,verified,docs/parity/shortcuts-30.1.csv (licensed 30.1),,"Keyboard Shortcuts export, licensed Illustrator 30.1.0 (Windows keys)",2026-09-24,
MENU-0399,Menus/Type,menu,Type > … > En Space,Shortcut,Shift+Ctrl+N,,key,Listed in 30.1's shortcut export; submenu path not recorded there,,,1,in,planned,verified,docs/parity/shortcuts-30.1.csv (licensed 30.1),,"Keyboard Shortcuts export, licensed Illustrator 30.1.0 (Windows keys)",2026-09-24,
MENU-0400,Menus/Type,menu,Type > … > Hair Space,,,,,Listed in 30.1's shortcut export; submenu path not recorded there,,,1,in,planned,verified,docs/parity/shortcuts-30.1.csv (licensed 30.1),,"Keyboard Shortcuts export, licensed Illustrator 30.1.0 (Windows keys)",2026-09-24,
MENU-0401,Menus/Type,menu,Type > … > Thin Space,Shortcut,Alt+Shift+Ctrl+M,,key,Listed in 30.1's shortcut export; submenu path not recorded there,,,1,in,planned,verified,docs/parity/shortcuts-30.1.csv (licensed 30.1),,"Keyboard Shortcuts export, licensed Illustrator 30.1.0 (Windows keys)",2026-09-24,
MENU-0402,Menus/Type,menu,Type > … > Insert Break Character,,,,,Listed in 30.1's shortcut export; submenu path not recorded there,,,1,in,n/a,verified,docs/parity/shortcuts-30.1.csv (licensed 30.1),,"Keyboard Shortcuts export, licensed Illustrator 30.1.0 (Windows keys)",2026-09-24,
MENU-0403,Menus/Type,menu,Type > … > Forced Line Break,,,,,Listed in 30.1's shortcut export; submenu path not recorded there,,,1,in,planned,verified,docs/parity/shortcuts-30.1.csv (licensed 30.1),,"Keyboard Shortcuts export, licensed Illustrator 30.1.0 (Windows keys)",2026-09-24,
MENU-0404,Menus/Type,menu,Type > Type Orientation > Horizontal,,,,,Listed in 30.1's shortcut export. Path from the v25 community list; confirm it in 30.1's menu,type-horizontal,,1,in,partial,verified,docs/parity/shortcuts-30.1.csv (licensed 30.1),,"Keyboard Shortcuts export, licensed Illustrator 30.1.0 (Windows keys)",2026-09-24,type.orientation.horizontal @ crates/engine/src/cmd/typecmd.rs:20
MENU-0405,Menus/Type,menu,Type > Type Orientation > Vertical,,,,,Listed in 30.1's shortcut export. Path from the v25 community list; confirm it in 30.1's menu,type-vertical,,1,in,partial,verified,docs/parity/shortcuts-30.1.csv (licensed 30.1),,"Keyboard Shortcuts export, licensed Illustrator 30.1.0 (Windows keys)",2026-09-24,type.orientation.vertical @ crates/engine/src/cmd/typecmd.rs:16
MENU-0406,Menus/Type,menu,Type > … > Update Selected Legacy Text,,,,,Listed in 30.1's shortcut export; submenu path not recorded there,,,1,in,planned,verified,docs/parity/shortcuts-30.1.csv (licensed 30.1),,"Keyboard Shortcuts export, licensed Illustrator 30.1.0 (Windows keys)",2026-09-24,
MENU-0407,Menus/Type,menu,Type > … > Hide Copies,,,,,Listed in 30.1's shortcut export; submenu path not recorded there,,,1,in,planned,verified,docs/parity/shortcuts-30.1.csv (licensed 30.1),,"Keyboard Shortcuts export, licensed Illustrator 30.1.0 (Windows keys)",2026-09-24,
MENU-0408,Menus/Effect,menu,Effect > … > 3D and Materials,,,,,Listed in 30.1's shortcut export; submenu path not recorded there,,,1,in,n/a,verified,docs/parity/shortcuts-30.1.csv (licensed 30.1),,"Keyboard Shortcuts export, licensed Illustrator 30.1.0 (Windows keys)",2026-09-24,
MENU-0409,Menus/Effect,menu,Effect > … > 3D (Classic),,,,,Listed in 30.1's shortcut export; submenu path not recorded there,,,1,in,planned,verified,docs/parity/shortcuts-30.1.csv (licensed 30.1),,"Keyboard Shortcuts export, licensed Illustrator 30.1.0 (Windows keys)",2026-09-24,
MENU-0410,Menus/Effect,menu,Effect > … > Extrude & Bevel (Classic),,,,,Listed in 30.1's shortcut export; submenu path not recorded there,,,1,in,planned,verified,docs/parity/shortcuts-30.1.csv (licensed 30.1),,"Keyboard Shortcuts export, licensed Illustrator 30.1.0 (Windows keys)",2026-09-24,
MENU-0411,Menus/Effect,menu,Effect > … > Revolve (Classic),,,,,Listed in 30.1's shortcut export; submenu path not recorded there,,,1,in,planned,verified,docs/parity/shortcuts-30.1.csv (licensed 30.1),,"Keyboard Shortcuts export, licensed Illustrator 30.1.0 (Windows keys)",2026-09-24,
MENU-0412,Menus/Effect,menu,Effect > … > Rotate (Classic),,,,,Listed in 30.1's shortcut export; submenu path not recorded there,,,1,in,planned,verified,docs/parity/shortcuts-30.1.csv (licensed 30.1),,"Keyboard Shortcuts export, licensed Illustrator 30.1.0 (Windows keys)",2026-09-24,
MENU-0413,Menus/Effect,menu,Effect > … > Convert to Shape,,,,,Listed in 30.1's shortcut export; submenu path not recorded there,,,1,in,n/a,verified,docs/parity/shortcuts-30.1.csv (licensed 30.1),,"Keyboard Shortcuts export, licensed Illustrator 30.1.0 (Windows keys)",2026-09-24,
MENU-0414,Menus/Effect,menu,Effect > Convert to Shape > Rectangle,,,,,Listed in 30.1's shortcut export. Path from the v25 community list; confirm it in 30.1's menu,Live Rectangle,,1,in,partial,verified,docs/parity/shortcuts-30.1.csv (licensed 30.1),,"Keyboard Shortcuts export, licensed Illustrator 30.1.0 (Windows keys)",2026-09-24,effect.dialog @ crates/ui-egui/src/menus.rs:223
MENU-0415,Menus/Effect,menu,Effect > Convert to Shape > Rounded Rectangle,,,,,Listed in 30.1's shortcut export. Path from the v25 community list; confirm it in 30.1's menu,Live Rounded Rectangle,,1,in,partial,verified,docs/parity/shortcuts-30.1.csv (licensed 30.1),,"Keyboard Shortcuts export, licensed Illustrator 30.1.0 (Windows keys)",2026-09-24,effect.dialog @ crates/ui-egui/src/menus.rs:223
MENU-0416,Menus/Effect,menu,Effect > Convert to Shape > Ellipse,,,,,Listed in 30.1's shortcut export. Path from the v25 community list; confirm it in 30.1's menu,Live Ellipse,,1,in,partial,verified,docs/parity/shortcuts-30.1.csv (licensed 30.1),,"Keyboard Shortcuts export, licensed Illustrator 30.1.0 (Windows keys)",2026-09-24,effect.dialog @ crates/ui-egui/src/menus.rs:223
MENU-0417,Menus/Effect,menu,Effect > … > Distort & Transform,,,,,Listed in 30.1's shortcut export; submenu path not recorded there,,,1,in,n/a,verified,docs/parity/shortcuts-30.1.csv (licensed 30.1),,"Keyboard Shortcuts export, licensed Illustrator 30.1.0 (Windows keys)",2026-09-24,
MENU-0418,Menus/Effect,menu,Effect > Distort & Transform > Free Distort,,,,,Listed in 30.1's shortcut export. Path from the v25 community list; confirm it in 30.1's menu,Live Free Distort,,1,in,partial,verified,docs/parity/shortcuts-30.1.csv (licensed 30.1),,"Keyboard Shortcuts export, licensed Illustrator 30.1.0 (Windows keys)",2026-09-24,effect.dialog @ crates/ui-egui/src/menus.rs:223
MENU-0419,Menus/Effect,menu,Effect > Distort & Transform > Pucker & Bloat,,,,,Listed in 30.1's shortcut export. Path from the v25 community list; confirm it in 30.1's menu,Live Pucker & Bloat,,1,in,partial,verified,docs/parity/shortcuts-30.1.csv (licensed 30.1),,"Keyboard Shortcuts export, licensed Illustrator 30.1.0 (Windows keys)",2026-09-24,effect.dialog @ crates/ui-egui/src/menus.rs:223
MENU-0420,Menus/Effect,menu,Effect > Distort & Transform > Roughen,,,,,Listed in 30.1's shortcut export. Path from the v25 community list; confirm it in 30.1's menu,Live Roughen,,1,in,partial,verified,docs/parity/shortcuts-30.1.csv (licensed 30.1),,"Keyboard Shortcuts export, licensed Illustrator 30.1.0 (Windows keys)",2026-09-24,effect.dialog @ crates/ui-egui/src/menus.rs:223
MENU-0421,Menus/Effect,menu,Effect > Distort & Transform > Transform,,,,,Listed in 30.1's shortcut export. Path from the v25 community list; confirm it in 30.1's menu,Live Transform,,1,in,partial,verified,docs/parity/shortcuts-30.1.csv (licensed 30.1),,"Keyboard Shortcuts export, licensed Illustrator 30.1.0 (Windows keys)",2026-09-24,effect.dialog @ crates/ui-egui/src/menus.rs:223
MENU-0422,Menus/Effect,menu,Effect > Distort & Transform > Tweak,,,,,Listed in 30.1's shortcut export. Path from the v25 community list; confirm it in 30.1's menu,Live Scribble and Tweak,,1,in,partial,verified,docs/parity/shortcuts-30.1.csv (licensed 30.1),,"Keyboard Shortcuts export, licensed Illustrator 30.1.0 (Windows keys)",2026-09-24,effect.dialog @ crates/ui-egui/src/menus.rs:223
MENU-0423,Menus/Effect,menu,Effect > … > Twist,,,,,Listed in 30.1's shortcut export; submenu path not recorded there,,,1,in,planned,verified,docs/parity/shortcuts-30.1.csv (licensed 30.1),,"Keyboard Shortcuts export, licensed Illustrator 30.1.0 (Windows keys)",2026-09-24,
MENU-0424,Menus/Effect,menu,Effect > Distort & Transform > Zig Zag,,,,,Listed in 30.1's shortcut export. Path from the v25 community list; confirm it in 30.1's menu,Live Zig Zag,,1,in,partial,verified,docs/parity/shortcuts-30.1.csv (licensed 30.1),,"Keyboard Shortcuts export, licensed Illustrator 30.1.0 (Windows keys)",2026-09-24,effect.dialog @ crates/ui-egui/src/menus.rs:223
MENU-0425,Menus/Effect,menu,Effect > … > Path,,,,,Listed in 30.1's shortcut export; submenu path not recorded there,,,1,in,n/a,verified,docs/parity/shortcuts-30.1.csv (licensed 30.1),,"Keyboard Shortcuts export, licensed Illustrator 30.1.0 (Windows keys)",2026-09-24,
MENU-0426,Menus/Effect,menu,Effect > Path > Offset Path,,,,,Listed in 30.1's shortcut export. Path from the v25 community list; confirm it in 30.1's menu,Live Offset Path,,1,in,partial,verified,docs/parity/shortcuts-30.1.csv (licensed 30.1),,"Keyboard Shortcuts export, licensed Illustrator 30.1.0 (Windows keys)",2026-09-24,effect.dialog @ crates/ui-egui/src/menus.rs:223
MENU-0427,Menus/Effect,menu,Effect > Path > Outline Object,,,,,Listed in 30.1's shortcut export. Path from the v25 community list; confirm it in 30.1's menu,Live Outline Object,,1,in,planned,verified,docs/parity/shortcuts-30.1.csv (licensed 30.1),,"Keyboard Shortcuts export, licensed Illustrator 30.1.0 (Windows keys)",2026-09-24,
MENU-0428,Menus/Effect,menu,Effect > Path > Outline Stroke,,,,,Listed in 30.1's shortcut export. Path from the v25 community list; confirm it in 30.1's menu,Live Outline Stroke,,1,in,partial,verified,docs/parity/shortcuts-30.1.csv (licensed 30.1),,"Keyboard Shortcuts export, licensed Illustrator 30.1.0 (Windows keys)",2026-09-24,effect.apply @ crates/engine/src/cmd/effectcmd.rs:22
MENU-0429,Menus/Effect,menu,Effect > … > Pathfinder,,,,,Listed in 30.1's shortcut export; submenu path not recorded there,,,1,in,n/a,verified,docs/parity/shortcuts-30.1.csv (licensed 30.1),,"Keyboard Shortcuts export, licensed Illustrator 30.1.0 (Windows keys)",2026-09-24,
MENU-0430,Menus/Effect,menu,Effect > Pathfinder > Add,,,,,Listed in 30.1's shortcut export. Path from the v25 community list; confirm it in 30.1's menu,Live Pathfinder Add,,1,in,partial,verified,docs/parity/shortcuts-30.1.csv (licensed 30.1),,"Keyboard Shortcuts export, licensed Illustrator 30.1.0 (Windows keys)",2026-09-24,effect.apply @ crates/engine/src/cmd/effectcmd.rs:22
MENU-0431,Menus/Effect,menu,Effect > Pathfinder > Intersect,,,,,Listed in 30.1's shortcut export. Path from the v25 community list; confirm it in 30.1's menu,Live Pathfinder Intersect,,1,in,partial,verified,docs/parity/shortcuts-30.1.csv (licensed 30.1),,"Keyboard Shortcuts export, licensed Illustrator 30.1.0 (Windows keys)",2026-09-24,effect.apply @ crates/engine/src/cmd/effectcmd.rs:22
MENU-0432,Menus/Effect,menu,Effect > Pathfinder > Exclude,,,,,Listed in 30.1's shortcut export. Path from the v25 community list; confirm it in 30.1's menu,Live Pathfinder Exclude,,1,in,partial,verified,docs/parity/shortcuts-30.1.csv (licensed 30.1),,"Keyboard Shortcuts export, licensed Illustrator 30.1.0 (Windows keys)",2026-09-24,effect.apply @ crates/engine/src/cmd/effectcmd.rs:22
MENU-0433,Menus/Effect,menu,Effect > Pathfinder > Subtract,,,,,Listed in 30.1's shortcut export. Path from the v25 community list; confirm it in 30.1's menu,Live Pathfinder Subtract,,1,in,partial,verified,docs/parity/shortcuts-30.1.csv (licensed 30.1),,"Keyboard Shortcuts export, licensed Illustrator 30.1.0 (Windows keys)",2026-09-24,effect.apply @ crates/engine/src/cmd/effectcmd.rs:22
MENU-0434,Menus/Effect,menu,Effect > Pathfinder > Minus Back,,,,,Listed in 30.1's shortcut export. Path from the v25 community list; confirm it in 30.1's menu,Live Pathfinder Minus Back,,1,in,partial,verified,docs/parity/shortcuts-30.1.csv (licensed 30.1),,"Keyboard Shortcuts export, licensed Illustrator 30.1.0 (Windows keys)",2026-09-24,effect.apply @ crates/engine/src/cmd/effectcmd.rs:22
MENU-0435,Menus/Effect,menu,Effect > Pathfinder > Divide,,,,,Listed in 30.1's shortcut export. Path from the v25 community list; confirm it in 30.1's menu,Live Pathfinder Divide,,1,in,partial,verified,docs/parity/shortcuts-30.1.csv (licensed 30.1),,"Keyboard Shortcuts export, licensed Illustrator 30.1.0 (Windows keys)",2026-09-24,effect.apply @ crates/engine/src/cmd/effectcmd.rs:22
MENU-0436,Menus/Effect,menu,Effect > Pathfinder > Trim,,,,,Listed in 30.1's shortcut export. Path from the v25 community list; confirm it in 30.1's menu,Live Pathfinder Trim,,1,in,partial,verified,docs/parity/shortcuts-30.1.csv (licensed 30.1),,"Keyboard Shortcuts export, licensed Illustrator 30.1.0 (Windows keys)",2026-09-24,effect.apply @ crates/engine/src/cmd/effectcmd.rs:22
MENU-0437,Menus/Effect,menu,Effect > Pathfinder > Merge,,,,,Listed in 30.1's shortcut export. Path from the v25 community list; confirm it in 30.1's menu,Live Pathfinder Merge,,1,in,partial,verified,docs/parity/shortcuts-30.1.csv (licensed 30.1),,"Keyboard Shortcuts export, licensed Illustrator 30.1.0 (Windows keys)",2026-09-24,effect.apply @ crates/engine/src/cmd/effectcmd.rs:22
MENU-0438,Menus/Effect,menu,Effect > Pathfinder > Crop,,,,,Listed in 30.1's shortcut export. Path from the v25 community list; confirm it in 30.1's menu,Live Pathfinder Crop,,1,in,partial,verified,docs/parity/shortcuts-30.1.csv (licensed 30.1),,"Keyboard Shortcuts export, licensed Illustrator 30.1.0 (Windows keys)",2026-09-24,effect.apply @ crates/engine/src/cmd/effectcmd.rs:22
MENU-0439,Menus/Effect,menu,Effect > Pathfinder > Outline,,,,,Listed in 30.1's shortcut export. Path from the v25 community list; confirm it in 30.1's menu,Live Pathfinder Outline,,1,in,partial,verified,docs/parity/shortcuts-30.1.csv (licensed 30.1),,"Keyboard Shortcuts export, licensed Illustrator 30.1.0 (Windows keys)",2026-09-24,effect.apply @ crates/engine/src/cmd/effectcmd.rs:22
MENU-0440,Menus/Effect,menu,Effect > Pathfinder > Hard Mix,,,,,Listed in 30.1's shortcut export. Path from the v25 community list; confirm it in 30.1's menu,Live Pathfinder Hard Mix,,1,in,planned,verified,docs/parity/shortcuts-30.1.csv (licensed 30.1),,"Keyboard Shortcuts export, licensed Illustrator 30.1.0 (Windows keys)",2026-09-24,
MENU-0441,Menus/Effect,menu,Effect > Pathfinder > Soft Mix,,,,,Listed in 30.1's shortcut export. Path from the v25 community list; confirm it in 30.1's menu,Live Pathfinder Soft Mix,,1,in,planned,verified,docs/parity/shortcuts-30.1.csv (licensed 30.1),,"Keyboard Shortcuts export, licensed Illustrator 30.1.0 (Windows keys)",2026-09-24,
MENU-0442,Menus/Effect,menu,Effect > Pathfinder > Trap,,,,,Listed in 30.1's shortcut export. Path from the v25 community list; confirm it in 30.1's menu,Live Pathfinder Trap,,1,in,planned,verified,docs/parity/shortcuts-30.1.csv (licensed 30.1),,"Keyboard Shortcuts export, licensed Illustrator 30.1.0 (Windows keys)",2026-09-24,
MENU-0443,Menus/Effect,menu,Effect > Rasterize,,,,,Listed in 30.1's shortcut export. Path from the v25 community list; confirm it in 30.1's menu,Live Rasterize,,1,in,planned,verified,docs/parity/shortcuts-30.1.csv (licensed 30.1),,"Keyboard Shortcuts export, licensed Illustrator 30.1.0 (Windows keys)",2026-09-24,
MENU-0444,Menus/Effect,menu,Effect > … > Stylize,,,,,Listed in 30.1's shortcut export; submenu path not recorded there,,,1,in,n/a,verified,docs/parity/shortcuts-30.1.csv (licensed 30.1),,"Keyboard Shortcuts export, licensed Illustrator 30.1.0 (Windows keys)",2026-09-24,
MENU-0445,Menus/Effect,menu,Effect > Stylize > Feather,,,,,Listed in 30.1's shortcut export. Path from the v25 community list; confirm it in 30.1's menu,Live Feather,,1,in,partial,verified,docs/parity/shortcuts-30.1.csv (licensed 30.1),,"Keyboard Shortcuts export, licensed Illustrator 30.1.0 (Windows keys)",2026-09-24,effect.dialog @ crates/ui-egui/src/menus.rs:223
MENU-0446,Menus/Effect,menu,Effect > Stylize > Inner Glow,,,,,Listed in 30.1's shortcut export. Path from the v25 community list; confirm it in 30.1's menu,Live Inner Glow,,1,in,partial,verified,docs/parity/shortcuts-30.1.csv (licensed 30.1),,"Keyboard Shortcuts export, licensed Illustrator 30.1.0 (Windows keys)",2026-09-24,effect.dialog @ crates/ui-egui/src/menus.rs:223
MENU-0447,Menus/Effect,menu,Effect > Stylize > outer Glow,,,,,Listed in 30.1's shortcut export. Path from the v25 community list; confirm it in 30.1's menu,Live Outer Glow,,1,in,partial,verified,docs/parity/shortcuts-30.1.csv (licensed 30.1),,"Keyboard Shortcuts export, licensed Illustrator 30.1.0 (Windows keys)",2026-09-24,effect.dialog @ crates/ui-egui/src/menus.rs:223
MENU-0448,Menus/Effect,menu,Effect > Stylize > Scribble,,,,,Listed in 30.1's shortcut export. Path from the v25 community list; confirm it in 30.1's menu,Live Scribble Fill,,1,in,partial,verified,docs/parity/shortcuts-30.1.csv (licensed 30.1),,"Keyboard Shortcuts export, licensed Illustrator 30.1.0 (Windows keys)",2026-09-24,effect.dialog @ crates/ui-egui/src/menus.rs:223
MENU-0449,Menus/Effect,menu,Effect > … > SVG Filters,,,,,Listed in 30.1's shortcut export; submenu path not recorded there,,,1,in,n/a,verified,docs/parity/shortcuts-30.1.csv (licensed 30.1),,"Keyboard Shortcuts export, licensed Illustrator 30.1.0 (Windows keys)",2026-09-24,
MENU-0450,Menus/Effect,menu,Effect > … > Warp,,,,,Listed in 30.1's shortcut export; submenu path not recorded there,,,1,in,n/a,verified,docs/parity/shortcuts-30.1.csv (licensed 30.1),,"Keyboard Shortcuts export, licensed Illustrator 30.1.0 (Windows keys)",2026-09-24,
MENU-0451,Menus/Effect,menu,Effect > Warp > Arc,,,,,Listed in 30.1's shortcut export. Path from the v25 community list; confirm it in 30.1's menu,Live Deform Arc,,1,in,partial,verified,docs/parity/shortcuts-30.1.csv (licensed 30.1),,"Keyboard Shortcuts export, licensed Illustrator 30.1.0 (Windows keys)",2026-09-24,effect.dialog @ crates/ui-egui/src/menus.rs:223
MENU-0452,Menus/Effect,menu,Effect > Warp > Arc Lower,,,,,Listed in 30.1's shortcut export. Path from the v25 community list; confirm it in 30.1's menu,Live Deform Arc Lower,,1,in,partial,verified,docs/parity/shortcuts-30.1.csv (licensed 30.1),,"Keyboard Shortcuts export, licensed Illustrator 30.1.0 (Windows keys)",2026-09-24,effect.dialog @ crates/ui-egui/src/menus.rs:223
MENU-0453,Menus/Effect,menu,Effect > Warp > Arc Upper,,,,,Listed in 30.1's shortcut export. Path from the v25 community list; confirm it in 30.1's menu,Live Deform Arc Upper,,1,in,partial,verified,docs/parity/shortcuts-30.1.csv (licensed 30.1),,"Keyboard Shortcuts export, licensed Illustrator 30.1.0 (Windows keys)",2026-09-24,effect.dialog @ crates/ui-egui/src/menus.rs:223
MENU-0454,Menus/Effect,menu,Effect > Warp > Arch,,,,,Listed in 30.1's shortcut export. Path from the v25 community list; confirm it in 30.1's menu,Live Deform Arch,,1,in,partial,verified,docs/parity/shortcuts-30.1.csv (licensed 30.1),,"Keyboard Shortcuts export, licensed Illustrator 30.1.0 (Windows keys)",2026-09-24,effect.dialog @ crates/ui-egui/src/menus.rs:223
MENU-0455,Menus/Effect,menu,Effect > Warp > Bulge,,,,,Listed in 30.1's shortcut export. Path from the v25 community list; confirm it in 30.1's menu,Live Deform Bulge,,1,in,partial,verified,docs/parity/shortcuts-30.1.csv (licensed 30.1),,"Keyboard Shortcuts export, licensed Illustrator 30.1.0 (Windows keys)",2026-09-24,effect.dialog @ crates/ui-egui/src/menus.rs:223
MENU-0456,Menus/Effect,menu,Effect > Warp > Shell Lower,,,,,Listed in 30.1's shortcut export. Path from the v25 community list; confirm it in 30.1's menu,Live Deform Shell Lower,,1,in,partial,verified,docs/parity/shortcuts-30.1.csv (licensed 30.1),,"Keyboard Shortcuts export, licensed Illustrator 30.1.0 (Windows keys)",2026-09-24,effect.dialog @ crates/ui-egui/src/menus.rs:223
MENU-0457,Menus/Effect,menu,Effect > Warp > Shell Upper,,,,,Listed in 30.1's shortcut export. Path from the v25 community list; confirm it in 30.1's menu,Live Deform Shell Upper,,1,in,partial,verified,docs/parity/shortcuts-30.1.csv (licensed 30.1),,"Keyboard Shortcuts export, licensed Illustrator 30.1.0 (Windows keys)",2026-09-24,effect.dialog @ crates/ui-egui/src/menus.rs:223
MENU-0458,Menus/Effect,menu,Effect > Warp > Flag,,,,,Listed in 30.1's shortcut export. Path from the v25 community list; confirm it in 30.1's menu,Live Deform Flag,,1,in,partial,verified,docs/parity/shortcuts-30.1.csv (licensed 30.1),,"Keyboard Shortcuts export, licensed Illustrator 30.1.0 (Windows keys)",2026-09-24,effect.dialog @ crates/ui-egui/src/menus.rs:223
MENU-0459,Menus/Effect,menu,Effect > Warp > Wave,,,,,Listed in 30.1's shortcut export. Path from the v25 community list; confirm it in 30.1's menu,Live Deform Wave,,1,in,partial,verified,docs/parity/shortcuts-30.1.csv (licensed 30.1),,"Keyboard Shortcuts export, licensed Illustrator 30.1.0 (Windows keys)",2026-09-24,effect.dialog @ crates/ui-egui/src/menus.rs:223
MENU-0460,Menus/Effect,menu,Effect > Warp > Fish,,,,,Listed in 30.1's shortcut export. Path from the v25 community list; confirm it in 30.1's menu,Live Deform Fish,,1,in,partial,verified,docs/parity/shortcuts-30.1.csv (licensed 30.1),,"Keyboard Shortcuts export, licensed Illustrator 30.1.0 (Windows keys)",2026-09-24,effect.dialog @ crates/ui-egui/src/menus.rs:223
MENU-0461,Menus/Effect,menu,Effect > Warp > Rise,,,,,Listed in 30.1's shortcut export. Path from the v25 community list; confirm it in 30.1's menu,Live Deform Rise,,1,in,partial,verified,docs/parity/shortcuts-30.1.csv (licensed 30.1),,"Keyboard Shortcuts export, licensed Illustrator 30.1.0 (Windows keys)",2026-09-24,effect.dialog @ crates/ui-egui/src/menus.rs:223
MENU-0462,Menus/Effect,menu,Effect > Warp > Fisheye,,,,,Listed in 30.1's shortcut export. Path from the v25 community list; confirm it in 30.1's menu,Live Deform Fisheye,,1,in,partial,verified,docs/parity/shortcuts-30.1.csv (licensed 30.1),,"Keyboard Shortcuts export, licensed Illustrator 30.1.0 (Windows keys)",2026-09-24,effect.dialog @ crates/ui-egui/src/menus.rs:223
MENU-0463,Menus/Effect,menu,Effect > Warp > Inflate,,,,,Listed in 30.1's shortcut export. Path from the v25 community list; confirm it in 30.1's menu,Live Deform Inflate,,1,in,partial,verified,docs/parity/shortcuts-30.1.csv (licensed 30.1),,"Keyboard Shortcuts export, licensed Illustrator 30.1.0 (Windows keys)",2026-09-24,effect.dialog @ crates/ui-egui/src/menus.rs:223
MENU-0464,Menus/Effect,menu,Effect > Warp > Squeeze,,,,,Listed in 30.1's shortcut export. Path from the v25 community list; confirm it in 30.1's menu,Live Deform Squeeze,,1,in,partial,verified,docs/parity/shortcuts-30.1.csv (licensed 30.1),,"Keyboard Shortcuts export, licensed Illustrator 30.1.0 (Windows keys)",2026-09-24,effect.dialog @ crates/ui-egui/src/menus.rs:223
MENU-0465,Menus/Effect,menu,Effect > Effect Gallery,,,,,Listed in 30.1's shortcut export. Path from the v25 community list; confirm it in 30.1's menu,Live PSAdapter_plugin_GEfc,,1,in,planned,verified,docs/parity/shortcuts-30.1.csv (licensed 30.1),,"Keyboard Shortcuts export, licensed Illustrator 30.1.0 (Windows keys)",2026-09-24,
MENU-0466,Menus/Effect,menu,Effect > … > Artistic,,,,,Listed in 30.1's shortcut export; submenu path not recorded there,,,1,in,planned,verified,docs/parity/shortcuts-30.1.csv (licensed 30.1),,"Keyboard Shortcuts export, licensed Illustrator 30.1.0 (Windows keys)",2026-09-24,
MENU-0467,Menus/Effect,menu,Effect > Artistic > Colored Pencil,,,,,Listed in 30.1's shortcut export. Path from the v25 community list; confirm it in 30.1's menu,Live PSAdapter_plugin_ClrP,,1,in,planned,verified,docs/parity/shortcuts-30.1.csv (licensed 30.1),,"Keyboard Shortcuts export, licensed Illustrator 30.1.0 (Windows keys)",2026-09-24,
MENU-0468,Menus/Effect,menu,Effect > Artistic > Cutout,,,,,Listed in 30.1's shortcut export. Path from the v25 community list; confirm it in 30.1's menu,Live PSAdapter_plugin_Ct,,1,in,planned,verified,docs/parity/shortcuts-30.1.csv (licensed 30.1),,"Keyboard Shortcuts export, licensed Illustrator 30.1.0 (Windows keys)",2026-09-24,
MENU-0469,Menus/Effect,menu,Effect > Artistic > Dry Brush,,,,,Listed in 30.1's shortcut export. Path from the v25 community list; confirm it in 30.1's menu,Live PSAdapter_plugin_DryB,,1,in,planned,verified,docs/parity/shortcuts-30.1.csv (licensed 30.1),,"Keyboard Shortcuts export, licensed Illustrator 30.1.0 (Windows keys)",2026-09-24,
MENU-0470,Menus/Effect,menu,Effect > Artistic > Film Grain,,,,,Listed in 30.1's shortcut export. Path from the v25 community list; confirm it in 30.1's menu,Live PSAdapter_plugin_FlmG,,1,in,planned,verified,docs/parity/shortcuts-30.1.csv (licensed 30.1),,"Keyboard Shortcuts export, licensed Illustrator 30.1.0 (Windows keys)",2026-09-24,
MENU-0471,Menus/Effect,menu,Effect > Artistic > Fresco,,,,,Listed in 30.1's shortcut export. Path from the v25 community list; confirm it in 30.1's menu,Live PSAdapter_plugin_Frsc,,1,in,planned,verified,docs/parity/shortcuts-30.1.csv (licensed 30.1),,"Keyboard Shortcuts export, licensed Illustrator 30.1.0 (Windows keys)",2026-09-24,
MENU-0472,Menus/Effect,menu,Effect > Artistic > Neon Glow,,,,,Listed in 30.1's shortcut export. Path from the v25 community list; confirm it in 30.1's menu,Live PSAdapter_plugin_NGlw,,1,in,planned,verified,docs/parity/shortcuts-30.1.csv (licensed 30.1),,"Keyboard Shortcuts export, licensed Illustrator 30.1.0 (Windows keys)",2026-09-24,
MENU-0473,Menus/Effect,menu,Effect > Artistic > Paint Daubs,,,,,Listed in 30.1's shortcut export. Path from the v25 community list; confirm it in 30.1's menu,Live PSAdapter_plugin_PntD,,1,in,planned,verified,docs/parity/shortcuts-30.1.csv (licensed 30.1),,"Keyboard Shortcuts export, licensed Illustrator 30.1.0 (Windows keys)",2026-09-24,
MENU-0474,Menus/Effect,menu,Effect > Artistic > Palette Knife,,,,,Listed in 30.1's shortcut export. Path from the v25 community list; confirm it in 30.1's menu,Live PSAdapter_plugin_PltK,,1,in,planned,verified,docs/parity/shortcuts-30.1.csv (licensed 30.1),,"Keyboard Shortcuts export, licensed Illustrator 30.1.0 (Windows keys)",2026-09-24,
MENU-0475,Menus/Effect,menu,Effect > Artistic > Plastic Wrap,,,,,Listed in 30.1's shortcut export. Path from the v25 community list; confirm it in 30.1's menu,Live PSAdapter_plugin_PlsW,,1,in,planned,verified,docs/parity/shortcuts-30.1.csv (licensed 30.1),,"Keyboard Shortcuts export, licensed Illustrator 30.1.0 (Windows keys)",2026-09-24,
MENU-0476,Menus/Effect,menu,Effect > Artistic > Poster Edges,,,,,Listed in 30.1's shortcut export. Path from the v25 community list; confirm it in 30.1's menu,Live PSAdapter_plugin_PstE,,1,in,planned,verified,docs/parity/shortcuts-30.1.csv (licensed 30.1),,"Keyboard Shortcuts export, licensed Illustrator 30.1.0 (Windows keys)",2026-09-24,
MENU-0477,Menus/Effect,menu,Effect > Artistic > Rough Pastels,,,,,Listed in 30.1's shortcut export. Path from the v25 community list; confirm it in 30.1's menu,Live PSAdapter_plugin_RghP,,1,in,planned,verified,docs/parity/shortcuts-30.1.csv (licensed 30.1),,"Keyboard Shortcuts export, licensed Illustrator 30.1.0 (Windows keys)",2026-09-24,
MENU-0478,Menus/Effect,menu,Effect > Artistic > Smudge Stick,,,,,Listed in 30.1's shortcut export. Path from the v25 community list; confirm it in 30.1's menu,Live PSAdapter_plugin_SmdS,,1,in,planned,verified,docs/parity/shortcuts-30.1.csv (licensed 30.1),,"Keyboard Shortcuts export, licensed Illustrator 30.1.0 (Windows keys)",2026-09-24,
MENU-0479,Menus/Effect,menu,Effect > Artistic > Sponge,,,,,Listed in 30.1's shortcut export. Path from the v25 community list; confirm it in 30.1's menu,Live PSAdapter_plugin_Spng,,1,in,planned,verified,docs/parity/shortcuts-30.1.csv (licensed 30.1),,"Keyboard Shortcuts export, licensed Illustrator 30.1.0 (Windows keys)",2026-09-24,
MENU-0480,Menus/Effect,menu,Effect > Artistic > Underpainting,,,,,Listed in 30.1's shortcut export. Path from the v25 community list; confirm it in 30.1's menu,Live PSAdapter_plugin_Undr,,1,in,planned,verified,docs/parity/shortcuts-30.1.csv (licensed 30.1),,"Keyboard Shortcuts export, licensed Illustrator 30.1.0 (Windows keys)",2026-09-24,
MENU-0481,Menus/Effect,menu,Effect > Artistic > Watercolor,,,,,Listed in 30.1's shortcut export. Path from the v25 community list; confirm it in 30.1's menu,Live PSAdapter_plugin_Wtrc,,1,in,planned,verified,docs/parity/shortcuts-30.1.csv (licensed 30.1),,"Keyboard Shortcuts export, licensed Illustrator 30.1.0 (Windows keys)",2026-09-24,
MENU-0482,Menus/Effect,menu,Effect > … > Blur,,,,,Listed in 30.1's shortcut export; submenu path not recorded there,,,1,in,n/a,verified,docs/parity/shortcuts-30.1.csv (licensed 30.1),,"Keyboard Shortcuts export, licensed Illustrator 30.1.0 (Windows keys)",2026-09-24,
MENU-0483,Menus/Effect,menu,Effect > Blur > Gaussian Blur,,,,,Listed in 30.1's shortcut export. Path from the v25 community list; confirm it in 30.1's menu,Live PSAdapter_plugin_GblR,,1,in,partial,verified,docs/parity/shortcuts-30.1.csv (licensed 30.1),,"Keyboard Shortcuts export, licensed Illustrator 30.1.0 (Windows keys)",2026-09-24,effect.dialog @ crates/ui-egui/src/menus.rs:223
MENU-0484,Menus/Effect,menu,Effect > Blur > Radial Blur,,,,,Listed in 30.1's shortcut export. Path from the v25 community list; confirm it in 30.1's menu,Live PSAdapter_plugin_RdlB,,1,in,planned,verified,docs/parity/shortcuts-30.1.csv (licensed 30.1),,"Keyboard Shortcuts export, licensed Illustrator 30.1.0 (Windows keys)",2026-09-24,
MENU-0485,Menus/Effect,menu,Effect > Blur > Smart Blur,,,,,Listed in 30.1's shortcut export. Path from the v25 community list; confirm it in 30.1's menu,Live PSAdapter_plugin_SmrB,,1,in,planned,verified,docs/parity/shortcuts-30.1.csv (licensed 30.1),,"Keyboard Shortcuts export, licensed Illustrator 30.1.0 (Windows keys)",2026-09-24,
MENU-0486,Menus/Effect,menu,Effect > … > Brush Strokes,,,,,Listed in 30.1's shortcut export; submenu path not recorded there,,,1,in,planned,verified,docs/parity/shortcuts-30.1.csv (licensed 30.1),,"Keyboard Shortcuts export, licensed Illustrator 30.1.0 (Windows keys)",2026-09-24,
MENU-0487,Menus/Effect,menu,Effect > Brush Strokes > Accented Edges,,,,,Listed in 30.1's shortcut export. Path from the v25 community list; confirm it in 30.1's menu,Live PSAdapter_plugin_AccE,,1,in,planned,verified,docs/parity/shortcuts-30.1.csv (licensed 30.1),,"Keyboard Shortcuts export, licensed Illustrator 30.1.0 (Windows keys)",2026-09-24,
MENU-0488,Menus/Effect,menu,Effect > Brush Strokes > Angled Strokes,,,,,Listed in 30.1's shortcut export. Path from the v25 community list; confirm it in 30.1's menu,Live PSAdapter_plugin_AngS,,1,in,planned,verified,docs/parity/shortcuts-30.1.csv (licensed 30.1),,"Keyboard Shortcuts export, licensed Illustrator 30.1.0 (Windows keys)",2026-09-24,
MENU-0489,Menus/Effect,menu,Effect > Brush Strokes > Crosshatch,,,,,Listed in 30.1's shortcut export. Path from the v25 community list; confirm it in 30.1's menu,Live PSAdapter_plugin_Crsh,,1,in,planned,verified,docs/parity/shortcuts-30.1.csv (licensed 30.1),,"Keyboard Shortcuts export, licensed Illustrator 30.1.0 (Windows keys)",2026-09-24,
MENU-0490,Menus/Effect,menu,Effect > Brush Strokes > Dark Strokes,,,,,Listed in 30.1's shortcut export. Path from the v25 community list; confirm it in 30.1's menu,Live PSAdapter_plugin_DrkS,,1,in,planned,verified,docs/parity/shortcuts-30.1.csv (licensed 30.1),,"Keyboard Shortcuts export, licensed Illustrator 30.1.0 (Windows keys)",2026-09-24,
MENU-0491,Menus/Effect,menu,Effect > Brush Strokes > Ink Outlines,,,,,Listed in 30.1's shortcut export. Path from the v25 community list; confirm it in 30.1's menu,Live PSAdapter_plugin_InkO,,1,in,planned,verified,docs/parity/shortcuts-30.1.csv (licensed 30.1),,"Keyboard Shortcuts export, licensed Illustrator 30.1.0 (Windows keys)",2026-09-24,
MENU-0492,Menus/Effect,menu,Effect > Brush Strokes > Spatter,,,,,Listed in 30.1's shortcut export. Path from the v25 community list; confirm it in 30.1's menu,Live PSAdapter_plugin_Spt,,1,in,planned,verified,docs/parity/shortcuts-30.1.csv (licensed 30.1),,"Keyboard Shortcuts export, licensed Illustrator 30.1.0 (Windows keys)",2026-09-24,
MENU-0493,Menus/Effect,menu,Effect > Brush Strokes > Sprayed Strokes,,,,,Listed in 30.1's shortcut export. Path from the v25 community list; confirm it in 30.1's menu,Live PSAdapter_plugin_SprS,,1,in,planned,verified,docs/parity/shortcuts-30.1.csv (licensed 30.1),,"Keyboard Shortcuts export, licensed Illustrator 30.1.0 (Windows keys)",2026-09-24,
MENU-0494,Menus/Effect,menu,Effect > Brush Strokes > Sumi-e,,,,,Listed in 30.1's shortcut export. Path from the v25 community list; confirm it in 30.1's menu,Live PSAdapter_plugin_Smie,,1,in,planned,verified,docs/parity/shortcuts-30.1.csv (licensed 30.1),,"Keyboard Shortcuts export, licensed Illustrator 30.1.0 (Windows keys)",2026-09-24,
MENU-0495,Menus/Effect,menu,Effect > … > Distort,,,,,Listed in 30.1's shortcut export; submenu path not recorded there,,,1,in,planned,verified,docs/parity/shortcuts-30.1.csv (licensed 30.1),,"Keyboard Shortcuts export, licensed Illustrator 30.1.0 (Windows keys)",2026-09-24,
MENU-0496,Menus/Effect,menu,Effect > Distort > Diffuse Glow,,,,,Listed in 30.1's shortcut export. Path from the v25 community list; confirm it in 30.1's menu,Live PSAdapter_plugin_DfsG,,1,in,planned,verified,docs/parity/shortcuts-30.1.csv (licensed 30.1),,"Keyboard Shortcuts export, licensed Illustrator 30.1.0 (Windows keys)",2026-09-24,
MENU-0497,Menus/Effect,menu,Effect > Distort > Glass,,,,,Listed in 30.1's shortcut export. Path from the v25 community list; confirm it in 30.1's menu,Live PSAdapter_plugin_Gls,,1,in,planned,verified,docs/parity/shortcuts-30.1.csv (licensed 30.1),,"Keyboard Shortcuts export, licensed Illustrator 30.1.0 (Windows keys)",2026-09-24,
MENU-0498,Menus/Effect,menu,Effect > Distort > Ocean Ripple,,,,,Listed in 30.1's shortcut export. Path from the v25 community list; confirm it in 30.1's menu,Live PSAdapter_plugin_OcnR,,1,in,planned,verified,docs/parity/shortcuts-30.1.csv (licensed 30.1),,"Keyboard Shortcuts export, licensed Illustrator 30.1.0 (Windows keys)",2026-09-24,
MENU-0499,Menus/Effect,menu,Effect > … > Pixelate,,,,,Listed in 30.1's shortcut export; submenu path not recorded there,,,1,in,planned,verified,docs/parity/shortcuts-30.1.csv (licensed 30.1),,"Keyboard Shortcuts export, licensed Illustrator 30.1.0 (Windows keys)",2026-09-24,
MENU-0500,Menus/Effect,menu,Effect > Pixelate > Color Halftone,,,,,Listed in 30.1's shortcut export. Path from the v25 community list; confirm it in 30.1's menu,Live PSAdapter_plugin_ClrH,,1,in,planned,verified,docs/parity/shortcuts-30.1.csv (licensed 30.1),,"Keyboard Shortcuts export, licensed Illustrator 30.1.0 (Windows keys)",2026-09-24,
MENU-0501,Menus/Effect,menu,Effect > Pixelate > Crystallize,,,,,Listed in 30.1's shortcut export. Path from the v25 community list; confirm it in 30.1's menu,Live PSAdapter_plugin_Crst,,1,in,planned,verified,docs/parity/shortcuts-30.1.csv (licensed 30.1),,"Keyboard Shortcuts export, licensed Illustrator 30.1.0 (Windows keys)",2026-09-24,
MENU-0502,Menus/Effect,menu,Effect > Pixelate > Mezzotint,,,,,Listed in 30.1's shortcut export. Path from the v25 community list; confirm it in 30.1's menu,Live PSAdapter_plugin_Mztn,,1,in,planned,verified,docs/parity/shortcuts-30.1.csv (licensed 30.1),,"Keyboard Shortcuts export, licensed Illustrator 30.1.0 (Windows keys)",2026-09-24,
MENU-0503,Menus/Effect,menu,Effect > Pixelate > Pointillize,,,,,Listed in 30.1's shortcut export. Path from the v25 community list; confirm it in 30.1's menu,Live PSAdapter_plugin_Pntl,,1,in,planned,verified,docs/parity/shortcuts-30.1.csv (licensed 30.1),,"Keyboard Shortcuts export, licensed Illustrator 30.1.0 (Windows keys)",2026-09-24,
MENU-0504,Menus/Effect,menu,Effect > … > Sketch,,,,,Listed in 30.1's shortcut export; submenu path not recorded there,,,1,in,planned,verified,docs/parity/shortcuts-30.1.csv (licensed 30.1),,"Keyboard Shortcuts export, licensed Illustrator 30.1.0 (Windows keys)",2026-09-24,
MENU-0505,Menus/Effect,menu,Effect > Sketch > Bas Relief,,,,,Listed in 30.1's shortcut export. Path from the v25 community list; confirm it in 30.1's menu,Live PSAdapter_plugin_BsRl,,1,in,planned,verified,docs/parity/shortcuts-30.1.csv (licensed 30.1),,"Keyboard Shortcuts export, licensed Illustrator 30.1.0 (Windows keys)",2026-09-24,
MENU-0506,Menus/Effect,menu,Effect > Sketch > Chalk & Charcoal,,,,,Listed in 30.1's shortcut export. Path from the v25 community list; confirm it in 30.1's menu,Live PSAdapter_plugin_ChlC,,1,in,planned,verified,docs/parity/shortcuts-30.1.csv (licensed 30.1),,"Keyboard Shortcuts export, licensed Illustrator 30.1.0 (Windows keys)",2026-09-24,
MENU-0507,Menus/Effect,menu,Effect > Sketch > Charcoal,,,,,Listed in 30.1's shortcut export. Path from the v25 community list; confirm it in 30.1's menu,Live PSAdapter_plugin_Chrc,,1,in,planned,verified,docs/parity/shortcuts-30.1.csv (licensed 30.1),,"Keyboard Shortcuts export, licensed Illustrator 30.1.0 (Windows keys)",2026-09-24,
MENU-0508,Menus/Effect,menu,Effect > Sketch > Chrome,,,,,Listed in 30.1's shortcut export. Path from the v25 community list; confirm it in 30.1's menu,Live PSAdapter_plugin_Chrm,,1,in,planned,verified,docs/parity/shortcuts-30.1.csv (licensed 30.1),,"Keyboard Shortcuts export, licensed Illustrator 30.1.0 (Windows keys)",2026-09-24,
MENU-0509,Menus/Effect,menu,Effect > Sketch > Cont￩ Crayon,,,,,Listed in 30.1's shortcut export. Path from the v25 community list; confirm it in 30.1's menu,Live PSAdapter_plugin_CntC,,1,in,planned,verified,docs/parity/shortcuts-30.1.csv (licensed 30.1),,"Keyboard Shortcuts export, licensed Illustrator 30.1.0 (Windows keys)",2026-09-24,
MENU-0510,Menus/Effect,menu,Effect > Sketch > Graphic Pen,,,,,Listed in 30.1's shortcut export. Path from the v25 community list; confirm it in 30.1's menu,Live PSAdapter_plugin_GraP,,1,in,planned,verified,docs/parity/shortcuts-30.1.csv (licensed 30.1),,"Keyboard Shortcuts export, licensed Illustrator 30.1.0 (Windows keys)",2026-09-24,
MENU-0511,Menus/Effect,menu,Effect > Sketch > Halftone Pattern,,,,,Listed in 30.1's shortcut export. Path from the v25 community list; confirm it in 30.1's menu,Live PSAdapter_plugin_HlfS,,1,in,planned,verified,docs/parity/shortcuts-30.1.csv (licensed 30.1),,"Keyboard Shortcuts export, licensed Illustrator 30.1.0 (Windows keys)",2026-09-24,
MENU-0512,Menus/Effect,menu,Effect > Sketch > Note Paper,,,,,Listed in 30.1's shortcut export. Path from the v25 community list; confirm it in 30.1's menu,Live PSAdapter_plugin_NtPr,,1,in,planned,verified,docs/parity/shortcuts-30.1.csv (licensed 30.1),,"Keyboard Shortcuts export, licensed Illustrator 30.1.0 (Windows keys)",2026-09-24,
MENU-0513,Menus/Effect,menu,Effect > Sketch > Photocopy,,,,,Listed in 30.1's shortcut export. Path from the v25 community list; confirm it in 30.1's menu,Live PSAdapter_plugin_Phtc,,1,in,planned,verified,docs/parity/shortcuts-30.1.csv (licensed 30.1),,"Keyboard Shortcuts export, licensed Illustrator 30.1.0 (Windows keys)",2026-09-24,
MENU-0514,Menus/Effect,menu,Effect > Sketch > Plaster,,,,,Listed in 30.1's shortcut export. Path from the v25 community list; confirm it in 30.1's menu,Live PSAdapter_plugin_Plst,,1,in,planned,verified,docs/parity/shortcuts-30.1.csv (licensed 30.1),,"Keyboard Shortcuts export, licensed Illustrator 30.1.0 (Windows keys)",2026-09-24,
MENU-0515,Menus/Effect,menu,Effect > Sketch > Reticulation,,,,,Listed in 30.1's shortcut export. Path from the v25 community list; confirm it in 30.1's menu,Live PSAdapter_plugin_Rtcl,,1,in,planned,verified,docs/parity/shortcuts-30.1.csv (licensed 30.1),,"Keyboard Shortcuts export, licensed Illustrator 30.1.0 (Windows keys)",2026-09-24,
MENU-0516,Menus/Effect,menu,Effect > Sketch > Stamp,,,,,Listed in 30.1's shortcut export. Path from the v25 community list; confirm it in 30.1's menu,Live PSAdapter_plugin_Stmp,,1,in,planned,verified,docs/parity/shortcuts-30.1.csv (licensed 30.1),,"Keyboard Shortcuts export, licensed Illustrator 30.1.0 (Windows keys)",2026-09-24,
MENU-0517,Menus/Effect,menu,Effect > Sketch > Torn Edges,,,,,Listed in 30.1's shortcut export. Path from the v25 community list; confirm it in 30.1's menu,Live PSAdapter_plugin_TrnE,,1,in,planned,verified,docs/parity/shortcuts-30.1.csv (licensed 30.1),,"Keyboard Shortcuts export, licensed Illustrator 30.1.0 (Windows keys)",2026-09-24,
MENU-0518,Menus/Effect,menu,Effect > Sketch > Water Paper,,,,,Listed in 30.1's shortcut export. Path from the v25 community list; confirm it in 30.1's menu,Live PSAdapter_plugin_WtrP,,1,in,planned,verified,docs/parity/shortcuts-30.1.csv (licensed 30.1),,"Keyboard Shortcuts export, licensed Illustrator 30.1.0 (Windows keys)",2026-09-24,
MENU-0519,Menus/Effect,menu,Effect > Stylize > Glowing Edges,,,,,Listed in 30.1's shortcut export. Path from the v25 community list; confirm it in 30.1's menu,Live PSAdapter_plugin_GlwE,,1,in,planned,verified,docs/parity/shortcuts-30.1.csv (licensed 30.1),,"Keyboard Shortcuts export, licensed Illustrator 30.1.0 (Windows keys)",2026-09-24,
MENU-0520,Menus/Effect,menu,Effect > … > Texture,,,,,Listed in 30.1's shortcut export; submenu path not recorded there,,,1,in,planned,verified,docs/parity/shortcuts-30.1.csv (licensed 30.1),,"Keyboard Shortcuts export, licensed Illustrator 30.1.0 (Windows keys)",2026-09-24,
MENU-0521,Menus/Effect,menu,Effect > Texture > Craquelure,,,,,Listed in 30.1's shortcut export. Path from the v25 community list; confirm it in 30.1's menu,Live PSAdapter_plugin_Crql,,1,in,planned,verified,docs/parity/shortcuts-30.1.csv (licensed 30.1),,"Keyboard Shortcuts export, licensed Illustrator 30.1.0 (Windows keys)",2026-09-24,
MENU-0522,Menus/Effect,menu,Effect > Texture > Grain,,,,,Listed in 30.1's shortcut export. Path from the v25 community list; confirm it in 30.1's menu,Live PSAdapter_plugin_Grn,,1,in,planned,verified,docs/parity/shortcuts-30.1.csv (licensed 30.1),,"Keyboard Shortcuts export, licensed Illustrator 30.1.0 (Windows keys)",2026-09-24,
MENU-0523,Menus/Effect,menu,Effect > Texture > Mosaic Tiles,,,,,Listed in 30.1's shortcut export. Path from the v25 community list; confirm it in 30.1's menu,Live PSAdapter_plugin_MscT,,1,in,planned,verified,docs/parity/shortcuts-30.1.csv (licensed 30.1),,"Keyboard Shortcuts export, licensed Illustrator 30.1.0 (Windows keys)",2026-09-24,
MENU-0524,Menus/Effect,menu,Effect > Texture > Patchwork,,,,,Listed in 30.1's shortcut export. Path from the v25 community list; confirm it in 30.1's menu,Live PSAdapter_plugin_Ptch,,1,in,planned,verified,docs/parity/shortcuts-30.1.csv (licensed 30.1),,"Keyboard Shortcuts export, licensed Illustrator 30.1.0 (Windows keys)",2026-09-24,
MENU-0525,Menus/Effect,menu,Effect > Texture > Stained Glass,,,,,Listed in 30.1's shortcut export. Path from the v25 community list; confirm it in 30.1's menu,Live PSAdapter_plugin_StnG,,1,in,planned,verified,docs/parity/shortcuts-30.1.csv (licensed 30.1),,"Keyboard Shortcuts export, licensed Illustrator 30.1.0 (Windows keys)",2026-09-24,
MENU-0526,Menus/Effect,menu,Effect > Texture > Texturizer,,,,,Listed in 30.1's shortcut export. Path from the v25 community list; confirm it in 30.1's menu,Live PSAdapter_plugin_Txtz,,1,in,planned,verified,docs/parity/shortcuts-30.1.csv (licensed 30.1),,"Keyboard Shortcuts export, licensed Illustrator 30.1.0 (Windows keys)",2026-09-24,
MENU-0527,Menus/Effect,menu,Effect > … > Video,,,,,Listed in 30.1's shortcut export; submenu path not recorded there,,,1,in,planned,verified,docs/parity/shortcuts-30.1.csv (licensed 30.1),,"Keyboard Shortcuts export, licensed Illustrator 30.1.0 (Windows keys)",2026-09-24,
MENU-0528,Menus/Effect,menu,Effect > Video > De-Interlace,,,,,Listed in 30.1's shortcut export. Path from the v25 community list; confirm it in 30.1's menu,Live PSAdapter_plugin_Dntr,,1,in,planned,verified,docs/parity/shortcuts-30.1.csv (licensed 30.1),,"Keyboard Shortcuts export, licensed Illustrator 30.1.0 (Windows keys)",2026-09-24,
MENU-0529,Menus/Effect,menu,Effect > Video > NTSC Colors,,,,,Listed in 30.1's shortcut export. Path from the v25 community list; confirm it in 30.1's menu,Live PSAdapter_plugin_NTSC,,1,in,planned,verified,docs/parity/shortcuts-30.1.csv (licensed 30.1),,"Keyboard Shortcuts export, licensed Illustrator 30.1.0 (Windows keys)",2026-09-24,
MENU-0530,Menus/View,menu,View > Preview,Shortcut,Ctrl+Y,,key,Listed in 30.1's shortcut export. Path from the v25 community list; confirm it in 30.1's menu,preview,,1,in,planned,verified,docs/parity/shortcuts-30.1.csv (licensed 30.1),,"Keyboard Shortcuts export, licensed Illustrator 30.1.0 (Windows keys)",2026-09-24,
MENU-0531,Menus/View,menu,View > … > GPU Preview,Shortcut,Ctrl+E,,key,Listed in 30.1's shortcut export; submenu path not recorded there,OpenGLCompositorPreview,,1,in,planned,verified,docs/parity/shortcuts-30.1.csv (licensed 30.1),,"Keyboard Shortcuts export, licensed Illustrator 30.1.0 (Windows keys)",2026-09-24,
MENU-0532,Menus/View,menu,View > … > Document CMYK:,,,,,Listed in 30.1's shortcut export; submenu path not recorded there,,,1,in,planned,verified,docs/parity/shortcuts-30.1.csv (licensed 30.1),,"Keyboard Shortcuts export, licensed Illustrator 30.1.0 (Windows keys)",2026-09-24,
MENU-0533,Menus/View,menu,View > Proof Setup > Legacy Macintosh RGB (Gamma 1.8),,,,,Listed in 30.1's shortcut export. Path from the v25 community list; confirm it in 30.1's menu,proof-mac-rgb,,1,in,partial,verified,docs/parity/shortcuts-30.1.csv (licensed 30.1),,"Keyboard Shortcuts export, licensed Illustrator 30.1.0 (Windows keys)",2026-09-24,view.proofSetup @ crates/engine/src/cmd/colormgmt.rs:81
MENU-0534,Menus/View,menu,View > Proof Setup > Internet Standard RGB (sRGB),,,,,Listed in 30.1's shortcut export. Path from the v25 community list; confirm it in 30.1's menu,proof-win-rgb,,1,in,partial,verified,docs/parity/shortcuts-30.1.csv (licensed 30.1),,"Keyboard Shortcuts export, licensed Illustrator 30.1.0 (Windows keys)",2026-09-24,view.proofSetup @ crates/engine/src/cmd/colormgmt.rs:81
MENU-0535,Menus/View,menu,View > … > 180,,,,,Listed in 30.1's shortcut export; submenu path not recorded there,,,1,in,planned,verified,docs/parity/shortcuts-30.1.csv (licensed 30.1),,"Keyboard Shortcuts export, licensed Illustrator 30.1.0 (Windows keys)",2026-09-24,
MENU-0536,Menus/View,menu,View > … > 150,,,,,Listed in 30.1's shortcut export; submenu path not recorded there,,,1,in,planned,verified,docs/parity/shortcuts-30.1.csv (licensed 30.1),,"Keyboard Shortcuts export, licensed Illustrator 30.1.0 (Windows keys)",2026-09-24,
MENU-0537,Menus/View,menu,View > … > 120,,,,,Listed in 30.1's shortcut export; submenu path not recorded there,,,1,in,planned,verified,docs/parity/shortcuts-30.1.csv (licensed 30.1),,"Keyboard Shortcuts export, licensed Illustrator 30.1.0 (Windows keys)",2026-09-24,
MENU-0538,Menus/View,menu,View > … > 90,,,,,Listed in 30.1's shortcut export; submenu path not recorded there,,,1,in,planned,verified,docs/parity/shortcuts-30.1.csv (licensed 30.1),,"Keyboard Shortcuts export, licensed Illustrator 30.1.0 (Windows keys)",2026-09-24,
MENU-0539,Menus/View,menu,View > … > 60,,,,,Listed in 30.1's shortcut export; submenu path not recorded there,,,1,in,planned,verified,docs/parity/shortcuts-30.1.csv (licensed 30.1),,"Keyboard Shortcuts export, licensed Illustrator 30.1.0 (Windows keys)",2026-09-24,
MENU-0540,Menus/View,menu,View > … > 30,,,,,Listed in 30.1's shortcut export; submenu path not recorded there,,,1,in,planned,verified,docs/parity/shortcuts-30.1.csv (licensed 30.1),,"Keyboard Shortcuts export, licensed Illustrator 30.1.0 (Windows keys)",2026-09-24,
MENU-0541,Menus/View,menu,View > … > 15,,,,,Listed in 30.1's shortcut export; submenu path not recorded there,,,1,in,planned,verified,docs/parity/shortcuts-30.1.csv (licensed 30.1),,"Keyboard Shortcuts export, licensed Illustrator 30.1.0 (Windows keys)",2026-09-24,
MENU-0542,Menus/View,menu,View > … > 0,,,,,Listed in 30.1's shortcut export; submenu path not recorded there,,,1,in,planned,verified,docs/parity/shortcuts-30.1.csv (licensed 30.1),,"Keyboard Shortcuts export, licensed Illustrator 30.1.0 (Windows keys)",2026-09-24,
MENU-0543,Menus/View,menu,View > … > Change to Artboard Rulers,Shortcut,Alt+Ctrl+R,,key,Listed in 30.1's shortcut export; submenu path not recorded there,,,1,in,planned,verified,docs/parity/shortcuts-30.1.csv (licensed 30.1),,"Keyboard Shortcuts export, licensed Illustrator 30.1.0 (Windows keys)",2026-09-24,
MENU-0544,Menus/View,menu,View > … > Custom View 1,,,,,Listed in 30.1's shortcut export; submenu path not recorded there,,,1,in,planned,verified,docs/parity/shortcuts-30.1.csv (licensed 30.1),,"Keyboard Shortcuts export, licensed Illustrator 30.1.0 (Windows keys)",2026-09-24,
MENU-0545,Menus/View,menu,View > … > Custom View 2,,,,,Listed in 30.1's shortcut export; submenu path not recorded there,,,1,in,planned,verified,docs/parity/shortcuts-30.1.csv (licensed 30.1),,"Keyboard Shortcuts export, licensed Illustrator 30.1.0 (Windows keys)",2026-09-24,
MENU-0546,Menus/View,menu,View > … > Custom View 3,,,,,Listed in 30.1's shortcut export; submenu path not recorded there,,,1,in,planned,verified,docs/parity/shortcuts-30.1.csv (licensed 30.1),,"Keyboard Shortcuts export, licensed Illustrator 30.1.0 (Windows keys)",2026-09-24,
MENU-0547,Menus/View,menu,View > … > Custom View 4,,,,,Listed in 30.1's shortcut export; submenu path not recorded there,,,1,in,planned,verified,docs/parity/shortcuts-30.1.csv (licensed 30.1),,"Keyboard Shortcuts export, licensed Illustrator 30.1.0 (Windows keys)",2026-09-24,
MENU-0548,Menus/View,menu,View > … > Custom View 5,,,,,Listed in 30.1's shortcut export; submenu path not recorded there,,,1,in,planned,verified,docs/parity/shortcuts-30.1.csv (licensed 30.1),,"Keyboard Shortcuts export, licensed Illustrator 30.1.0 (Windows keys)",2026-09-24,
MENU-0549,Menus/View,menu,View > … > Custom View 6,,,,,Listed in 30.1's shortcut export; submenu path not recorded there,,,1,in,planned,verified,docs/parity/shortcuts-30.1.csv (licensed 30.1),,"Keyboard Shortcuts export, licensed Illustrator 30.1.0 (Windows keys)",2026-09-24,
MENU-0550,Menus/View,menu,View > … > Custom View 7,,,,,Listed in 30.1's shortcut export; submenu path not recorded there,,,1,in,planned,verified,docs/parity/shortcuts-30.1.csv (licensed 30.1),,"Keyboard Shortcuts export, licensed Illustrator 30.1.0 (Windows keys)",2026-09-24,
MENU-0551,Menus/View,menu,View > … > Custom View 8,,,,,Listed in 30.1's shortcut export; submenu path not recorded there,,,1,in,planned,verified,docs/parity/shortcuts-30.1.csv (licensed 30.1),,"Keyboard Shortcuts export, licensed Illustrator 30.1.0 (Windows keys)",2026-09-24,
MENU-0552,Menus/View,menu,View > … > Custom View 9,,,,,Listed in 30.1's shortcut export; submenu path not recorded there,,,1,in,planned,verified,docs/parity/shortcuts-30.1.csv (licensed 30.1),,"Keyboard Shortcuts export, licensed Illustrator 30.1.0 (Windows keys)",2026-09-24,
MENU-0553,Menus/View,menu,View > … > Custom View 10,,,,,Listed in 30.1's shortcut export; submenu path not recorded there,,,1,in,planned,verified,docs/parity/shortcuts-30.1.csv (licensed 30.1),,"Keyboard Shortcuts export, licensed Illustrator 30.1.0 (Windows keys)",2026-09-24,
MENU-0554,Menus/Window,menu,Window > Arrange > Cascade,,,,,Listed in 30.1's shortcut export. Path from the v25 community list; confirm it in 30.1's menu,cascade,,1,in,planned,verified,docs/parity/shortcuts-30.1.csv (licensed 30.1),,"Keyboard Shortcuts export, licensed Illustrator 30.1.0 (Windows keys)",2026-09-24,
MENU-0555,Menus/Window,menu,Window > Arrange > Tile,,,,,Listed in 30.1's shortcut export. Path from the v25 community list; confirm it in 30.1's menu,tile,,1,in,planned,verified,docs/parity/shortcuts-30.1.csv (licensed 30.1),,"Keyboard Shortcuts export, licensed Illustrator 30.1.0 (Windows keys)",2026-09-24,
MENU-0556,Menus/Window,menu,"Window > … > Reset ""Current Workspace""",,,,,Listed in 30.1's shortcut export; submenu path not recorded there,,,1,in,planned,verified,docs/parity/shortcuts-30.1.csv (licensed 30.1),,"Keyboard Shortcuts export, licensed Illustrator 30.1.0 (Windows keys)",2026-09-24,
MENU-0557,Menus/Window,menu,Window > Workspace > New Workspace,,,,,Listed in 30.1's shortcut export. Path from the v25 community list; confirm it in 30.1's menu,Adobe New Workspace,,1,in,partial,verified,docs/parity/shortcuts-30.1.csv (licensed 30.1),,"Keyboard Shortcuts export, licensed Illustrator 30.1.0 (Windows keys)",2026-09-24,window.workspace.new @ crates/ui-egui/src/menus.rs:209
MENU-0558,Menus/Window,menu,Window > Workspace > Manage Workspaces,,,,,Listed in 30.1's shortcut export. Path from the v25 community list; confirm it in 30.1's menu,Adobe Manage Workspace,,1,in,partial,verified,docs/parity/shortcuts-30.1.csv (licensed 30.1),,"Keyboard Shortcuts export, licensed Illustrator 30.1.0 (Windows keys)",2026-09-24,window.workspace.manage @ crates/ui-egui/src/menus.rs:210
MENU-0559,Menus/Window,menu,Window > Actions,,,,,Listed in 30.1's shortcut export. Path from the v25 community list; confirm it in 30.1's menu,Adobe Action Palette,,1,in,partial,verified,docs/parity/shortcuts-30.1.csv (licensed 30.1),,"Keyboard Shortcuts export, licensed Illustrator 30.1.0 (Windows keys)",2026-09-24,window.panel @ crates/ui-egui/src/menus.rs:199
MENU-0560,Menus/Window,menu,Window > Align,Shortcut,Shift+F7,,key,Listed in 30.1's shortcut export. Path from the v25 community list; confirm it in 30.1's menu,AdobeAlignObjects2,,1,in,done,verified,docs/parity/shortcuts-30.1.csv (licensed 30.1),vectorcraft_ui_egui::shortcut_editor::tests::panel_shortcuts_match_the_reference_app,"Keyboard Shortcuts export, licensed Illustrator 30.1.0 (Windows keys)",2026-09-24,crates/ui-egui/src/shortcut_editor.rs (PANEL_SHORTCUTS)
MENU-0561,Menus/Window,menu,Window > Appearance,Shortcut,Shift+F6,,key,Listed in 30.1's shortcut export. Path from the v25 community list; confirm it in 30.1's menu,Style Palette,,1,in,done,verified,docs/parity/shortcuts-30.1.csv (licensed 30.1),vectorcraft_ui_egui::shortcut_editor::tests::panel_shortcuts_match_the_reference_app,"Keyboard Shortcuts export, licensed Illustrator 30.1.0 (Windows keys)",2026-09-24,crates/ui-egui/src/shortcut_editor.rs (PANEL_SHORTCUTS)
MENU-0562,Menus/Window,menu,Window > Attributes,Shortcut,Ctrl+F11,,key,Listed in 30.1's shortcut export. Path from the v25 community list; confirm it in 30.1's menu,internal palettes posing as plug-in menus-attributes,,1,in,done,verified,docs/parity/shortcuts-30.1.csv (licensed 30.1),vectorcraft_ui_egui::shortcut_editor::tests::panel_shortcuts_match_the_reference_app,"Keyboard Shortcuts export, licensed Illustrator 30.1.0 (Windows keys)",2026-09-24,crates/ui-egui/src/shortcut_editor.rs (PANEL_SHORTCUTS)
MENU-0563,Menus/Window,menu,Window > Brushes,Shortcut,F5,,key,Listed in 30.1's shortcut export. Path from the v25 community list; confirm it in 30.1's menu,Adobe BrushManager Menu Item,,1,in,done,verified,docs/parity/shortcuts-30.1.csv (licensed 30.1),vectorcraft_ui_egui::shortcut_editor::tests::panel_shortcuts_match_the_reference_app; vectorcraft_ui_egui::shortcuts::tests::panel_function_keys_reach_their_panel,"Keyboard Shortcuts export, licensed Illustrator 30.1.0 (Windows keys)",2026-09-24,crates/ui-egui/src/shortcut_editor.rs (PANEL_SHORTCUTS)
MENU-0564,Menus/Window,menu,Window > Color,Shortcut,F6,,key,Listed in 30.1's shortcut export. Path from the v25 community list; confirm it in 30.1's menu,Adobe Color Palette,,1,in,done,verified,docs/parity/shortcuts-30.1.csv (licensed 30.1),vectorcraft_ui_egui::shortcut_editor::tests::panel_shortcuts_match_the_reference_app; vectorcraft_ui_egui::shortcuts::tests::panel_function_keys_reach_their_panel,"Keyboard Shortcuts export, licensed Illustrator 30.1.0 (Windows keys)",2026-09-24,crates/ui-egui/src/shortcut_editor.rs (PANEL_SHORTCUTS)
MENU-0565,Menus/Window,menu,Window > Color Guide,Shortcut,Shift+F3,,key,Listed in 30.1's shortcut export. Path from the v25 community list; confirm it in 30.1's menu,Adobe Harmony Palette,,1,in,done,verified,docs/parity/shortcuts-30.1.csv (licensed 30.1),vectorcraft_ui_egui::shortcut_editor::tests::panel_shortcuts_match_the_reference_app,"Keyboard Shortcuts export, licensed Illustrator 30.1.0 (Windows keys)",2026-09-24,crates/ui-egui/src/shortcut_editor.rs (PANEL_SHORTCUTS)
MENU-0566,Menus/Window,menu,Window > Document Info,,,,,Listed in 30.1's shortcut export. Path from the v25 community list; confirm it in 30.1's menu,DocInfo1,,1,in,partial,verified,docs/parity/shortcuts-30.1.csv (licensed 30.1),,"Keyboard Shortcuts export, licensed Illustrator 30.1.0 (Windows keys)",2026-09-24,window.panel @ crates/ui-egui/src/menus.rs:199
MENU-0567,Menus/Window,menu,Window > Flattener Preview,,,,,Listed in 30.1's shortcut export. Path from the v25 community list; confirm it in 30.1's menu,Adobe Flattening Preview,,1,in,partial,verified,docs/parity/shortcuts-30.1.csv (licensed 30.1),,"Keyboard Shortcuts export, licensed Illustrator 30.1.0 (Windows keys)",2026-09-24,window.panel @ crates/ui-egui/src/menus.rs:199
MENU-0568,Menus/Window,menu,Window > Gradient,Shortcut,Ctrl+F9,,key,Listed in 30.1's shortcut export. Path from the v25 community list; confirm it in 30.1's menu,Adobe Gradient Palette,,1,in,done,verified,docs/parity/shortcuts-30.1.csv (licensed 30.1),vectorcraft_ui_egui::shortcut_editor::tests::panel_shortcuts_match_the_reference_app,"Keyboard Shortcuts export, licensed Illustrator 30.1.0 (Windows keys)",2026-09-24,crates/ui-egui/src/shortcut_editor.rs (PANEL_SHORTCUTS)
MENU-0569,Menus/Window,menu,Window > Graphic Styles,Shortcut,Shift+F5,,key,Listed in 30.1's shortcut export. Path from the v25 community list; confirm it in 30.1's menu,Adobe Style Palette,,1,in,done,verified,docs/parity/shortcuts-30.1.csv (licensed 30.1),vectorcraft_ui_egui::shortcut_editor::tests::panel_shortcuts_match_the_reference_app; vectorcraft_ui_egui::shortcuts::tests::panel_function_keys_reach_their_panel,"Keyboard Shortcuts export, licensed Illustrator 30.1.0 (Windows keys)",2026-09-24,crates/ui-egui/src/shortcut_editor.rs (PANEL_SHORTCUTS)
MENU-0570,Menus/Window,menu,Window > Info,Shortcut,Ctrl+F8,,key,Listed in 30.1's shortcut export. Path from the v25 community list; confirm it in 30.1's menu,internal palettes posing as plug-in menus-info,,1,in,done,verified,docs/parity/shortcuts-30.1.csv (licensed 30.1),vectorcraft_ui_egui::shortcut_editor::tests::panel_shortcuts_match_the_reference_app,"Keyboard Shortcuts export, licensed Illustrator 30.1.0 (Windows keys)",2026-09-24,crates/ui-egui/src/shortcut_editor.rs (PANEL_SHORTCUTS)
MENU-0571,Menus/Window,menu,Window > Layers,Shortcut,F7,,key,Listed in 30.1's shortcut export. Path from the v25 community list; confirm it in 30.1's menu,AdobeLayerPalette1,,1,in,done,verified,docs/parity/shortcuts-30.1.csv (licensed 30.1),vectorcraft_ui_egui::shortcut_editor::tests::panel_shortcuts_match_the_reference_app; vectorcraft_ui_egui::shortcuts::tests::panel_function_keys_reach_their_panel,"Keyboard Shortcuts export, licensed Illustrator 30.1.0 (Windows keys)",2026-09-24,crates/ui-egui/src/shortcut_editor.rs (PANEL_SHORTCUTS)
MENU-0572,Menus/Window,menu,Window > Links,,,,,Listed in 30.1's shortcut export. Path from the v25 community list; confirm it in 30.1's menu,Adobe LinkPalette Menu Item,,1,in,partial,verified,docs/parity/shortcuts-30.1.csv (licensed 30.1),,"Keyboard Shortcuts export, licensed Illustrator 30.1.0 (Windows keys)",2026-09-24,window.panel @ crates/ui-egui/src/menus.rs:199
MENU-0573,Menus/Window,menu,Window > Magic Wand,,,,,Listed in 30.1's shortcut export. Path from the v25 community list; confirm it in 30.1's menu,AI Magic Wand,,1,in,partial,verified,docs/parity/shortcuts-30.1.csv (licensed 30.1),,"Keyboard Shortcuts export, licensed Illustrator 30.1.0 (Windows keys)",2026-09-24,window.panel @ crates/ui-egui/src/menus.rs:199
MENU-0574,Menus/Window,menu,Window > Navigator,,,,,Listed in 30.1's shortcut export. Path from the v25 community list; confirm it in 30.1's menu,AdobeNavigator,,1,in,partial,verified,docs/parity/shortcuts-30.1.csv (licensed 30.1),,"Keyboard Shortcuts export, licensed Illustrator 30.1.0 (Windows keys)",2026-09-24,window.panel @ crates/ui-egui/src/menus.rs:199
MENU-0575,Menus/Window,menu,Window > Pathfinder,Shortcut,Shift+Ctrl+F9,,key,Listed in 30.1's shortcut export. Path from the v25 community list; confirm it in 30.1's menu,Adobe PathfinderUI,,1,in,done,verified,docs/parity/shortcuts-30.1.csv (licensed 30.1),vectorcraft_ui_egui::shortcut_editor::tests::panel_shortcuts_match_the_reference_app,"Keyboard Shortcuts export, licensed Illustrator 30.1.0 (Windows keys)",2026-09-24,crates/ui-egui/src/shortcut_editor.rs (PANEL_SHORTCUTS)
MENU-0576,Menus/Window,menu,Window > Stroke,Shortcut,Ctrl+F10,,key,Listed in 30.1's shortcut export. Path from the v25 community list; confirm it in 30.1's menu,Adobe Stroke Palette,,1,in,done,verified,docs/parity/shortcuts-30.1.csv (licensed 30.1),vectorcraft_ui_egui::shortcut_editor::tests::panel_shortcuts_match_the_reference_app,"Keyboard Shortcuts export, licensed Illustrator 30.1.0 (Windows keys)",2026-09-24,crates/ui-egui/src/shortcut_editor.rs (PANEL_SHORTCUTS)
MENU-0577,Menus/Window,menu,Window > SVG Interactivity,,,,,Listed in 30.1's shortcut export. Path from the v25 community list; confirm it in 30.1's menu,Adobe SVG Interactivity Palette,,1,in,planned,verified,docs/parity/shortcuts-30.1.csv (licensed 30.1),,"Keyboard Shortcuts export, licensed Illustrator 30.1.0 (Windows keys)",2026-09-24,
MENU-0578,Menus/Window,menu,Window > Swatches,,,,,Listed in 30.1's shortcut export. Path from the v25 community list; confirm it in 30.1's menu,Adobe Swatches Menu Item,,1,in,partial,verified,docs/parity/shortcuts-30.1.csv (licensed 30.1),,"Keyboard Shortcuts export, licensed Illustrator 30.1.0 (Windows keys)",2026-09-24,window.panel @ crates/ui-egui/src/menus.rs:199
MENU-0579,Menus/Window,menu,Window > Symbols,Shortcut,Shift+Ctrl+F11,,key,Listed in 30.1's shortcut export. Path from the v25 community list; confirm it in 30.1's menu,Adobe Symbol Palette,,1,in,done,verified,docs/parity/shortcuts-30.1.csv (licensed 30.1),vectorcraft_ui_egui::shortcut_editor::tests::panel_shortcuts_match_the_reference_app,"Keyboard Shortcuts export, licensed Illustrator 30.1.0 (Windows keys)",2026-09-24,crates/ui-egui/src/shortcut_editor.rs (PANEL_SHORTCUTS)
MENU-0580,Menus/Window,menu,Window > Transform,Shortcut,Shift+F8,,key,Listed in 30.1's shortcut export. Path from the v25 community list; confirm it in 30.1's menu,AdobeTransformObjects1,,1,in,done,verified,docs/parity/shortcuts-30.1.csv (licensed 30.1),vectorcraft_ui_egui::shortcut_editor::tests::panel_shortcuts_match_the_reference_app,"Keyboard Shortcuts export, licensed Illustrator 30.1.0 (Windows keys)",2026-09-24,crates/ui-egui/src/shortcut_editor.rs (PANEL_SHORTCUTS)
MENU-0581,Menus/Window,menu,Window > Transparency,Shortcut,Shift+Ctrl+F10,,key,Listed in 30.1's shortcut export. Path from the v25 community list; confirm it in 30.1's menu,Adobe Transparency Palette Menu Item,,1,in,done,verified,docs/parity/shortcuts-30.1.csv (licensed 30.1),vectorcraft_ui_egui::shortcut_editor::tests::panel_shortcuts_match_the_reference_app,"Keyboard Shortcuts export, licensed Illustrator 30.1.0 (Windows keys)",2026-09-24,crates/ui-egui/src/shortcut_editor.rs (PANEL_SHORTCUTS)
MENU-0582,Menus/Window,menu,Window > … > Type,,,,,Listed in 30.1's shortcut export; submenu path not recorded there,,,1,in,n/a,verified,docs/parity/shortcuts-30.1.csv (licensed 30.1),,"Keyboard Shortcuts export, licensed Illustrator 30.1.0 (Windows keys)",2026-09-24,
MENU-0583,Menus/Window,menu,Window > Character,Shortcut,Ctrl+T,,key,Listed in 30.1's shortcut export. Path from the v25 community list; confirm it in 30.1's menu,internal palettes posing as plug-in menus-character,,1,in,planned,verified,docs/parity/shortcuts-30.1.csv (licensed 30.1),,"Keyboard Shortcuts export, licensed Illustrator 30.1.0 (Windows keys)",2026-09-24,
MENU-0584,Menus/Window,menu,Window > Character Styles,,,,,Listed in 30.1's shortcut export. Path from the v25 community list; confirm it in 30.1's menu,Character Styles,,1,in,planned,verified,docs/parity/shortcuts-30.1.csv (licensed 30.1),,"Keyboard Shortcuts export, licensed Illustrator 30.1.0 (Windows keys)",2026-09-24,
MENU-0585,Menus/Window,menu,Window > Glyphs,,,,,Listed in 30.1's shortcut export. Path from the v25 community list; confirm it in 30.1's menu,alternate glyph palette plugin 2,,1,in,planned,verified,docs/parity/shortcuts-30.1.csv (licensed 30.1),,"Keyboard Shortcuts export, licensed Illustrator 30.1.0 (Windows keys)",2026-09-24,
MENU-0586,Menus/Window,menu,Window > OpenType,Shortcut,Alt+Shift+Ctrl+T,,key,Listed in 30.1's shortcut export. Path from the v25 community list; confirm it in 30.1's menu,internal palettes posing as plug-in menus-opentype,,1,in,planned,verified,docs/parity/shortcuts-30.1.csv (licensed 30.1),,"Keyboard Shortcuts export, licensed Illustrator 30.1.0 (Windows keys)",2026-09-24,
MENU-0587,Menus/Window,menu,Window > Paragraph,Shortcut,Alt+Ctrl+T,,key,Listed in 30.1's shortcut export. Path from the v25 community list; confirm it in 30.1's menu,internal palettes posing as plug-in menus-paragraph,,1,in,planned,verified,docs/parity/shortcuts-30.1.csv (licensed 30.1),,"Keyboard Shortcuts export, licensed Illustrator 30.1.0 (Windows keys)",2026-09-24,
MENU-0588,Menus/Window,menu,Window > Paragraph Styles,,,,,Listed in 30.1's shortcut export. Path from the v25 community list; confirm it in 30.1's menu,Adobe Paragraph Styles Palette,,1,in,planned,verified,docs/parity/shortcuts-30.1.csv (licensed 30.1),,"Keyboard Shortcuts export, licensed Illustrator 30.1.0 (Windows keys)",2026-09-24,
MENU-0589,Menus/Window,menu,Window > Tabs,Shortcut,Shift+Ctrl+T,,key,Listed in 30.1's shortcut export. Path from the v25 community list; confirm it in 30.1's menu,internal palettes posing as plug-in menus-tab,,1,in,planned,verified,docs/parity/shortcuts-30.1.csv (licensed 30.1),,"Keyboard Shortcuts export, licensed Illustrator 30.1.0 (Windows keys)",2026-09-24,
MENU-0590,Menus/Window,menu,Window > Variables,,,,,Listed in 30.1's shortcut export. Path from the v25 community list; confirm it in 30.1's menu,Adobe Variables Palette Menu Item,,1,in,planned,verified,docs/parity/shortcuts-30.1.csv (licensed 30.1),,"Keyboard Shortcuts export, licensed Illustrator 30.1.0 (Windows keys)",2026-09-24,
MENU-0591,Menus/Window,menu,Window > … > Brush Libraries,,,,,Listed in 30.1's shortcut export; submenu path not recorded there,,,1,in,n/a,verified,docs/parity/shortcuts-30.1.csv (licensed 30.1),,"Keyboard Shortcuts export, licensed Illustrator 30.1.0 (Windows keys)",2026-09-24,
MENU-0592,Menus/Window,menu,Window > … > Other Library,,,,,Listed in 30.1's shortcut export; submenu path not recorded there,,,1,in,planned,verified,docs/parity/shortcuts-30.1.csv (licensed 30.1),,"Keyboard Shortcuts export, licensed Illustrator 30.1.0 (Windows keys)",2026-09-24,
MENU-0593,Menus/Window,menu,Window > … > Graphic Style Libraries,,,,,Listed in 30.1's shortcut export; submenu path not recorded there,,,1,in,n/a,verified,docs/parity/shortcuts-30.1.csv (licensed 30.1),,"Keyboard Shortcuts export, licensed Illustrator 30.1.0 (Windows keys)",2026-09-24,
MENU-0594,Menus/Window,menu,Window > … > Swatch Libraries,,,,,Listed in 30.1's shortcut export; submenu path not recorded there,,,1,in,n/a,verified,docs/parity/shortcuts-30.1.csv (licensed 30.1),,"Keyboard Shortcuts export, licensed Illustrator 30.1.0 (Windows keys)",2026-09-24,
MENU-0595,Menus/Window,menu,Window > … > Symbol Libraries,,,,,Listed in 30.1's shortcut export; submenu path not recorded there,,,1,in,n/a,verified,docs/parity/shortcuts-30.1.csv (licensed 30.1),,"Keyboard Shortcuts export, licensed Illustrator 30.1.0 (Windows keys)",2026-09-24,
MENU-0596,Menus/Help,menu,Help > Illustrator Help,Shortcut,F1,,key,Listed in 30.1's shortcut export. Path from the v25 community list; confirm it in 30.1's menu,helpcontent,,1,in,planned,verified,docs/parity/shortcuts-30.1.csv (licensed 30.1),,"Keyboard Shortcuts export, licensed Illustrator 30.1.0 (Windows keys)",2026-09-24,
MENU-0597,Menus/Help,menu,Help > System Info,,,,,Listed in 30.1's shortcut export. Path from the v25 community list; confirm it in 30.1's menu,System Info,,1,in,planned,verified,docs/parity/shortcuts-30.1.csv (licensed 30.1),,"Keyboard Shortcuts export, licensed Illustrator 30.1.0 (Windows keys)",2026-09-24,
MENU-0598,Menus/Help,menu,Help > About Illustrator,,,,,Listed in 30.1's shortcut export. Path from the v25 community list; confirm it in 30.1's menu,about,,1,in,planned,verified,docs/parity/shortcuts-30.1.csv (licensed 30.1),,"Keyboard Shortcuts export, licensed Illustrator 30.1.0 (Windows keys)",2026-09-24,
MENU-0599,Keyboard/Other: Select,menu,Other Select > Switch Selection Tools,Shortcut,Ctrl+`,,key,Keyboard-only command (no menu item),switchSelTool,,1,in,planned,verified,docs/parity/shortcuts-30.1.csv (licensed 30.1); docs/parity/menu-commands-30.1.csv,,"Keyboard Shortcuts export, licensed Illustrator 30.1.0 (Windows keys); 30.1 .kys and shortcut export (licensed Illustrator 30.1.0)",2026-09-24,
MENU-0600,Keyboard/Other: Text,menu,Other Text > Point Size Up,Shortcut,Shift+Ctrl+.,,key,Keyboard-only command (no menu item),faceSizeUp,,1,in,planned,verified,docs/parity/shortcuts-30.1.csv (licensed 30.1); docs/parity/menu-commands-30.1.csv,,"Keyboard Shortcuts export, licensed Illustrator 30.1.0 (Windows keys); 30.1 .kys and shortcut export (licensed Illustrator 30.1.0)",2026-09-24,
MENU-0601,Keyboard/Other: Text,menu,Other Text > Point Size Down,Shortcut,"Shift+Ctrl+,",,key,Keyboard-only command (no menu item),faceSizeDown,,1,in,planned,verified,docs/parity/shortcuts-30.1.csv (licensed 30.1); docs/parity/menu-commands-30.1.csv,,"Keyboard Shortcuts export, licensed Illustrator 30.1.0 (Windows keys); 30.1 .kys and shortcut export (licensed Illustrator 30.1.0)",2026-09-24,
MENU-0602,Keyboard/Other: Text,menu,Other Text > Font Size Step Up,Shortcut,Alt+Shift+Ctrl+.,,key,Keyboard-only command (no menu item),sizeStepUp,,1,in,planned,verified,docs/parity/shortcuts-30.1.csv (licensed 30.1); docs/parity/menu-commands-30.1.csv,,"Keyboard Shortcuts export, licensed Illustrator 30.1.0 (Windows keys); 30.1 .kys and shortcut export (licensed Illustrator 30.1.0)",2026-09-24,
MENU-0603,Keyboard/Other: Text,menu,Other Text > Font Size Step Down,Shortcut,"Alt+Shift+Ctrl+,",,key,Keyboard-only command (no menu item),sizeStepDown,,1,in,planned,verified,docs/parity/shortcuts-30.1.csv (licensed 30.1); docs/parity/menu-commands-30.1.csv,,"Keyboard Shortcuts export, licensed Illustrator 30.1.0 (Windows keys); 30.1 .kys and shortcut export (licensed Illustrator 30.1.0)",2026-09-24,
MENU-0604,Keyboard/Other: Text,menu,Other Text > Kern Looser,Shortcut,Shift+Ctrl+],,key,Keyboard-only command (no menu item),,,1,in,planned,verified,docs/parity/shortcuts-30.1.csv (licensed 30.1),,"Keyboard Shortcuts export, licensed Illustrator 30.1.0 (Windows keys)",2026-09-24,
MENU-0605,Keyboard/Other: Text,menu,Other Text > Kern Tighter,Shortcut,Shift+Ctrl+[,,key,Keyboard-only command (no menu item),,,1,in,planned,verified,docs/parity/shortcuts-30.1.csv (licensed 30.1),,"Keyboard Shortcuts export, licensed Illustrator 30.1.0 (Windows keys)",2026-09-24,
MENU-0606,Keyboard/Other: Text,menu,Other Text > Tracking,Shortcut,Alt+Ctrl+K,,key,Keyboard-only command (no menu item),tracking,,1,in,planned,verified,docs/parity/shortcuts-30.1.csv (licensed 30.1); docs/parity/menu-commands-30.1.csv,,"Keyboard Shortcuts export, licensed Illustrator 30.1.0 (Windows keys); 30.1 .kys and shortcut export (licensed Illustrator 30.1.0)",2026-09-24,
MENU-0607,Keyboard/Other: Text,menu,Other Text > Clear Tracking,Shortcut,Alt+Ctrl+Q,,key,Keyboard-only command (no menu item),clearTrack,,1,in,planned,verified,docs/parity/shortcuts-30.1.csv (licensed 30.1); docs/parity/menu-commands-30.1.csv,,"Keyboard Shortcuts export, licensed Illustrator 30.1.0 (Windows keys); 30.1 .kys and shortcut export (licensed Illustrator 30.1.0)",2026-09-24,
MENU-0608,Keyboard/Other: Text,menu,Other Text > Spacing,Shortcut,Alt+Shift+Ctrl+O,,key,Keyboard-only command (no menu item),spacing,,1,in,planned,verified,docs/parity/shortcuts-30.1.csv (licensed 30.1); docs/parity/menu-commands-30.1.csv,,"Keyboard Shortcuts export, licensed Illustrator 30.1.0 (Windows keys); 30.1 .kys and shortcut export (licensed Illustrator 30.1.0)",2026-09-24,
MENU-0609,Keyboard/Other: Text,menu,Other Text > Uniform Type,Shortcut,Shift+Ctrl+X,,key,Keyboard-only command (no menu item),clearTypeScale,,1,in,planned,verified,docs/parity/shortcuts-30.1.csv (licensed 30.1); docs/parity/menu-commands-30.1.csv,,"Keyboard Shortcuts export, licensed Illustrator 30.1.0 (Windows keys); 30.1 .kys and shortcut export (licensed Illustrator 30.1.0)",2026-09-24,
MENU-0610,Keyboard/Other: Text,menu,Other Text > Highlight Font,Shortcut,Alt+Shift+Ctrl+F,,key,Keyboard-only command (no menu item),highlightFont,,1,in,planned,verified,docs/parity/shortcuts-30.1.csv (licensed 30.1); docs/parity/menu-commands-30.1.csv,,"Keyboard Shortcuts export, licensed Illustrator 30.1.0 (Windows keys); 30.1 .kys and shortcut export (licensed Illustrator 30.1.0)",2026-09-24,
MENU-0611,Keyboard/Other: Text,menu,Other Text > Highlight Font (Secondary),Shortcut,Alt+Shift+Ctrl+M,,key,Keyboard-only command (no menu item),,,1,in,planned,verified,docs/parity/shortcuts-30.1.csv (licensed 30.1),,"Keyboard Shortcuts export, licensed Illustrator 30.1.0 (Windows keys)",2026-09-24,
MENU-0612,Keyboard/Other: Text,menu,Other Text > Left Align Text,Shortcut,Shift+Ctrl+L,,key,Keyboard-only command (no menu item),leftAlign,,1,in,planned,verified,docs/parity/shortcuts-30.1.csv (licensed 30.1); docs/parity/menu-commands-30.1.csv,,"Keyboard Shortcuts export, licensed Illustrator 30.1.0 (Windows keys); 30.1 .kys and shortcut export (licensed Illustrator 30.1.0)",2026-09-24,
MENU-0613,Keyboard/Other: Text,menu,Other Text > Center Text,Shortcut,Shift+Ctrl+C,,key,Keyboard-only command (no menu item),centerAlign,,1,in,planned,verified,docs/parity/shortcuts-30.1.csv (licensed 30.1); docs/parity/menu-commands-30.1.csv,,"Keyboard Shortcuts export, licensed Illustrator 30.1.0 (Windows keys); 30.1 .kys and shortcut export (licensed Illustrator 30.1.0)",2026-09-24,
MENU-0614,Keyboard/Other: Text,menu,Other Text > Right Align Text,Shortcut,Shift+Ctrl+R,,key,Keyboard-only command (no menu item),rightAlign,,1,in,planned,verified,docs/parity/shortcuts-30.1.csv (licensed 30.1); docs/parity/menu-commands-30.1.csv,,"Keyboard Shortcuts export, licensed Illustrator 30.1.0 (Windows keys); 30.1 .kys and shortcut export (licensed Illustrator 30.1.0)",2026-09-24,
MENU-0615,Keyboard/Other: Text,menu,Other Text > Justify Text Left,Shortcut,Shift+Ctrl+J,,key,Keyboard-only command (no menu item),justify,,1,in,planned,verified,docs/parity/shortcuts-30.1.csv (licensed 30.1); docs/parity/menu-commands-30.1.csv,,"Keyboard Shortcuts export, licensed Illustrator 30.1.0 (Windows keys); 30.1 .kys and shortcut export (licensed Illustrator 30.1.0)",2026-09-24,
MENU-0616,Keyboard/Other: Text,menu,Other Text > Justify Text Center,,,,,Keyboard-only command (no menu item),,,1,in,planned,verified,docs/parity/shortcuts-30.1.csv (licensed 30.1),,"Keyboard Shortcuts export, licensed Illustrator 30.1.0 (Windows keys)",2026-09-24,
MENU-0617,Keyboard/Other: Text,menu,Other Text > Justify Text Right,,,,,Keyboard-only command (no menu item),,,1,in,planned,verified,docs/parity/shortcuts-30.1.csv (licensed 30.1),,"Keyboard Shortcuts export, licensed Illustrator 30.1.0 (Windows keys)",2026-09-24,
MENU-0618,Keyboard/Other: Text,menu,Other Text > Justify All Lines,Shortcut,Shift+Ctrl+F,,key,Keyboard-only command (no menu item),justifyAll,,1,in,planned,verified,docs/parity/shortcuts-30.1.csv (licensed 30.1); docs/parity/menu-commands-30.1.csv,,"Keyboard Shortcuts export, licensed Illustrator 30.1.0 (Windows keys); 30.1 .kys and shortcut export (licensed Illustrator 30.1.0)",2026-09-24,
MENU-0619,Keyboard/Other: Text,menu,Other Text > Toggle Auto Hyphenation,Shortcut,Alt+Shift+Ctrl+H,,key,Keyboard-only command (no menu item),toggleAutoHyphen,,1,in,planned,verified,docs/parity/shortcuts-30.1.csv (licensed 30.1); docs/parity/menu-commands-30.1.csv,,"Keyboard Shortcuts export, licensed Illustrator 30.1.0 (Windows keys); 30.1 .kys and shortcut export (licensed Illustrator 30.1.0)",2026-09-24,
MENU-0620,Keyboard/Other: Text,menu,Other Text > Toggle Line Composer,Shortcut,Alt+Shift+Ctrl+C,,key,Keyboard-only command (no menu item),toggleLineComposer,,1,in,planned,verified,docs/parity/shortcuts-30.1.csv (licensed 30.1); docs/parity/menu-commands-30.1.csv,,"Keyboard Shortcuts export, licensed Illustrator 30.1.0 (Windows keys); 30.1 .kys and shortcut export (licensed Illustrator 30.1.0)",2026-09-24,
MENU-0621,Keyboard/Other: Text,menu,Other Text > Subscript,Shortcut,Alt+Shift+Ctrl+=,,key,Keyboard-only command (no menu item),~subscript,,1,in,planned,verified,docs/parity/shortcuts-30.1.csv (licensed 30.1); docs/parity/menu-commands-30.1.csv,,"Keyboard Shortcuts export, licensed Illustrator 30.1.0 (Windows keys); 30.1 .kys and shortcut export (licensed Illustrator 30.1.0)",2026-09-24,
MENU-0622,Keyboard/Other: Text,menu,Other Text > Superscript,Shortcut,Shift+Ctrl+=,,key,Keyboard-only command (no menu item),~superScript,,1,in,planned,verified,docs/parity/shortcuts-30.1.csv (licensed 30.1); docs/parity/menu-commands-30.1.csv,,"Keyboard Shortcuts export, licensed Illustrator 30.1.0 (Windows keys); 30.1 .kys and shortcut export (licensed Illustrator 30.1.0)",2026-09-24,
MENU-0623,Keyboard/Other: Text,menu,Other Text > Bold,Shortcut,Shift+Ctrl+b,,key,Keyboard-only command (no menu item),,,1,in,planned,verified,docs/parity/shortcuts-30.1.csv (licensed 30.1),,"Keyboard Shortcuts export, licensed Illustrator 30.1.0 (Windows keys)",2026-09-24,
MENU-0624,Keyboard/Other: Text,menu,Other Text > Italic,Shortcut,Shift+Ctrl+i,,key,Keyboard-only command (no menu item),,,1,in,planned,verified,docs/parity/shortcuts-30.1.csv (licensed 30.1),,"Keyboard Shortcuts export, licensed Illustrator 30.1.0 (Windows keys)",2026-09-24,
MENU-0625,Keyboard/Other: Text,menu,Other Text > Underline,Shortcut,Shift+Ctrl+u,,key,Keyboard-only command (no menu item),,,1,in,planned,verified,docs/parity/shortcuts-30.1.csv (licensed 30.1),,"Keyboard Shortcuts export, licensed Illustrator 30.1.0 (Windows keys)",2026-09-24,
MENU-0626,Keyboard/Other: Object,menu,Other Object > Lock Others,Shortcut,Alt+Shift+Ctrl+2,,key,Keyboard-only command (no menu item),lock2,,1,in,planned,verified,docs/parity/shortcuts-30.1.csv (licensed 30.1); docs/parity/menu-commands-30.1.csv,,"Keyboard Shortcuts export, licensed Illustrator 30.1.0 (Windows keys); 30.1 .kys and shortcut export (licensed Illustrator 30.1.0)",2026-09-24,
MENU-0627,Keyboard/Other: Object,menu,Other Object > Hide Others,Shortcut,Alt+Shift+Ctrl+3,,key,Keyboard-only command (no menu item),hide2,,1,in,planned,verified,docs/parity/shortcuts-30.1.csv (licensed 30.1); docs/parity/menu-commands-30.1.csv,,"Keyboard Shortcuts export, licensed Illustrator 30.1.0 (Windows keys); 30.1 .kys and shortcut export (licensed Illustrator 30.1.0)",2026-09-24,
MENU-0628,Keyboard/Other: Object,menu,Other Object > Repeat Pathfinder,Shortcut,Ctrl+4,,key,Keyboard-only command (no menu item),repeatPathfinder,,1,in,planned,verified,docs/parity/shortcuts-30.1.csv (licensed 30.1); docs/parity/menu-commands-30.1.csv,,"Keyboard Shortcuts export, licensed Illustrator 30.1.0 (Windows keys); 30.1 .kys and shortcut export (licensed Illustrator 30.1.0)",2026-09-24,
MENU-0629,Keyboard/Other: Object,menu,Other Object > Average & Join,Shortcut,Alt+Shift+Ctrl+J,,key,Keyboard-only command (no menu item),avgAndJoin,,1,in,planned,verified,docs/parity/shortcuts-30.1.csv (licensed 30.1); docs/parity/menu-commands-30.1.csv,,"Keyboard Shortcuts export, licensed Illustrator 30.1.0 (Windows keys); 30.1 .kys and shortcut export (licensed Illustrator 30.1.0)",2026-09-24,
MENU-0630,Keyboard/Other: Object,menu,Other Object > Isolate Selected Object,,,,,Keyboard-only command (no menu item),,,1,in,planned,verified,docs/parity/shortcuts-30.1.csv (licensed 30.1),,"Keyboard Shortcuts export, licensed Illustrator 30.1.0 (Windows keys)",2026-09-24,
MENU-0631,Keyboard/Other: Object,menu,Other Object > Exit Isolation Mode,,,,,Keyboard-only command (no menu item),,,1,in,planned,verified,docs/parity/shortcuts-30.1.csv (licensed 30.1),,"Keyboard Shortcuts export, licensed Illustrator 30.1.0 (Windows keys)",2026-09-24,
MENU-0632,Keyboard/Other: Panel,menu,Other Panel > New Symbol,Shortcut,F8,,key,Keyboard-only command (no menu item),Adobe New Symbol Shortcut,,1,in,planned,verified,docs/parity/shortcuts-30.1.csv (licensed 30.1),,"Keyboard Shortcuts export, licensed Illustrator 30.1.0 (Windows keys)",2026-09-24,
MENU-0633,Keyboard/Other: Panel,menu,Other Panel > Show Color Panel (Secondary),,,,,Keyboard-only command (no menu item),Adobe Color Palette Secondary,,1,in,planned,verified,docs/parity/shortcuts-30.1.csv (licensed 30.1),,"Keyboard Shortcuts export, licensed Illustrator 30.1.0 (Windows keys)",2026-09-24,
MENU-0634,Keyboard/Other: Panel,menu,Other Panel > Actions Batch,,,,,Keyboard-only command (no menu item),Adobe Actions Batch,,1,in,planned,verified,docs/parity/shortcuts-30.1.csv (licensed 30.1),,"Keyboard Shortcuts export, licensed Illustrator 30.1.0 (Windows keys)",2026-09-24,
MENU-0635,Keyboard/Other: Panel,menu,Other Panel > Add New Fill,Shortcut,Ctrl+/,,key,Keyboard-only command (no menu item),Adobe New Fill Shortcut,,1,in,planned,verified,docs/parity/shortcuts-30.1.csv (licensed 30.1),,"Keyboard Shortcuts export, licensed Illustrator 30.1.0 (Windows keys)",2026-09-24,
MENU-0636,Keyboard/Other: Panel,menu,Other Panel > Add New Stroke,Shortcut,Alt+Ctrl+/,,key,Keyboard-only command (no menu item),Adobe New Stroke Shortcut,,1,in,planned,verified,docs/parity/shortcuts-30.1.csv (licensed 30.1),,"Keyboard Shortcuts export, licensed Illustrator 30.1.0 (Windows keys)",2026-09-24,
MENU-0637,Keyboard/Other: Panel,menu,Other Panel > New Graphic Style,,,,,Keyboard-only command (no menu item),Adobe New Style Shortcut,,1,in,planned,verified,docs/parity/shortcuts-30.1.csv (licensed 30.1),,"Keyboard Shortcuts export, licensed Illustrator 30.1.0 (Windows keys)",2026-09-24,
MENU-0638,Keyboard/Other: Panel,menu,Other Panel > New Layer,Shortcut,Ctrl+L,,key,Keyboard-only command (no menu item),AdobeLayerPalette2,,1,in,planned,verified,docs/parity/shortcuts-30.1.csv (licensed 30.1),,"Keyboard Shortcuts export, licensed Illustrator 30.1.0 (Windows keys)",2026-09-24,
MENU-0639,Keyboard/Other: Panel,menu,Other Panel > New Layer with Dialog,Shortcut,Alt+Ctrl+L,,key,Keyboard-only command (no menu item),AdobeLayerPalette3,,1,in,planned,verified,docs/parity/shortcuts-30.1.csv (licensed 30.1),,"Keyboard Shortcuts export, licensed Illustrator 30.1.0 (Windows keys)",2026-09-24,
MENU-0640,Keyboard/Other: Panel,menu,Other Panel > Update Link,,,,,Keyboard-only command (no menu item),Adobe Update Link Shortcut,,1,in,planned,verified,docs/parity/shortcuts-30.1.csv (licensed 30.1),,"Keyboard Shortcuts export, licensed Illustrator 30.1.0 (Windows keys)",2026-09-24,
MENU-0641,Keyboard/Other: Panel,menu,Other Panel > New Swatch,,,,,Keyboard-only command (no menu item),Adobe New Swatch Shortcut Menu,,1,in,planned,verified,docs/parity/shortcuts-30.1.csv (licensed 30.1),,"Keyboard Shortcuts export, licensed Illustrator 30.1.0 (Windows keys)",2026-09-24,
MENU-0642,Keyboard/Other: Misc,menu,Other Misc > Switch Units,Shortcut,Alt+Shift+Ctrl+U,,key,Keyboard-only command (no menu item),switchUnits,,1,in,planned,verified,docs/parity/shortcuts-30.1.csv (licensed 30.1); docs/parity/menu-commands-30.1.csv,,"Keyboard Shortcuts export, licensed Illustrator 30.1.0 (Windows keys); 30.1 .kys and shortcut export (licensed Illustrator 30.1.0)",2026-09-24,
MENU-0643,Keyboard/Other: Misc,menu,Other Misc > New File (No Dialog),Shortcut,Alt+Ctrl+N,,key,Keyboard-only command (no menu item),new2,,1,in,planned,verified,docs/parity/shortcuts-30.1.csv (licensed 30.1); docs/parity/menu-commands-30.1.csv,,"Keyboard Shortcuts export, licensed Illustrator 30.1.0 (Windows keys); 30.1 .kys and shortcut export (licensed Illustrator 30.1.0)",2026-09-24,
MENU-0644,Keyboard/Other: Misc,menu,Other Misc > Help (Secondary),,,,,Keyboard-only command (no menu item),,,1,in,planned,verified,docs/parity/shortcuts-30.1.csv (licensed 30.1),,"Keyboard Shortcuts export, licensed Illustrator 30.1.0 (Windows keys)",2026-09-24,
MENU-0645,Keyboard/Other: Misc,menu,Other Misc > Undo (Secondary),,,,,Keyboard-only command (no menu item),,,1,in,planned,verified,docs/parity/shortcuts-30.1.csv (licensed 30.1),,"Keyboard Shortcuts export, licensed Illustrator 30.1.0 (Windows keys)",2026-09-24,
MENU-0646,Keyboard/Other: Misc,menu,Other Misc > Cut (Secondary),Shortcut,F2,,key,Keyboard-only command (no menu item),cut2,,1,in,planned,verified,docs/parity/shortcuts-30.1.csv (licensed 30.1); docs/parity/menu-commands-30.1.csv,,"Keyboard Shortcuts export, licensed Illustrator 30.1.0 (Windows keys); 30.1 .kys and shortcut export (licensed Illustrator 30.1.0)",2026-09-24,
MENU-0647,Keyboard/Other: Misc,menu,Other Misc > Copy (Secondary),Shortcut,F3,,key,Keyboard-only command (no menu item),copy2,,1,in,planned,verified,docs/parity/shortcuts-30.1.csv (licensed 30.1); docs/parity/menu-commands-30.1.csv,,"Keyboard Shortcuts export, licensed Illustrator 30.1.0 (Windows keys); 30.1 .kys and shortcut export (licensed Illustrator 30.1.0)",2026-09-24,
MENU-0648,Keyboard/Other: Misc,menu,Other Misc > Paste (Secondary),Shortcut,F4,,key,Keyboard-only command (no menu item),paste2,,1,in,planned,verified,docs/parity/shortcuts-30.1.csv (licensed 30.1); docs/parity/menu-commands-30.1.csv,,"Keyboard Shortcuts export, licensed Illustrator 30.1.0 (Windows keys); 30.1 .kys and shortcut export (licensed Illustrator 30.1.0)",2026-09-24,
MENU-0649,Keyboard/Other: Misc,menu,Other Misc > Zoom In (Secondary),Shortcut,Ctrl++,,key,Keyboard-only command (no menu item),zoomin2,,1,in,planned,verified,docs/parity/shortcuts-30.1.csv (licensed 30.1); docs/parity/menu-commands-30.1.csv,,"Keyboard Shortcuts export, licensed Illustrator 30.1.0 (Windows keys); 30.1 .kys and shortcut export (licensed Illustrator 30.1.0)",2026-09-24,
MENU-0650,Keyboard/Other: Misc,menu,Other Misc > Navigate to Next Document,Shortcut,Ctrl+F6,,key,Keyboard-only command (no menu item),navigateToNextDocument,,1,in,planned,verified,docs/parity/shortcuts-30.1.csv (licensed 30.1); docs/parity/menu-commands-30.1.csv,,"Keyboard Shortcuts export, licensed Illustrator 30.1.0 (Windows keys); 30.1 .kys and shortcut export (licensed Illustrator 30.1.0)",2026-09-24,
MENU-0651,Keyboard/Other: Misc,menu,Other Misc > Navigate to Previous Document,Shortcut,Shift+Ctrl+F6,,key,Keyboard-only command (no menu item),navigateToPreviousDocument,,1,in,planned,verified,docs/parity/shortcuts-30.1.csv (licensed 30.1); docs/parity/menu-commands-30.1.csv,,"Keyboard Shortcuts export, licensed Illustrator 30.1.0 (Windows keys); 30.1 .kys and shortcut export (licensed Illustrator 30.1.0)",2026-09-24,
MENU-0652,Keyboard/Other: Misc,menu,Other Misc > Navigate to Next Document Group,Shortcut,Alt+Ctrl+F6,,key,Keyboard-only command (no menu item),navigateToNextDocumentGroup,,1,in,planned,verified,docs/parity/shortcuts-30.1.csv (licensed 30.1); docs/parity/menu-commands-30.1.csv,,"Keyboard Shortcuts export, licensed Illustrator 30.1.0 (Windows keys); 30.1 .kys and shortcut export (licensed Illustrator 30.1.0)",2026-09-24,
MENU-0653,Keyboard/Other: Misc,menu,Other Misc > Navigate to Previous Document Group,Shortcut,Alt+Shift+Ctrl+F6,,key,Keyboard-only command (no menu item),navigateToPreviousDocumentGroup,,1,in,planned,verified,docs/parity/shortcuts-30.1.csv (licensed 30.1); docs/parity/menu-commands-30.1.csv,,"Keyboard Shortcuts export, licensed Illustrator 30.1.0 (Windows keys); 30.1 .kys and shortcut export (licensed Illustrator 30.1.0)",2026-09-24,
MENU-0654,Keyboard/Other: Misc,menu,Other Misc > Subscript (Secondary),Shortcut,Alt+Shift+Ctrl++,,key,Keyboard-only command (no menu item),~subscript2,,1,in,planned,verified,docs/parity/shortcuts-30.1.csv (licensed 30.1); docs/parity/menu-commands-30.1.csv,,"Keyboard Shortcuts export, licensed Illustrator 30.1.0 (Windows keys); 30.1 .kys and shortcut export (licensed Illustrator 30.1.0)",2026-09-24,
MENU-0655,Keyboard/Other: Misc,menu,Other Misc > Superscript (Secondary),Shortcut,Shift+Ctrl++,,key,Keyboard-only command (no menu item),~superScript2,,1,in,planned,verified,docs/parity/shortcuts-30.1.csv (licensed 30.1); docs/parity/menu-commands-30.1.csv,,"Keyboard Shortcuts export, licensed Illustrator 30.1.0 (Windows keys); 30.1 .kys and shortcut export (licensed Illustrator 30.1.0)",2026-09-24,
MENU-0656,Menus/File,menu,File > Save for Web & Devices,Shortcut,Alt+Shift+Ctrl+S,,key,Path from the v25 community list; confirm it in 30.1's menu,Adobe AI Save For Web,,1,in,planned,verified,docs/parity/menu-commands-30.1.csv,,30.1 .kys and shortcut export (licensed Illustrator 30.1.0),2026-09-24,
MENU-0657,Menus/Edit,menu,Edit > Preferences > Slices,,,,,Path from the v25 community list; confirm it in 30.1's menu,slicePref,,1,in,planned,verified,docs/parity/menu-commands-30.1.csv,,30.1 .kys and shortcut export (licensed Illustrator 30.1.0),2026-09-24,
MENU-0658,Menus/Object,menu,Object > Artboards > Rearrange,,,,,Path from the v25 community list; confirm it in 30.1's menu,ReArrange Artboards,,1,in,planned,verified,docs/parity/menu-commands-30.1.csv,,30.1 .kys and shortcut export (licensed Illustrator 30.1.0),2026-09-24,
MENU-0659,Menus/Object,menu,Object > Align > Horizontal Align Left,,,,,Path from the v25 community list; confirm it in 30.1's menu,Horizontal Align Left,,1,in,partial,verified,docs/parity/menu-commands-30.1.csv,,30.1 .kys and shortcut export (licensed Illustrator 30.1.0),2026-09-24,object.align @ crates/engine/src/cmd/object.rs:147
MENU-0660,Menus/Object,menu,Object > Align > Horizontal Align Center,,,,,Path from the v25 community list; confirm it in 30.1's menu,Horizontal Align Center,,1,in,partial,verified,docs/parity/menu-commands-30.1.csv,,30.1 .kys and shortcut export (licensed Illustrator 30.1.0),2026-09-24,object.align @ crates/engine/src/cmd/object.rs:147
MENU-0661,Menus/Object,menu,Object > Align > Horizontal Align Right,,,,,Path from the v25 community list; confirm it in 30.1's menu,Horizontal Align Right,,1,in,partial,verified,docs/parity/menu-commands-30.1.csv,,30.1 .kys and shortcut export (licensed Illustrator 30.1.0),2026-09-24,object.align @ crates/engine/src/cmd/object.rs:147
MENU-0662,Menus/Object,menu,Object > Align > Vertical Align Top,,,,,Path from the v25 community list; confirm it in 30.1's menu,Vertical Align Top,,1,in,partial,verified,docs/parity/menu-commands-30.1.csv,,30.1 .kys and shortcut export (licensed Illustrator 30.1.0),2026-09-24,object.align @ crates/engine/src/cmd/object.rs:147
MENU-0663,Menus/Object,menu,Object > Align > Vertical Align Center,,,,,Path from the v25 community list; confirm it in 30.1's menu,Vertical Align Center,,1,in,partial,verified,docs/parity/menu-commands-30.1.csv,,30.1 .kys and shortcut export (licensed Illustrator 30.1.0),2026-09-24,object.align @ crates/engine/src/cmd/object.rs:147
MENU-0664,Menus/Object,menu,Object > Align > Vertical Align Bottom,,,,,Path from the v25 community list; confirm it in 30.1's menu,Vertical Align Bottom,,1,in,partial,verified,docs/parity/menu-commands-30.1.csv,,30.1 .kys and shortcut export (licensed Illustrator 30.1.0),2026-09-24,object.align @ crates/engine/src/cmd/object.rs:147
MENU-0665,Menus/Select,menu,Select > Object > Text Objects,,,,,Path from the v25 community list; confirm it in 30.1's menu,Text Objects menu item,,1,in,planned,verified,docs/parity/menu-commands-30.1.csv,,30.1 .kys and shortcut export (licensed Illustrator 30.1.0),2026-09-24,
MENU-0666,Menus/Effect,menu,Effect > 3D > Extrude & Bevel,,,,,Path from the v25 community list; confirm it in 30.1's menu,Live 3DExtrude,,1,in,planned,verified,docs/parity/menu-commands-30.1.csv,,30.1 .kys and shortcut export (licensed Illustrator 30.1.0),2026-09-24,
MENU-0667,Menus/Effect,menu,Effect > 3D > Revolve,,,,,Path from the v25 community list; confirm it in 30.1's menu,Live 3DRevolve,,1,in,planned,verified,docs/parity/menu-commands-30.1.csv,,30.1 .kys and shortcut export (licensed Illustrator 30.1.0),2026-09-24,
MENU-0668,Menus/Effect,menu,Effect > 3D > Rotate,,,,,Path from the v25 community list; confirm it in 30.1's menu,Live 3DRotate,,1,in,planned,verified,docs/parity/menu-commands-30.1.csv,,30.1 .kys and shortcut export (licensed Illustrator 30.1.0),2026-09-24,
MENU-0669,Menus/Effect,menu,Effect > Crop Marks,,,,,Path from the v25 community list; confirm it in 30.1's menu,Live Trim Marks,,1,in,partial,verified,docs/parity/menu-commands-30.1.csv,,30.1 .kys and shortcut export (licensed Illustrator 30.1.0),2026-09-24,effect.apply @ crates/engine/src/cmd/effectcmd.rs:22
MENU-0670,Menus/Effect,menu,Effect > Distort & Transform > Twist,,,,,Path from the v25 community list; confirm it in 30.1's menu,Live Twist,,1,in,partial,verified,docs/parity/menu-commands-30.1.csv,,30.1 .kys and shortcut export (licensed Illustrator 30.1.0),2026-09-24,effect.dialog @ crates/ui-egui/src/menus.rs:223
MENU-0671,Menus/Effect,menu,Effect > Stylize > Drop Shadow,,,,,Path from the v25 community list; confirm it in 30.1's menu,Live Adobe Drop Shadow,,1,in,partial,verified,docs/parity/menu-commands-30.1.csv,,30.1 .kys and shortcut export (licensed Illustrator 30.1.0),2026-09-24,effect.dialog @ crates/ui-egui/src/menus.rs:223
MENU-0672,Menus/Effect,menu,Effect > Stylize > Round Corners,,,,,Path from the v25 community list; confirm it in 30.1's menu,Live Adobe Round Corners,,1,in,partial,verified,docs/parity/menu-commands-30.1.csv,,30.1 .kys and shortcut export (licensed Illustrator 30.1.0),2026-09-24,effect.dialog @ crates/ui-egui/src/menus.rs:223
MENU-0673,Menus/Effect,menu,Effect > SVG Filters > Apply SVG Filter,,,,,Path from the v25 community list; confirm it in 30.1's menu,Live SVG Filters,,1,in,planned,verified,docs/parity/menu-commands-30.1.csv,,30.1 .kys and shortcut export (licensed Illustrator 30.1.0),2026-09-24,
MENU-0674,Menus/Effect,menu,Effect > SVG Filters > Import SVG Filter,,,,,Path from the v25 community list; confirm it in 30.1's menu,SVG Filter Import,,1,in,planned,verified,docs/parity/menu-commands-30.1.csv,,30.1 .kys and shortcut export (licensed Illustrator 30.1.0),2026-09-24,
MENU-0675,Menus/Effect,menu,Effect > Warp > Twist,,,,,Path from the v25 community list; confirm it in 30.1's menu,Live Deform Twist,,1,in,partial,verified,docs/parity/menu-commands-30.1.csv,,30.1 .kys and shortcut export (licensed Illustrator 30.1.0),2026-09-24,effect.dialog @ crates/ui-egui/src/menus.rs:223
MENU-0676,Menus/View,menu,View > Proof Setup > Document CMYK > ,,,,,Path from the v25 community list; confirm it in 30.1's menu,proof-document,,1,in,planned,verified,docs/parity/menu-commands-30.1.csv,,30.1 .kys and shortcut export (licensed Illustrator 30.1.0),2026-09-24,
MENU-0677,Menus/View,menu,View > Proof Setup > Color blindness &#8211; Protanopia-type,,,,,Path from the v25 community list; confirm it in 30.1's menu,proof-colorblindp,,1,in,planned,verified,docs/parity/menu-commands-30.1.csv,,30.1 .kys and shortcut export (licensed Illustrator 30.1.0),2026-09-24,
MENU-0678,Menus/View,menu,View > Proof Setup > Color blindness &#8211; Deuteranopia-type,,,,,Path from the v25 community list; confirm it in 30.1's menu,proof-colorblindd,,1,in,planned,verified,docs/parity/menu-commands-30.1.csv,,30.1 .kys and shortcut export (licensed Illustrator 30.1.0),2026-09-24,
MENU-0679,Menus/View,menu,View > Hide Print Tiling,,,,,Path from the v25 community list; confirm it in 30.1's menu,pagetiling,,1,in,planned,verified,docs/parity/menu-commands-30.1.csv,,30.1 .kys and shortcut export (licensed Illustrator 30.1.0),2026-09-24,
MENU-0680,Menus/View,menu,View > Show Template,Shortcut,Shift+Ctrl+W,,key,Path from the v25 community list; confirm it in 30.1's menu,showtemplate,,1,in,planned,verified,docs/parity/menu-commands-30.1.csv,,30.1 .kys and shortcut export (licensed Illustrator 30.1.0),2026-09-24,
MENU-0681,Menus/View,menu,View > Rulers > Show Rulers,Shortcut,Ctrl+R,,key,Path from the v25 community list; confirm it in 30.1's menu,ruler,,1,in,partial,verified,docs/parity/menu-commands-30.1.csv,,30.1 .kys and shortcut export (licensed Illustrator 30.1.0),2026-09-24,view.rulers @ crates/ui-egui/src/menus.rs:183
MENU-0682,Menus/View,menu,View > Rulers > Change to Global Rulers,Shortcut,Alt+Ctrl+R,,key,Path from the v25 community list; confirm it in 30.1's menu,rulerCoordinateSystem,,1,in,planned,verified,docs/parity/menu-commands-30.1.csv,,30.1 .kys and shortcut export (licensed Illustrator 30.1.0),2026-09-24,
MENU-0683,Menus/View,menu,View > Show Text Threads,Shortcut,Shift+Ctrl+Y,,key,Path from the v25 community list; confirm it in 30.1's menu,textthreads,,1,in,planned,verified,docs/parity/menu-commands-30.1.csv,,30.1 .kys and shortcut export (licensed Illustrator 30.1.0),2026-09-24,
MENU-0684,Menus/View,menu,View > Guides > Hide Guides,Shortcut,Ctrl+;,,key,Path from the v25 community list; confirm it in 30.1's menu,showguide,,1,in,partial,verified,docs/parity/menu-commands-30.1.csv,,30.1 .kys and shortcut export (licensed Illustrator 30.1.0),2026-09-24,view.guides @ crates/ui-egui/src/menus.rs:185
MENU-0685,Menus/View,menu,View > Guides > Lock Guides,Shortcut,Alt+Ctrl+;,,key,Path from the v25 community list; confirm it in 30.1's menu,lockguide,,1,in,partial,verified,docs/parity/menu-commands-30.1.csv,,30.1 .kys and shortcut export (licensed Illustrator 30.1.0),2026-09-24,view.guides.lock @ crates/engine/src/cmd/docmenu.rs:140
MENU-0686,Menus/View,menu,View > Guides > Make Guides,Shortcut,Ctrl+5,,key,Path from the v25 community list; confirm it in 30.1's menu,makeguide,,1,in,partial,verified,docs/parity/menu-commands-30.1.csv,,30.1 .kys and shortcut export (licensed Illustrator 30.1.0),2026-09-24,view.guides.make @ crates/engine/src/cmd/docmenu.rs:122
MENU-0687,Menus/View,menu,View > Guides > Release Guides,Shortcut,Alt+Ctrl+5,,key,Path from the v25 community list; confirm it in 30.1's menu,releaseguide,,1,in,partial,verified,docs/parity/menu-commands-30.1.csv,,30.1 .kys and shortcut export (licensed Illustrator 30.1.0),2026-09-24,view.guides.release @ crates/engine/src/cmd/docmenu.rs:131
MENU-0688,Menus/View,menu,View > Guides > Clear Guides,,,,,Path from the v25 community list; confirm it in 30.1's menu,clearguide,,1,in,partial,verified,docs/parity/menu-commands-30.1.csv,,30.1 .kys and shortcut export (licensed Illustrator 30.1.0),2026-09-24,view.guides.clear @ crates/engine/src/cmd/docmenu.rs:149
MENU-0689,Menus/View,menu,View > Perspective Grid > Show Grid,Shortcut,Shift+Ctrl+I,,key,Path from the v25 community list; confirm it in 30.1's menu,Show Perspective Grid,,1,in,partial,verified,docs/parity/menu-commands-30.1.csv,,30.1 .kys and shortcut export (licensed Illustrator 30.1.0),2026-09-24,perspective.grid.show @ crates/engine/src/cmd/distortcmds.rs:104
MENU-0690,Menus/Window,menu,Window > Arrange > Float in Window,,,,,Path from the v25 community list; confirm it in 30.1's menu,floatInWindow,,1,in,planned,verified,docs/parity/menu-commands-30.1.csv,,30.1 .kys and shortcut export (licensed Illustrator 30.1.0),2026-09-24,
MENU-0691,Menus/Window,menu,Window > Arrange > Float All in Windows,,,,,Path from the v25 community list; confirm it in 30.1's menu,floatAllInWindows,,1,in,planned,verified,docs/parity/menu-commands-30.1.csv,,30.1 .kys and shortcut export (licensed Illustrator 30.1.0),2026-09-24,
MENU-0692,Menus/Window,menu,Window > Arrange > Consolidate All Windows,,,,,Path from the v25 community list; confirm it in 30.1's menu,consolidateAllWindows,,1,in,planned,verified,docs/parity/menu-commands-30.1.csv,,30.1 .kys and shortcut export (licensed Illustrator 30.1.0),2026-09-24,
MENU-0693,Menus/Window,menu,Window > CSS Menu,,,,,Path from the v25 community list; confirm it in 30.1's menu,CSS Menu Item,,1,in,planned,verified,docs/parity/menu-commands-30.1.csv,,30.1 .kys and shortcut export (licensed Illustrator 30.1.0),2026-09-24,
MENU-0694,Menus/Window,menu,Window > Artboards,,,,,Path from the v25 community list; confirm it in 30.1's menu,Adobe Artboard Palette,,1,in,partial,verified,docs/parity/menu-commands-30.1.csv,,30.1 .kys and shortcut export (licensed Illustrator 30.1.0),2026-09-24,window.panel @ crates/ui-egui/src/menus.rs:199
MENU-0695,Menus/Window,menu,Window > Separations Preview,,,,,Path from the v25 community list; confirm it in 30.1's menu,Adobe Separation Preview Panel,,1,in,partial,verified,docs/parity/menu-commands-30.1.csv,,30.1 .kys and shortcut export (licensed Illustrator 30.1.0),2026-09-24,window.panel @ crates/ui-egui/src/menus.rs:199
MENU-0696,Menus/Window,menu,Window > Other Library,,,,,Path from the v25 community list; confirm it in 30.1's menu,Adobe Art Style Plugin Other libraries menu item,,1,in,planned,verified,docs/parity/menu-commands-30.1.csv,,30.1 .kys and shortcut export (licensed Illustrator 30.1.0),2026-09-24,
MENU-0697,Menus/Window,menu,Window > Other Library,,,,,Path from the v25 community list; confirm it in 30.1's menu,Adobe Symbol Palette Plugin Other libraries menu item,,1,in,planned,verified,docs/parity/menu-commands-30.1.csv,,30.1 .kys and shortcut export (licensed Illustrator 30.1.0),2026-09-24,
MENU-0698,Keyboard/Other: Misc,menu,Other: Misc > … > Superscript (Secondary),Shortcut,Shift+Ctrl++,,key,"Duplicate of MENU-0655 (Other Misc > Superscript (Secondary)): the same command, entered twice when shortcuts-30.1.csv and menu-commands-30.1.csv were merged into the matrix. Its evidence moved to MENU-0655; kept out of scope rather than deleted because ids are cited in commits.",~superScript2,,1,out,n/a,verified,docs/parity/menu-commands-30.1.csv,,30.1 .kys and shortcut export (licensed Illustrator 30.1.0),2026-09-24,
MENU-0699,Keyboard/Other: Misc,menu,Other: Misc > … > Subscript (Secondary),Shortcut,Alt+Shift+Ctrl++,,key,"Duplicate of MENU-0654 (Other Misc > Subscript (Secondary)): the same command, entered twice when shortcuts-30.1.csv and menu-commands-30.1.csv were merged into the matrix. Its evidence moved to MENU-0654; kept out of scope rather than deleted because ids are cited in commits.",~subscript2,,1,out,n/a,verified,docs/parity/menu-commands-30.1.csv,,30.1 .kys and shortcut export (licensed Illustrator 30.1.0),2026-09-24,
MENU-0700,Keyboard/Other: Misc,menu,Other: Misc > … > Navigate to Previous Document Group,Shortcut,Alt+Shift+Ctrl+F6,,key,"Duplicate of MENU-0653 (Other Misc > Navigate to Previous Document Group): the same command, entered twice when shortcuts-30.1.csv and menu-commands-30.1.csv were merged into the matrix. Its evidence moved to MENU-0653; kept out of scope rather than deleted because ids are cited in commits.",navigateToPreviousDocumentGroup,,1,out,n/a,verified,docs/parity/menu-commands-30.1.csv,,30.1 .kys and shortcut export (licensed Illustrator 30.1.0),2026-09-24,
MENU-0701,Keyboard/Other: Misc,menu,Other: Misc > … > Navigate to Next Document Group,Shortcut,Alt+Ctrl+F6,,key,"Duplicate of MENU-0652 (Other Misc > Navigate to Next Document Group): the same command, entered twice when shortcuts-30.1.csv and menu-commands-30.1.csv were merged into the matrix. Its evidence moved to MENU-0652; kept out of scope rather than deleted because ids are cited in commits.",navigateToNextDocumentGroup,,1,out,n/a,verified,docs/parity/menu-commands-30.1.csv,,30.1 .kys and shortcut export (licensed Illustrator 30.1.0),2026-09-24,
MENU-0702,Keyboard/Other: Misc,menu,Other: Misc > … > Navigate to Previous Document,Shortcut,Shift+Ctrl+F6,,key,"Duplicate of MENU-0651 (Other Misc > Navigate to Previous Document): the same command, entered twice when shortcuts-30.1.csv and menu-commands-30.1.csv were merged into the matrix. Its evidence moved to MENU-0651; kept out of scope rather than deleted because ids are cited in commits.",navigateToPreviousDocument,,1,out,n/a,verified,docs/parity/menu-commands-30.1.csv,,30.1 .kys and shortcut export (licensed Illustrator 30.1.0),2026-09-24,
MENU-0703,Keyboard/Other: Misc,menu,Other: Misc > … > Navigate to Next Document,Shortcut,Ctrl+F6,,key,"Duplicate of MENU-0650 (Other Misc > Navigate to Next Document): the same command, entered twice when shortcuts-30.1.csv and menu-commands-30.1.csv were merged into the matrix. Its evidence moved to MENU-0650; kept out of scope rather than deleted because ids are cited in commits.",navigateToNextDocument,,1,out,n/a,verified,docs/parity/menu-commands-30.1.csv,,30.1 .kys and shortcut export (licensed Illustrator 30.1.0),2026-09-24,
MENU-0704,Keyboard/Other: Misc,menu,Other: Misc > … > Zoom In (Secondary),Shortcut,Ctrl++,,key,"Duplicate of MENU-0649 (Other Misc > Zoom In (Secondary)): the same command, entered twice when shortcuts-30.1.csv and menu-commands-30.1.csv were merged into the matrix. Its evidence moved to MENU-0649; kept out of scope rather than deleted because ids are cited in commits.",zoomin2,,1,out,n/a,verified,docs/parity/menu-commands-30.1.csv,,30.1 .kys and shortcut export (licensed Illustrator 30.1.0),2026-09-24,
MENU-0705,Keyboard/Other: Misc,menu,Other: Misc > … > Paste (Secondary),Shortcut,F4,,key,"Duplicate of MENU-0648 (Other Misc > Paste (Secondary)): the same command, entered twice when shortcuts-30.1.csv and menu-commands-30.1.csv were merged into the matrix. Its evidence moved to MENU-0648; kept out of scope rather than deleted because ids are cited in commits.",paste2,,1,out,n/a,verified,docs/parity/menu-commands-30.1.csv,,30.1 .kys and shortcut export (licensed Illustrator 30.1.0),2026-09-24,
MENU-0706,Keyboard/Other: Misc,menu,Other: Misc > … > Copy (Secondary),Shortcut,F3,,key,"Duplicate of MENU-0647 (Other Misc > Copy (Secondary)): the same command, entered twice when shortcuts-30.1.csv and menu-commands-30.1.csv were merged into the matrix. Its evidence moved to MENU-0647; kept out of scope rather than deleted because ids are cited in commits.",copy2,,1,out,n/a,verified,docs/parity/menu-commands-30.1.csv,,30.1 .kys and shortcut export (licensed Illustrator 30.1.0),2026-09-24,
MENU-0707,Keyboard/Other: Misc,menu,Other: Misc > … > Cut (Secondary),Shortcut,F2,,key,"Duplicate of MENU-0646 (Other Misc > Cut (Secondary)): the same command, entered twice when shortcuts-30.1.csv and menu-commands-30.1.csv were merged into the matrix. Its evidence moved to MENU-0646; kept out of scope rather than deleted because ids are cited in commits.",cut2,,1,out,n/a,verified,docs/parity/menu-commands-30.1.csv,,30.1 .kys and shortcut export (licensed Illustrator 30.1.0),2026-09-24,
MENU-0708,Keyboard/Other: Misc,menu,Other: Misc > … > New File (No Dialog),Shortcut,Alt+Ctrl+N,,key,"Duplicate of MENU-0643 (Other Misc > New File (No Dialog)): the same command, entered twice when shortcuts-30.1.csv and menu-commands-30.1.csv were merged into the matrix. Its evidence moved to MENU-0643; kept out of scope rather than deleted because ids are cited in commits.",new2,,1,out,n/a,verified,docs/parity/menu-commands-30.1.csv,,30.1 .kys and shortcut export (licensed Illustrator 30.1.0),2026-09-24,
MENU-0709,Keyboard/Other: Misc,menu,Other: Misc > … > Switch Units,Shortcut,Alt+Shift+Ctrl+U,,key,"Duplicate of MENU-0642 (Other Misc > Switch Units): the same command, entered twice when shortcuts-30.1.csv and menu-commands-30.1.csv were merged into the matrix. Its evidence moved to MENU-0642; kept out of scope rather than deleted because ids are cited in commits.",switchUnits,,1,out,n/a,verified,docs/parity/menu-commands-30.1.csv,,30.1 .kys and shortcut export (licensed Illustrator 30.1.0),2026-09-24,
MENU-0710,Keyboard/Other: Object,menu,Other: Object > … > Average & Join,Shortcut,Alt+Shift+Ctrl+J,,key,"Duplicate of MENU-0629 (Other Object > Average & Join): the same command, entered twice when shortcuts-30.1.csv and menu-commands-30.1.csv were merged into the matrix. Its evidence moved to MENU-0629; kept out of scope rather than deleted because ids are cited in commits.",avgAndJoin,,1,out,n/a,verified,docs/parity/menu-commands-30.1.csv,,30.1 .kys and shortcut export (licensed Illustrator 30.1.0),2026-09-24,
MENU-0711,Keyboard/Other: Object,menu,Other: Object > … > Repeat Pathfinder,Shortcut,Ctrl+4,,key,"Duplicate of MENU-0628 (Other Object > Repeat Pathfinder): the same command, entered twice when shortcuts-30.1.csv and menu-commands-30.1.csv were merged into the matrix. Its evidence moved to MENU-0628; kept out of scope rather than deleted because ids are cited in commits.",repeatPathfinder,,1,out,n/a,verified,docs/parity/menu-commands-30.1.csv,,30.1 .kys and shortcut export (licensed Illustrator 30.1.0),2026-09-24,
MENU-0712,Keyboard/Other: Object,menu,Other: Object > … > Hide Others,Shortcut,Alt+Shift+Ctrl+3,,key,"Duplicate of MENU-0627 (Other Object > Hide Others): the same command, entered twice when shortcuts-30.1.csv and menu-commands-30.1.csv were merged into the matrix. Its evidence moved to MENU-0627; kept out of scope rather than deleted because ids are cited in commits.",hide2,,1,out,n/a,verified,docs/parity/menu-commands-30.1.csv,,30.1 .kys and shortcut export (licensed Illustrator 30.1.0),2026-09-24,
MENU-0713,Keyboard/Other: Object,menu,Other: Object > … > Lock Others,Shortcut,Alt+Shift+Ctrl+2,,key,"Duplicate of MENU-0626 (Other Object > Lock Others): the same command, entered twice when shortcuts-30.1.csv and menu-commands-30.1.csv were merged into the matrix. Its evidence moved to MENU-0626; kept out of scope rather than deleted because ids are cited in commits.",lock2,,1,out,n/a,verified,docs/parity/menu-commands-30.1.csv,,30.1 .kys and shortcut export (licensed Illustrator 30.1.0),2026-09-24,
MENU-0714,Keyboard/Other: Text,menu,Other: Text > … > Underline,Shortcut,Shift+Ctrl+U,,key,,~textUnderline,,1,in,planned,verified,docs/parity/menu-commands-30.1.csv,,30.1 .kys and shortcut export (licensed Illustrator 30.1.0),2026-09-24,
MENU-0715,Keyboard/Other: Text,menu,Other: Text > … > Superscript,Shortcut,Shift+Ctrl+=,,key,"Duplicate of MENU-0622 (Other Text > Superscript): the same command, entered twice when shortcuts-30.1.csv and menu-commands-30.1.csv were merged into the matrix. Its evidence moved to MENU-0622; kept out of scope rather than deleted because ids are cited in commits.",~superScript,,1,out,n/a,verified,docs/parity/menu-commands-30.1.csv,,30.1 .kys and shortcut export (licensed Illustrator 30.1.0),2026-09-24,
MENU-0716,Keyboard/Other: Text,menu,Other: Text > … > Subscript,Shortcut,Alt+Shift+Ctrl+=,,key,"Duplicate of MENU-0621 (Other Text > Subscript): the same command, entered twice when shortcuts-30.1.csv and menu-commands-30.1.csv were merged into the matrix. Its evidence moved to MENU-0621; kept out of scope rather than deleted because ids are cited in commits.",~subscript,,1,out,n/a,verified,docs/parity/menu-commands-30.1.csv,,30.1 .kys and shortcut export (licensed Illustrator 30.1.0),2026-09-24,
MENU-0717,Keyboard/Other: Text,menu,Other: Text > … > Toggle Line Composer,Shortcut,Alt+Shift+Ctrl+C,,key,"Duplicate of MENU-0620 (Other Text > Toggle Line Composer): the same command, entered twice when shortcuts-30.1.csv and menu-commands-30.1.csv were merged into the matrix. Its evidence moved to MENU-0620; kept out of scope rather than deleted because ids are cited in commits.",toggleLineComposer,,1,out,n/a,verified,docs/parity/menu-commands-30.1.csv,,30.1 .kys and shortcut export (licensed Illustrator 30.1.0),2026-09-24,
MENU-0718,Keyboard/Other: Text,menu,Other: Text > … > Toggle Auto Hyphenation,Shortcut,Alt+Shift+Ctrl+H,,key,"Duplicate of MENU-0619 (Other Text > Toggle Auto Hyphenation): the same command, entered twice when shortcuts-30.1.csv and menu-commands-30.1.csv were merged into the matrix. Its evidence moved to MENU-0619; kept out of scope rather than deleted because ids are cited in commits.",toggleAutoHyphen,,1,out,n/a,verified,docs/parity/menu-commands-30.1.csv,,30.1 .kys and shortcut export (licensed Illustrator 30.1.0),2026-09-24,
MENU-0719,Keyboard/Other: Text,menu,Other: Text > … > Justify All Lines,Shortcut,Shift+Ctrl+F,,key,"Duplicate of MENU-0618 (Other Text > Justify All Lines): the same command, entered twice when shortcuts-30.1.csv and menu-commands-30.1.csv were merged into the matrix. Its evidence moved to MENU-0618; kept out of scope rather than deleted because ids are cited in commits.",justifyAll,,1,out,n/a,verified,docs/parity/menu-commands-30.1.csv,,30.1 .kys and shortcut export (licensed Illustrator 30.1.0),2026-09-24,
MENU-0720,Keyboard/Other: Text,menu,Other: Text > … > Justify Text Left,Shortcut,Shift+Ctrl+J,,key,"Duplicate of MENU-0615 (Other Text > Justify Text Left): the same command, entered twice when shortcuts-30.1.csv and menu-commands-30.1.csv were merged into the matrix. Its evidence moved to MENU-0615; kept out of scope rather than deleted because ids are cited in commits.",justify,,1,out,n/a,verified,docs/parity/menu-commands-30.1.csv,,30.1 .kys and shortcut export (licensed Illustrator 30.1.0),2026-09-24,
MENU-0721,Keyboard/Other: Text,menu,Other: Text > … > Right Align Text,Shortcut,Shift+Ctrl+R,,key,"Duplicate of MENU-0614 (Other Text > Right Align Text): the same command, entered twice when shortcuts-30.1.csv and menu-commands-30.1.csv were merged into the matrix. Its evidence moved to MENU-0614; kept out of scope rather than deleted because ids are cited in commits.",rightAlign,,1,out,n/a,verified,docs/parity/menu-commands-30.1.csv,,30.1 .kys and shortcut export (licensed Illustrator 30.1.0),2026-09-24,
MENU-0722,Keyboard/Other: Text,menu,Other: Text > … > Center Text,Shortcut,Shift+Ctrl+C,,key,"Duplicate of MENU-0613 (Other Text > Center Text): the same command, entered twice when shortcuts-30.1.csv and menu-commands-30.1.csv were merged into the matrix. Its evidence moved to MENU-0613; kept out of scope rather than deleted because ids are cited in commits.",centerAlign,,1,out,n/a,verified,docs/parity/menu-commands-30.1.csv,,30.1 .kys and shortcut export (licensed Illustrator 30.1.0),2026-09-24,
MENU-0723,Keyboard/Other: Text,menu,Other: Text > … > Left Align Text,Shortcut,Shift+Ctrl+L,,key,"Duplicate of MENU-0612 (Other Text > Left Align Text): the same command, entered twice when shortcuts-30.1.csv and menu-commands-30.1.csv were merged into the matrix. Its evidence moved to MENU-0612; kept out of scope rather than deleted because ids are cited in commits.",leftAlign,,1,out,n/a,verified,docs/parity/menu-commands-30.1.csv,,30.1 .kys and shortcut export (licensed Illustrator 30.1.0),2026-09-24,
MENU-0724,Keyboard/Other: Text,menu,Other: Text > … > Highlight Font,Shortcut,Alt+Shift+Ctrl+F,,key,"Duplicate of MENU-0610 (Other Text > Highlight Font): the same command, entered twice when shortcuts-30.1.csv and menu-commands-30.1.csv were merged into the matrix. Its evidence moved to MENU-0610; kept out of scope rather than deleted because ids are cited in commits.",highlightFont,,1,out,n/a,verified,docs/parity/menu-commands-30.1.csv,,30.1 .kys and shortcut export (licensed Illustrator 30.1.0),2026-09-24,
MENU-0725,Keyboard/Other: Text,menu,Other: Text > … > Uniform Type,Shortcut,Shift+Ctrl+X,,key,"Duplicate of MENU-0609 (Other Text > Uniform Type): the same command, entered twice when shortcuts-30.1.csv and menu-commands-30.1.csv were merged into the matrix. Its evidence moved to MENU-0609; kept out of scope rather than deleted because ids are cited in commits.",clearTypeScale,,1,out,n/a,verified,docs/parity/menu-commands-30.1.csv,,30.1 .kys and shortcut export (licensed Illustrator 30.1.0),2026-09-24,
MENU-0726,Keyboard/Other: Text,menu,Other: Text > … > Spacing,Shortcut,Alt+Shift+Ctrl+O,,key,"Duplicate of MENU-0608 (Other Text > Spacing): the same command, entered twice when shortcuts-30.1.csv and menu-commands-30.1.csv were merged into the matrix. Its evidence moved to MENU-0608; kept out of scope rather than deleted because ids are cited in commits.",spacing,,1,out,n/a,verified,docs/parity/menu-commands-30.1.csv,,30.1 .kys and shortcut export (licensed Illustrator 30.1.0),2026-09-24,
MENU-0727,Keyboard/Other: Text,menu,Other: Text > … > Clear Tracking,Shortcut,Alt+Ctrl+Q,,key,"Duplicate of MENU-0607 (Other Text > Clear Tracking): the same command, entered twice when shortcuts-30.1.csv and menu-commands-30.1.csv were merged into the matrix. Its evidence moved to MENU-0607; kept out of scope rather than deleted because ids are cited in commits.",clearTrack,,1,out,n/a,verified,docs/parity/menu-commands-30.1.csv,,30.1 .kys and shortcut export (licensed Illustrator 30.1.0),2026-09-24,
MENU-0728,Keyboard/Other: Text,menu,Other: Text > … > Tracking,Shortcut,Alt+Ctrl+K,,key,"Duplicate of MENU-0606 (Other Text > Tracking): the same command, entered twice when shortcuts-30.1.csv and menu-commands-30.1.csv were merged into the matrix. Its evidence moved to MENU-0606; kept out of scope rather than deleted because ids are cited in commits.",tracking,,1,out,n/a,verified,docs/parity/menu-commands-30.1.csv,,30.1 .kys and shortcut export (licensed Illustrator 30.1.0),2026-09-24,
MENU-0729,Keyboard/Other: Text,menu,Other: Text > … > Font Size Step Down,Shortcut,"Alt+Shift+Ctrl+,",,key,"Duplicate of MENU-0603 (Other Text > Font Size Step Down): the same command, entered twice when shortcuts-30.1.csv and menu-commands-30.1.csv were merged into the matrix. Its evidence moved to MENU-0603; kept out of scope rather than deleted because ids are cited in commits.",sizeStepDown,,1,out,n/a,verified,docs/parity/menu-commands-30.1.csv,,30.1 .kys and shortcut export (licensed Illustrator 30.1.0),2026-09-24,
MENU-0730,Keyboard/Other: Text,menu,Other: Text > … > Font Size Step Up,Shortcut,Alt+Shift+Ctrl+.,,key,"Duplicate of MENU-0602 (Other Text > Font Size Step Up): the same command, entered twice when shortcuts-30.1.csv and menu-commands-30.1.csv were merged into the matrix. Its evidence moved to MENU-0602; kept out of scope rather than deleted because ids are cited in commits.",sizeStepUp,,1,out,n/a,verified,docs/parity/menu-commands-30.1.csv,,30.1 .kys and shortcut export (licensed Illustrator 30.1.0),2026-09-24,
MENU-0731,Keyboard/Other: Text,menu,Other: Text > … > Point Size Down,Shortcut,"Shift+Ctrl+,",,key,"Duplicate of MENU-0601 (Other Text > Point Size Down): the same command, entered twice when shortcuts-30.1.csv and menu-commands-30.1.csv were merged into the matrix. Its evidence moved to MENU-0601; kept out of scope rather than deleted because ids are cited in commits.",faceSizeDown,,1,out,n/a,verified,docs/parity/menu-commands-30.1.csv,,30.1 .kys and shortcut export (licensed Illustrator 30.1.0),2026-09-24,
MENU-0732,Keyboard/Other: Text,menu,Other: Text > … > Point Size Up,Shortcut,Shift+Ctrl+.,,key,"Duplicate of MENU-0600 (Other Text > Point Size Up): the same command, entered twice when shortcuts-30.1.csv and menu-commands-30.1.csv were merged into the matrix. Its evidence moved to MENU-0600; kept out of scope rather than deleted because ids are cited in commits.",faceSizeUp,,1,out,n/a,verified,docs/parity/menu-commands-30.1.csv,,30.1 .kys and shortcut export (licensed Illustrator 30.1.0),2026-09-24,
MENU-0733,Keyboard/Other: Select,menu,Other: Select > … > Switch Selection Tools,Shortcut,Ctrl+`,,key,"Duplicate of MENU-0599 (Other Select > Switch Selection Tools): the same command, entered twice when shortcuts-30.1.csv and menu-commands-30.1.csv were merged into the matrix. Its evidence moved to MENU-0599; kept out of scope rather than deleted because ids are cited in commits.",switchSelTool,,1,out,n/a,verified,docs/parity/menu-commands-30.1.csv,,30.1 .kys and shortcut export (licensed Illustrator 30.1.0),2026-09-24,
MENU-0734,Menus/(path unknown),menu,debugPalette,Shortcut,Alt+Shift+Ctrl+F12,,key,Internal id only; menu path unknown,debugPalette,,1,in,planned,verified,docs/parity/menu-commands-30.1.csv,,30.1 .kys and shortcut export (licensed Illustrator 30.1.0),2026-09-24,
MENU-0735,Menus/(path unknown),menu,undo2,,,,,Internal id only; menu path unknown,undo2,,1,in,planned,verified,docs/parity/menu-commands-30.1.csv,,30.1 .kys and shortcut export (licensed Illustrator 30.1.0),2026-09-24,
MENU-0736,Menus/(path unknown),menu,helpcontent2,,,,,Internal id only; menu path unknown,helpcontent2,,1,in,planned,verified,docs/parity/menu-commands-30.1.csv,,30.1 .kys and shortcut export (licensed Illustrator 30.1.0),2026-09-24,
MENU-0737,Menus/(path unknown),menu,closeAll2,,,,,Internal id only; menu path unknown,closeAll2,,1,in,planned,verified,docs/parity/menu-commands-30.1.csv,,30.1 .kys and shortcut export (licensed Illustrator 30.1.0),2026-09-24,
MENU-0738,Menus/(path unknown),menu,Debug Panel,Shortcut,Alt+Shift+Ctrl+F11,,key,Internal id only; menu path unknown,Debug Panel,,1,in,planned,verified,docs/parity/menu-commands-30.1.csv,,30.1 .kys and shortcut export (licensed Illustrator 30.1.0),2026-09-24,
MENU-0739,Menus/(path unknown),menu,exitFocus,,,,,Internal id only; menu path unknown,exitFocus,,1,in,planned,verified,docs/parity/menu-commands-30.1.csv,,30.1 .kys and shortcut export (licensed Illustrator 30.1.0),2026-09-24,
MENU-0740,Menus/(path unknown),menu,enterFocus,,,,,Internal id only; menu path unknown,enterFocus,,1,in,planned,verified,docs/parity/menu-commands-30.1.csv,,30.1 .kys and shortcut export (licensed Illustrator 30.1.0),2026-09-24,
MENU-0741,Menus/(path unknown),menu,~textItalic,Shortcut,Shift+Ctrl+I,,key,Internal id only; menu path unknown (text-editing context),~textItalic,,1,in,planned,verified,docs/parity/menu-commands-30.1.csv,,30.1 .kys and shortcut export (licensed Illustrator 30.1.0),2026-09-24,
MENU-0742,Menus/(path unknown),menu,~textBold,Shortcut,Shift+Ctrl+B,,key,Internal id only; menu path unknown (text-editing context),~textBold,,1,in,planned,verified,docs/parity/menu-commands-30.1.csv,,30.1 .kys and shortcut export (licensed Illustrator 30.1.0),2026-09-24,
MENU-0743,Menus/(path unknown),menu,justifyRight,,,,,Internal id only; menu path unknown,justifyRight,,1,in,planned,verified,docs/parity/menu-commands-30.1.csv,,30.1 .kys and shortcut export (licensed Illustrator 30.1.0),2026-09-24,
MENU-0744,Menus/(path unknown),menu,justifyCenter,,,,,Internal id only; menu path unknown,justifyCenter,,1,in,planned,verified,docs/parity/menu-commands-30.1.csv,,30.1 .kys and shortcut export (licensed Illustrator 30.1.0),2026-09-24,
MENU-0745,Menus/(path unknown),menu,highlightFont2,Shortcut,Alt+Shift+Ctrl+M,,key,Internal id only; menu path unknown,highlightFont2,,1,in,planned,verified,docs/parity/menu-commands-30.1.csv,,30.1 .kys and shortcut export (licensed Illustrator 30.1.0),2026-09-24,
MENU-0746,Menus/(path unknown),menu,~kernCloser,Shortcut,Shift+Ctrl+[,,key,Internal id only; menu path unknown (text-editing context),~kernCloser,,1,in,planned,verified,docs/parity/menu-commands-30.1.csv,,30.1 .kys and shortcut export (licensed Illustrator 30.1.0),2026-09-24,
MENU-0747,Menus/(path unknown),menu,~kernFurther,Shortcut,Shift+Ctrl+],,key,Internal id only; menu path unknown (text-editing context),~kernFurther,,1,in,planned,verified,docs/parity/menu-commands-30.1.csv,,30.1 .kys and shortcut export (licensed Illustrator 30.1.0),2026-09-24,
MENU-0748,Menus/(path unknown),menu,systemInfo,,,,,Internal id only; menu path unknown,systemInfo,,1,in,planned,verified,docs/parity/menu-commands-30.1.csv,,30.1 .kys and shortcut export (licensed Illustrator 30.1.0),2026-09-24,
MENU-0749,Menus/(path unknown),menu,wishform,,,,,Internal id only; menu path unknown,wishform,,1,in,planned,verified,docs/parity/menu-commands-30.1.csv,,30.1 .kys and shortcut export (licensed Illustrator 30.1.0),2026-09-24,
MENU-0750,Menus/(path unknown),menu,supportCommunity,,,,,Internal id only; menu path unknown,supportCommunity,,1,in,planned,verified,docs/parity/menu-commands-30.1.csv,,30.1 .kys and shortcut export (licensed Illustrator 30.1.0),2026-09-24,
MENU-0751,Menus/(path unknown),menu,whatsNewContent,,,,,Internal id only; menu path unknown,whatsNewContent,,1,in,planned,verified,docs/parity/menu-commands-30.1.csv,,30.1 .kys and shortcut export (licensed Illustrator 30.1.0),2026-09-24,
MENU-0752,Menus/(path unknown),menu,supportContent,,,,,Internal id only; menu path unknown,supportContent,,1,in,planned,verified,docs/parity/menu-commands-30.1.csv,,30.1 .kys and shortcut export (licensed Illustrator 30.1.0),2026-09-24,
MENU-0753,Menus/(path unknown),menu,AdobeSwatch_ Other libraries menu item,,,,,Internal id only; menu path unknown,AdobeSwatch_ Other libraries menu item,,1,in,planned,verified,docs/parity/menu-commands-30.1.csv,,30.1 .kys and shortcut export (licensed Illustrator 30.1.0),2026-09-24,
MENU-0754,Menus/(path unknown),menu,AdobeBrushMgrUI Other libraries menu item,,,,,Internal id only; menu path unknown,AdobeBrushMgrUI Other libraries menu item,,1,in,planned,verified,docs/parity/menu-commands-30.1.csv,,30.1 .kys and shortcut export (licensed Illustrator 30.1.0),2026-09-24,
MENU-0755,Menus/(path unknown),menu,ReflowWindowMenu,,,,,Internal id only; menu path unknown,ReflowWindowMenu,,1,in,planned,verified,docs/parity/menu-commands-30.1.csv,,30.1 .kys and shortcut export (licensed Illustrator 30.1.0),2026-09-24,
MENU-0756,Menus/(path unknown),menu,ReTypeWindowMenu,,,,,Internal id only; menu path unknown,ReTypeWindowMenu,,1,in,planned,verified,docs/parity/menu-commands-30.1.csv,,30.1 .kys and shortcut export (licensed Illustrator 30.1.0),2026-09-24,
MENU-0757,Menus/(path unknown),menu,Adobe Property Palette,,,,,Internal id only; menu path unknown,Adobe Property Palette,,1,in,planned,verified,docs/parity/menu-commands-30.1.csv,,30.1 .kys and shortcut export (licensed Illustrator 30.1.0),2026-09-24,
MENU-0758,Menus/(path unknown),menu,Adobe Pattern Panel Toggle,,,,,Internal id only; menu path unknown,Adobe Pattern Panel Toggle,,1,in,planned,verified,docs/parity/menu-commands-30.1.csv,,30.1 .kys and shortcut export (licensed Illustrator 30.1.0),2026-09-24,
MENU-0759,Menus/(path unknown),menu,Adobe Vector Edge Panel,,,,,Internal id only; menu path unknown,Adobe Vector Edge Panel,,1,in,planned,verified,docs/parity/menu-commands-30.1.csv,,30.1 .kys and shortcut export (licensed Illustrator 30.1.0),2026-09-24,
MENU-0760,Menus/(path unknown),menu,Adobe CSXS Extension com.adobe.DesignLibraries.angularLibraries,,,,,Internal id only; menu path unknown,Adobe CSXS Extension com.adobe.DesignLibraries.angularLibraries,,1,in,planned,verified,docs/parity/menu-commands-30.1.csv,,30.1 .kys and shortcut export (licensed Illustrator 30.1.0),2026-09-24,
MENU-0761,Menus/(path unknown),menu,Adobe Vectorize Panel,,,,,Internal id only; menu path unknown,Adobe Vectorize Panel,,1,in,planned,verified,docs/parity/menu-commands-30.1.csv,,30.1 .kys and shortcut export (licensed Illustrator 30.1.0),2026-09-24,
MENU-0762,Menus/(path unknown),menu,Adobe History Panel Menu Item,,,,,Internal id only; menu path unknown,Adobe History Panel Menu Item,,1,in,planned,verified,docs/parity/menu-commands-30.1.csv,,30.1 .kys and shortcut export (licensed Illustrator 30.1.0),2026-09-24,
MENU-0763,Menus/(path unknown),menu,Adobe SmartExport Panel Menu Item,,,,,Internal id only; menu path unknown,Adobe SmartExport Panel Menu Item,,1,in,planned,verified,docs/parity/menu-commands-30.1.csv,,30.1 .kys and shortcut export (licensed Illustrator 30.1.0),2026-09-24,
MENU-0764,Menus/(path unknown),menu,Adobe 3D Panel,,,,,Internal id only; menu path unknown,Adobe 3D Panel,,1,in,planned,verified,docs/parity/menu-commands-30.1.csv,,30.1 .kys and shortcut export (licensed Illustrator 30.1.0),2026-09-24,
MENU-0765,Menus/(path unknown),menu,Manage Tools Panel,,,,,Internal id only; menu path unknown,Manage Tools Panel,,1,in,planned,verified,docs/parity/menu-commands-30.1.csv,,30.1 .kys and shortcut export (licensed Illustrator 30.1.0),2026-09-24,
MENU-0766,Menus/(path unknown),menu,New Tools Panel,,,,,Internal id only; menu path unknown,New Tools Panel,,1,in,planned,verified,docs/parity/menu-commands-30.1.csv,,30.1 .kys and shortcut export (licensed Illustrator 30.1.0),2026-09-24,
MENU-0767,Menus/(path unknown),menu,Adobe Quick Toolbar Menu,,,,,Internal id only; menu path unknown,Adobe Quick Toolbar Menu,,1,in,planned,verified,docs/parity/menu-commands-30.1.csv,,30.1 .kys and shortcut export (licensed Illustrator 30.1.0),2026-09-24,
MENU-0768,Menus/(path unknown),menu,Adobe Basic Toolbar Menu,,,,,Internal id only; menu path unknown,Adobe Basic Toolbar Menu,,1,in,planned,verified,docs/parity/menu-commands-30.1.csv,,30.1 .kys and shortcut export (licensed Illustrator 30.1.0),2026-09-24,
MENU-0769,Menus/(path unknown),menu,Adobe Advanced Toolbar Menu,,,,,Internal id only; menu path unknown,Adobe Advanced Toolbar Menu,,1,in,planned,verified,docs/parity/menu-commands-30.1.csv,,30.1 .kys and shortcut export (licensed Illustrator 30.1.0),2026-09-24,
MENU-0770,Menus/(path unknown),menu,drover control palette plugin,,,,,Internal id only; menu path unknown,drover control palette plugin,,1,in,planned,verified,docs/parity/menu-commands-30.1.csv,,30.1 .kys and shortcut export (licensed Illustrator 30.1.0),2026-09-24,
MENU-0771,Menus/(path unknown),menu,Adobe Reset Workspace,,,,,Internal id only; menu path unknown,Adobe Reset Workspace,,1,in,planned,verified,docs/parity/menu-commands-30.1.csv,,30.1 .kys and shortcut export (licensed Illustrator 30.1.0),2026-09-24,
MENU-0772,Menus/(path unknown),menu,Browse Add-Ons Menu,,,,,Internal id only; menu path unknown,Browse Add-Ons Menu,,1,in,planned,verified,docs/parity/menu-commands-30.1.csv,,30.1 .kys and shortcut export (licensed Illustrator 30.1.0),2026-09-24,
MENU-0773,Menus/(path unknown),menu,view10,,,,,Internal id only; menu path unknown,view10,,1,in,planned,verified,docs/parity/menu-commands-30.1.csv,,30.1 .kys and shortcut export (licensed Illustrator 30.1.0),2026-09-24,
MENU-0774,Menus/(path unknown),menu,view9,,,,,Internal id only; menu path unknown,view9,,1,in,planned,verified,docs/parity/menu-commands-30.1.csv,,30.1 .kys and shortcut export (licensed Illustrator 30.1.0),2026-09-24,
MENU-0775,Menus/(path unknown),menu,view8,,,,,Internal id only; menu path unknown,view8,,1,in,planned,verified,docs/parity/menu-commands-30.1.csv,,30.1 .kys and shortcut export (licensed Illustrator 30.1.0),2026-09-24,
MENU-0776,Menus/(path unknown),menu,view7,,,,,Internal id only; menu path unknown,view7,,1,in,planned,verified,docs/parity/menu-commands-30.1.csv,,30.1 .kys and shortcut export (licensed Illustrator 30.1.0),2026-09-24,
MENU-0777,Menus/(path unknown),menu,view6,,,,,Internal id only; menu path unknown,view6,,1,in,planned,verified,docs/parity/menu-commands-30.1.csv,,30.1 .kys and shortcut export (licensed Illustrator 30.1.0),2026-09-24,
MENU-0778,Menus/(path unknown),menu,view5,,,,,Internal id only; menu path unknown,view5,,1,in,planned,verified,docs/parity/menu-commands-30.1.csv,,30.1 .kys and shortcut export (licensed Illustrator 30.1.0),2026-09-24,
MENU-0779,Menus/(path unknown),menu,view4,,,,,Internal id only; menu path unknown,view4,,1,in,planned,verified,docs/parity/menu-commands-30.1.csv,,30.1 .kys and shortcut export (licensed Illustrator 30.1.0),2026-09-24,
MENU-0780,Menus/(path unknown),menu,view3,,,,,Internal id only; menu path unknown,view3,,1,in,planned,verified,docs/parity/menu-commands-30.1.csv,,30.1 .kys and shortcut export (licensed Illustrator 30.1.0),2026-09-24,
MENU-0781,Menus/(path unknown),menu,view2,,,,,Internal id only; menu path unknown,view2,,1,in,planned,verified,docs/parity/menu-commands-30.1.csv,,30.1 .kys and shortcut export (licensed Illustrator 30.1.0),2026-09-24,
MENU-0782,Menus/(path unknown),menu,view1,,,,,Internal id only; menu path unknown,view1,,1,in,planned,verified,docs/parity/menu-commands-30.1.csv,,30.1 .kys and shortcut export (licensed Illustrator 30.1.0),2026-09-24,
MENU-0783,Menus/(path unknown),menu,glyphSnapping,,,,,Internal id only; menu path unknown,glyphSnapping,,1,in,planned,verified,docs/parity/menu-commands-30.1.csv,,30.1 .kys and shortcut export (licensed Illustrator 30.1.0),2026-09-24,
MENU-0784,Menus/(path unknown),menu,pixelconstraints,,,,,Internal id only; menu path unknown,pixelconstraints,,1,in,planned,verified,docs/parity/menu-commands-30.1.csv,,30.1 .kys and shortcut export (licensed Illustrator 30.1.0),2026-09-24,
MENU-0785,Menus/(path unknown),menu,Live Corner Annotator,,,,,Internal id only; menu path unknown,Live Corner Annotator,,1,in,planned,verified,docs/parity/menu-commands-30.1.csv,,30.1 .kys and shortcut export (licensed Illustrator 30.1.0),2026-09-24,
MENU-0786,Menus/(path unknown),menu,rotateViewToSelection,,,,,Internal id only; menu path unknown,rotateViewToSelection,,1,in,planned,verified,docs/parity/menu-commands-30.1.csv,,30.1 .kys and shortcut export (licensed Illustrator 30.1.0),2026-09-24,
MENU-0787,Menus/(path unknown),menu,RotateViewNegative180,,,,,Internal id only; menu path unknown,RotateViewNegative180,,1,in,planned,verified,docs/parity/menu-commands-30.1.csv,,30.1 .kys and shortcut export (licensed Illustrator 30.1.0),2026-09-24,
MENU-0788,Menus/(path unknown),menu,RotateViewNegative150,,,,,Internal id only; menu path unknown,RotateViewNegative150,,1,in,planned,verified,docs/parity/menu-commands-30.1.csv,,30.1 .kys and shortcut export (licensed Illustrator 30.1.0),2026-09-24,
MENU-0789,Menus/(path unknown),menu,RotateViewNegative135,,,,,Internal id only; menu path unknown,RotateViewNegative135,,1,in,planned,verified,docs/parity/menu-commands-30.1.csv,,30.1 .kys and shortcut export (licensed Illustrator 30.1.0),2026-09-24,
MENU-0790,Menus/(path unknown),menu,RotateViewNegative120,,,,,Internal id only; menu path unknown,RotateViewNegative120,,1,in,planned,verified,docs/parity/menu-commands-30.1.csv,,30.1 .kys and shortcut export (licensed Illustrator 30.1.0),2026-09-24,
MENU-0791,Menus/(path unknown),menu,RotateViewNegative90,,,,,Internal id only; menu path unknown,RotateViewNegative90,,1,in,planned,verified,docs/parity/menu-commands-30.1.csv,,30.1 .kys and shortcut export (licensed Illustrator 30.1.0),2026-09-24,
MENU-0792,Menus/(path unknown),menu,RotateViewNegative60,,,,,Internal id only; menu path unknown,RotateViewNegative60,,1,in,planned,verified,docs/parity/menu-commands-30.1.csv,,30.1 .kys and shortcut export (licensed Illustrator 30.1.0),2026-09-24,
MENU-0793,Menus/(path unknown),menu,RotateViewNegative45,,,,,Internal id only; menu path unknown,RotateViewNegative45,,1,in,planned,verified,docs/parity/menu-commands-30.1.csv,,30.1 .kys and shortcut export (licensed Illustrator 30.1.0),2026-09-24,
MENU-0794,Menus/(path unknown),menu,RotateViewNegative30,,,,,Internal id only; menu path unknown,RotateViewNegative30,,1,in,planned,verified,docs/parity/menu-commands-30.1.csv,,30.1 .kys and shortcut export (licensed Illustrator 30.1.0),2026-09-24,
MENU-0795,Menus/(path unknown),menu,RotateViewNegative15,,,,,Internal id only; menu path unknown,RotateViewNegative15,,1,in,planned,verified,docs/parity/menu-commands-30.1.csv,,30.1 .kys and shortcut export (licensed Illustrator 30.1.0),2026-09-24,
MENU-0796,Menus/(path unknown),menu,RotateViewZero,,,,,Internal id only; menu path unknown,RotateViewZero,,1,in,planned,verified,docs/parity/menu-commands-30.1.csv,,30.1 .kys and shortcut export (licensed Illustrator 30.1.0),2026-09-24,
MENU-0797,Menus/(path unknown),menu,RotateView15,,,,,Internal id only; menu path unknown,RotateView15,,1,in,planned,verified,docs/parity/menu-commands-30.1.csv,,30.1 .kys and shortcut export (licensed Illustrator 30.1.0),2026-09-24,
MENU-0798,Menus/(path unknown),menu,RotateView30,,,,,Internal id only; menu path unknown,RotateView30,,1,in,planned,verified,docs/parity/menu-commands-30.1.csv,,30.1 .kys and shortcut export (licensed Illustrator 30.1.0),2026-09-24,
MENU-0799,Menus/(path unknown),menu,RotateView45,,,,,Internal id only; menu path unknown,RotateView45,,1,in,planned,verified,docs/parity/menu-commands-30.1.csv,,30.1 .kys and shortcut export (licensed Illustrator 30.1.0),2026-09-24,
MENU-0800,Menus/(path unknown),menu,RotateView60,,,,,Internal id only; menu path unknown,RotateView60,,1,in,planned,verified,docs/parity/menu-commands-30.1.csv,,30.1 .kys and shortcut export (licensed Illustrator 30.1.0),2026-09-24,
MENU-0801,Menus/(path unknown),menu,RotateView90,,,,,Internal id only; menu path unknown,RotateView90,,1,in,planned,verified,docs/parity/menu-commands-30.1.csv,,30.1 .kys and shortcut export (licensed Illustrator 30.1.0),2026-09-24,
MENU-0802,Menus/(path unknown),menu,RotateView120,,,,,Internal id only; menu path unknown,RotateView120,,1,in,planned,verified,docs/parity/menu-commands-30.1.csv,,30.1 .kys and shortcut export (licensed Illustrator 30.1.0),2026-09-24,
MENU-0803,Menus/(path unknown),menu,RotateView135,,,,,Internal id only; menu path unknown,RotateView135,,1,in,planned,verified,docs/parity/menu-commands-30.1.csv,,30.1 .kys and shortcut export (licensed Illustrator 30.1.0),2026-09-24,
MENU-0804,Menus/(path unknown),menu,RotateView150,,,,,Internal id only; menu path unknown,RotateView150,,1,in,planned,verified,docs/parity/menu-commands-30.1.csv,,30.1 .kys and shortcut export (licensed Illustrator 30.1.0),2026-09-24,
MENU-0805,Menus/(path unknown),menu,RotateView180,,,,,Internal id only; menu path unknown,RotateView180,,1,in,planned,verified,docs/parity/menu-commands-30.1.csv,,30.1 .kys and shortcut export (licensed Illustrator 30.1.0),2026-09-24,
MENU-0806,Menus/(path unknown),menu,Adobe Presentation Mode,,,,,Internal id only; menu path unknown,Adobe Presentation Mode,,1,in,planned,verified,docs/parity/menu-commands-30.1.csv,,30.1 .kys and shortcut export (licensed Illustrator 30.1.0),2026-09-24,
MENU-0807,Menus/(path unknown),menu,TrimView,,,,,Internal id only; menu path unknown,TrimView,,1,in,planned,verified,docs/parity/menu-commands-30.1.csv,,30.1 .kys and shortcut export (licensed Illustrator 30.1.0),2026-09-24,
MENU-0808,Menus/(path unknown),menu,Live PSAdapter_plugin_Grn ,,,,,Internal id only; menu path unknown,Live PSAdapter_plugin_Grn ,,1,in,planned,verified,docs/parity/menu-commands-30.1.csv,,30.1 .kys and shortcut export (licensed Illustrator 30.1.0),2026-09-24,
MENU-0809,Menus/(path unknown),menu,Live PSAdapter_plugin_Gls ,,,,,Internal id only; menu path unknown,Live PSAdapter_plugin_Gls ,,1,in,planned,verified,docs/parity/menu-commands-30.1.csv,,30.1 .kys and shortcut export (licensed Illustrator 30.1.0),2026-09-24,
MENU-0810,Menus/(path unknown),menu,Live PSAdapter_plugin_Spt ,,,,,Internal id only; menu path unknown,Live PSAdapter_plugin_Spt ,,1,in,planned,verified,docs/parity/menu-commands-30.1.csv,,30.1 .kys and shortcut export (licensed Illustrator 30.1.0),2026-09-24,
MENU-0811,Menus/(path unknown),menu,Live Adobe PSL Gaussian Blur,,,,,Internal id only; menu path unknown,Live Adobe PSL Gaussian Blur,,1,in,planned,verified,docs/parity/menu-commands-30.1.csv,,30.1 .kys and shortcut export (licensed Illustrator 30.1.0),2026-09-24,
MENU-0812,Menus/(path unknown),menu,Live PSAdapter_plugin_Ct  ,,,,,Internal id only; menu path unknown,Live PSAdapter_plugin_Ct  ,,1,in,planned,verified,docs/parity/menu-commands-30.1.csv,,30.1 .kys and shortcut export (licensed Illustrator 30.1.0),2026-09-24,
MENU-0813,Menus/(path unknown),menu,Live Adobe Geometry3D Materials,,,,,Internal id only; menu path unknown,Live Adobe Geometry3D Materials,,1,in,planned,verified,docs/parity/menu-commands-30.1.csv,,30.1 .kys and shortcut export (licensed Illustrator 30.1.0),2026-09-24,
MENU-0814,Menus/(path unknown),menu,Live Adobe Geometry3D Rotate,,,,,Internal id only; menu path unknown,Live Adobe Geometry3D Rotate,,1,in,planned,verified,docs/parity/menu-commands-30.1.csv,,30.1 .kys and shortcut export (licensed Illustrator 30.1.0),2026-09-24,
MENU-0815,Menus/(path unknown),menu,Live Adobe Geometry3D Inflate,,,,,Internal id only; menu path unknown,Live Adobe Geometry3D Inflate,,1,in,planned,verified,docs/parity/menu-commands-30.1.csv,,30.1 .kys and shortcut export (licensed Illustrator 30.1.0),2026-09-24,
MENU-0816,Menus/(path unknown),menu,Live Adobe Geometry3D Revolve,,,,,Internal id only; menu path unknown,Live Adobe Geometry3D Revolve,,1,in,planned,verified,docs/parity/menu-commands-30.1.csv,,30.1 .kys and shortcut export (licensed Illustrator 30.1.0),2026-09-24,
MENU-0817,Menus/(path unknown),menu,Live Adobe Geometry3D Extrude,,,,,Internal id only; menu path unknown,Live Adobe Geometry3D Extrude,,1,in,planned,verified,docs/parity/menu-commands-30.1.csv,,30.1 .kys and shortcut export (licensed Illustrator 30.1.0),2026-09-24,
MENU-0818,Menus/(path unknown),menu,Selection Hat 14,,,,,Internal id only; menu path unknown,Selection Hat 14,,1,in,planned,verified,docs/parity/menu-commands-30.1.csv,,30.1 .kys and shortcut export (licensed Illustrator 30.1.0),2026-09-24,
MENU-0819,Menus/(path unknown),menu,SmartEdit Menu Item,,,,,Internal id only; menu path unknown,SmartEdit Menu Item,,1,in,planned,verified,docs/parity/menu-commands-30.1.csv,,30.1 .kys and shortcut export (licensed Illustrator 30.1.0),2026-09-24,
MENU-0820,Menus/(path unknown),menu,Area Text Objects menu item,,,,,Internal id only; menu path unknown,Area Text Objects menu item,,1,in,planned,verified,docs/parity/menu-commands-30.1.csv,,30.1 .kys and shortcut export (licensed Illustrator 30.1.0),2026-09-24,
MENU-0821,Menus/(path unknown),menu,Point Text Objects menu item,,,,,Internal id only; menu path unknown,Point Text Objects menu item,,1,in,planned,verified,docs/parity/menu-commands-30.1.csv,,30.1 .kys and shortcut export (licensed Illustrator 30.1.0),2026-09-24,
MENU-0822,Menus/(path unknown),menu,Find Text Fill Stroke Color menu item,,,,,Internal id only; menu path unknown,Find Text Fill Stroke Color menu item,,1,in,planned,verified,docs/parity/menu-commands-30.1.csv,,30.1 .kys and shortcut export (licensed Illustrator 30.1.0),2026-09-24,
MENU-0823,Menus/(path unknown),menu,Find Text Stroke Color menu item,,,,,Internal id only; menu path unknown,Find Text Stroke Color menu item,,1,in,planned,verified,docs/parity/menu-commands-30.1.csv,,30.1 .kys and shortcut export (licensed Illustrator 30.1.0),2026-09-24,
MENU-0824,Menus/(path unknown),menu,Find Text Fill Color menu item,,,,,Internal id only; menu path unknown,Find Text Fill Color menu item,,1,in,planned,verified,docs/parity/menu-commands-30.1.csv,,30.1 .kys and shortcut export (licensed Illustrator 30.1.0),2026-09-24,
MENU-0825,Menus/(path unknown),menu,Find Text Font Size menu item,,,,,Internal id only; menu path unknown,Find Text Font Size menu item,,1,in,planned,verified,docs/parity/menu-commands-30.1.csv,,30.1 .kys and shortcut export (licensed Illustrator 30.1.0),2026-09-24,
MENU-0826,Menus/(path unknown),menu,Find Text Font Family Style Size menu item,,,,,Internal id only; menu path unknown,Find Text Font Family Style Size menu item,,1,in,planned,verified,docs/parity/menu-commands-30.1.csv,,30.1 .kys and shortcut export (licensed Illustrator 30.1.0),2026-09-24,
MENU-0827,Menus/(path unknown),menu,Find Text Font Family Style menu item,,,,,Internal id only; menu path unknown,Find Text Font Family Style menu item,,1,in,planned,verified,docs/parity/menu-commands-30.1.csv,,30.1 .kys and shortcut export (licensed Illustrator 30.1.0),2026-09-24,
MENU-0828,Menus/(path unknown),menu,Find Text Font Family menu item,,,,,Internal id only; menu path unknown,Find Text Font Family menu item,,1,in,planned,verified,docs/parity/menu-commands-30.1.csv,,30.1 .kys and shortcut export (licensed Illustrator 30.1.0),2026-09-24,
MENU-0829,Menus/(path unknown),menu,Find Live Shape menu item,,,,,Internal id only; menu path unknown,Find Live Shape menu item,,1,in,planned,verified,docs/parity/menu-commands-30.1.csv,,30.1 .kys and shortcut export (licensed Illustrator 30.1.0),2026-09-24,
MENU-0830,Menus/(path unknown),menu,convertlegacyText4,,,,,Internal id only; menu path unknown,convertlegacyText4,,1,in,planned,verified,docs/parity/menu-commands-30.1.csv,,30.1 .kys and shortcut export (licensed Illustrator 30.1.0),2026-09-24,
MENU-0831,Menus/(path unknown),menu,convertlegacyText3,,,,,Internal id only; menu path unknown,convertlegacyText3,,1,in,planned,verified,docs/parity/menu-commands-30.1.csv,,30.1 .kys and shortcut export (licensed Illustrator 30.1.0),2026-09-24,
MENU-0832,Menus/(path unknown),menu,convertlegacyText2,,,,,Internal id only; menu path unknown,convertlegacyText2,,1,in,planned,verified,docs/parity/menu-commands-30.1.csv,,30.1 .kys and shortcut export (licensed Illustrator 30.1.0),2026-09-24,
MENU-0833,Menus/(path unknown),menu,convertlegacyText1,,,,,Internal id only; menu path unknown,convertlegacyText1,,1,in,planned,verified,docs/parity/menu-commands-30.1.csv,,30.1 .kys and shortcut export (licensed Illustrator 30.1.0),2026-09-24,
MENU-0834,Menus/(path unknown),menu,convertlegacyText,,,,,Internal id only; menu path unknown,convertlegacyText,,1,in,planned,verified,docs/parity/menu-commands-30.1.csv,,30.1 .kys and shortcut export (licensed Illustrator 30.1.0),2026-09-24,
MENU-0835,Menus/(path unknown),menu,~placeHolderText,,,,,Internal id only; menu path unknown,~placeHolderText,,1,in,planned,verified,docs/parity/menu-commands-30.1.csv,,30.1 .kys and shortcut export (licensed Illustrator 30.1.0),2026-09-24,
MENU-0836,Menus/(path unknown),menu,~forcedLineBreak,,,,,Internal id only; menu path unknown,~forcedLineBreak,,1,in,planned,verified,docs/parity/menu-commands-30.1.csv,,30.1 .kys and shortcut export (licensed Illustrator 30.1.0),2026-09-24,
MENU-0837,Menus/(path unknown),menu,~thinSpace,Shortcut,Alt+Shift+Ctrl+M,,key,Internal id only; menu path unknown (text-editing context),~thinSpace,,1,in,planned,verified,docs/parity/menu-commands-30.1.csv,,30.1 .kys and shortcut export (licensed Illustrator 30.1.0),2026-09-24,
MENU-0838,Menus/(path unknown),menu,~hairSpace,,,,,Internal id only; menu path unknown,~hairSpace,,1,in,planned,verified,docs/parity/menu-commands-30.1.csv,,30.1 .kys and shortcut export (licensed Illustrator 30.1.0),2026-09-24,
MENU-0839,Menus/(path unknown),menu,~nonBreakingSpace,,,,,Internal id only; menu path unknown,~nonBreakingSpace,,1,in,planned,verified,docs/parity/menu-commands-30.1.csv,,30.1 .kys and shortcut export (licensed Illustrator 30.1.0),2026-09-24,
MENU-0840,Menus/(path unknown),menu,~enSpace,Shortcut,Shift+Ctrl+N,,key,Internal id only; menu path unknown (text-editing context),~enSpace,,1,in,planned,verified,docs/parity/menu-commands-30.1.csv,,30.1 .kys and shortcut export (licensed Illustrator 30.1.0),2026-09-24,
MENU-0841,Menus/(path unknown),menu,~emSpace,Shortcut,Shift+Ctrl+M,,key,Internal id only; menu path unknown (text-editing context),~emSpace,,1,in,planned,verified,docs/parity/menu-commands-30.1.csv,,30.1 .kys and shortcut export (licensed Illustrator 30.1.0),2026-09-24,
MENU-0842,Menus/(path unknown),menu,Adobe IllustratorUI Resolve Missing Font,,,,,Internal id only; menu path unknown,Adobe IllustratorUI Resolve Missing Font,,1,in,planned,verified,docs/parity/menu-commands-30.1.csv,,30.1 .kys and shortcut export (licensed Illustrator 30.1.0),2026-09-24,
MENU-0843,Menus/(path unknown),menu,textpathtypeOptions,,,,,Internal id only; menu path unknown,textpathtypeOptions,,1,in,planned,verified,docs/parity/menu-commands-30.1.csv,,30.1 .kys and shortcut export (licensed Illustrator 30.1.0),2026-09-24,
MENU-0844,Menus/(path unknown),menu,textpathtypeGravity,,,,,Internal id only; menu path unknown,textpathtypeGravity,,1,in,planned,verified,docs/parity/menu-commands-30.1.csv,,30.1 .kys and shortcut export (licensed Illustrator 30.1.0),2026-09-24,
MENU-0845,Menus/(path unknown),menu,textpathtypestairs,,,,,Internal id only; menu path unknown,textpathtypestairs,,1,in,planned,verified,docs/parity/menu-commands-30.1.csv,,30.1 .kys and shortcut export (licensed Illustrator 30.1.0),2026-09-24,
MENU-0846,Menus/(path unknown),menu,textpathtype3d,,,,,Internal id only; menu path unknown,textpathtype3d,,1,in,planned,verified,docs/parity/menu-commands-30.1.csv,,30.1 .kys and shortcut export (licensed Illustrator 30.1.0),2026-09-24,
MENU-0847,Menus/(path unknown),menu,textpathtypeSkew,,,,,Internal id only; menu path unknown,textpathtypeSkew,,1,in,planned,verified,docs/parity/menu-commands-30.1.csv,,30.1 .kys and shortcut export (licensed Illustrator 30.1.0),2026-09-24,
MENU-0848,Menus/(path unknown),menu,textpathtypeRainbow,,,,,Internal id only; menu path unknown,textpathtypeRainbow,,1,in,planned,verified,docs/parity/menu-commands-30.1.csv,,30.1 .kys and shortcut export (licensed Illustrator 30.1.0),2026-09-24,
MENU-0849,Menus/(path unknown),menu,areatextoptions,,,,,Internal id only; menu path unknown,areatextoptions,,1,in,planned,verified,docs/parity/menu-commands-30.1.csv,,30.1 .kys and shortcut export (licensed Illustrator 30.1.0),2026-09-24,
MENU-0850,Menus/(path unknown),menu,point-area,,,,,Internal id only; menu path unknown,point-area,,1,in,planned,verified,docs/parity/menu-commands-30.1.csv,,30.1 .kys and shortcut export (licensed Illustrator 30.1.0),2026-09-24,
MENU-0851,Menus/(path unknown),menu,Browse Typekit Fonts Menu IllustratorUI,,,,,Internal id only; menu path unknown,Browse Typekit Fonts Menu IllustratorUI,,1,in,planned,verified,docs/parity/menu-commands-30.1.csv,,30.1 .kys and shortcut export (licensed Illustrator 30.1.0),2026-09-24,
MENU-0852,Menus/(path unknown),menu,collectForExportMultipleAsset,,,,,Internal id only; menu path unknown,collectForExportMultipleAsset,,1,in,planned,verified,docs/parity/menu-commands-30.1.csv,,30.1 .kys and shortcut export (licensed Illustrator 30.1.0),2026-09-24,
MENU-0853,Menus/(path unknown),menu,collectForExportSingleAsset,,,,,Internal id only; menu path unknown,collectForExportSingleAsset,,1,in,planned,verified,docs/parity/menu-commands-30.1.csv,,30.1 .kys and shortcut export (licensed Illustrator 30.1.0),2026-09-24,
MENU-0854,Menus/(path unknown),menu,Switch Orientation,,,,,Internal id only; menu path unknown,Switch Orientation,,1,in,planned,verified,docs/parity/menu-commands-30.1.csv,,30.1 .kys and shortcut export (licensed Illustrator 30.1.0),2026-09-24,
MENU-0855,Menus/(path unknown),menu,Text Wrap Options...,,,,,Internal id only; menu path unknown,Text Wrap Options...,,1,in,planned,verified,docs/parity/menu-commands-30.1.csv,,30.1 .kys and shortcut export (licensed Illustrator 30.1.0),2026-09-24,
MENU-0856,Menus/(path unknown),menu,Expand Image Tracing,,,,,Internal id only; menu path unknown,Expand Image Tracing,,1,in,planned,verified,docs/parity/menu-commands-30.1.csv,,30.1 .kys and shortcut export (licensed Illustrator 30.1.0),2026-09-24,
MENU-0857,Menus/(path unknown),menu,Release Image Tracing,,,,,Internal id only; menu path unknown,Release Image Tracing,,1,in,planned,verified,docs/parity/menu-commands-30.1.csv,,30.1 .kys and shortcut export (licensed Illustrator 30.1.0),2026-09-24,
MENU-0858,Menus/(path unknown),menu,Make and Expand Image Tracing,,,,,Internal id only; menu path unknown,Make and Expand Image Tracing,,1,in,planned,verified,docs/parity/menu-commands-30.1.csv,,30.1 .kys and shortcut export (licensed Illustrator 30.1.0),2026-09-24,
MENU-0859,Menus/(path unknown),menu,Make Image Tracing,,,,,Internal id only; menu path unknown,Make Image Tracing,,1,in,planned,verified,docs/parity/menu-commands-30.1.csv,,30.1 .kys and shortcut export (licensed Illustrator 30.1.0),2026-09-24,
MENU-0860,Menus/(path unknown),menu,Edit Vector Edge,,,,,Internal id only; menu path unknown,Edit Vector Edge,,1,in,planned,verified,docs/parity/menu-commands-30.1.csv,,30.1 .kys and shortcut export (licensed Illustrator 30.1.0),2026-09-24,
MENU-0861,Menus/(path unknown),menu,Release Vector Edge,,,,,Internal id only; menu path unknown,Release Vector Edge,,1,in,planned,verified,docs/parity/menu-commands-30.1.csv,,30.1 .kys and shortcut export (licensed Illustrator 30.1.0),2026-09-24,
MENU-0862,Menus/(path unknown),menu,Make Vector Edge,,,,,Internal id only; menu path unknown,Make Vector Edge,,1,in,planned,verified,docs/parity/menu-commands-30.1.csv,,30.1 .kys and shortcut export (licensed Illustrator 30.1.0),2026-09-24,
MENU-0863,Menus/(path unknown),menu,Expand Objects on Path,,,,,Internal id only; menu path unknown,Expand Objects on Path,,1,in,planned,verified,docs/parity/menu-commands-30.1.csv,,30.1 .kys and shortcut export (licensed Illustrator 30.1.0),2026-09-24,
MENU-0864,Menus/(path unknown),menu,Options Objects on Path,,,,,Internal id only; menu path unknown,Options Objects on Path,,1,in,planned,verified,docs/parity/menu-commands-30.1.csv,,30.1 .kys and shortcut export (licensed Illustrator 30.1.0),2026-09-24,
MENU-0865,Menus/(path unknown),menu,Attach Objects on Path,,,,,Internal id only; menu path unknown,Attach Objects on Path,,1,in,planned,verified,docs/parity/menu-commands-30.1.csv,,30.1 .kys and shortcut export (licensed Illustrator 30.1.0),2026-09-24,
MENU-0866,Menus/(path unknown),menu,Repeat Art Options,,,,,Internal id only; menu path unknown,Repeat Art Options,,1,in,planned,verified,docs/parity/menu-commands-30.1.csv,,30.1 .kys and shortcut export (licensed Illustrator 30.1.0),2026-09-24,
MENU-0867,Menus/(path unknown),menu,Release Repeat Art,,,,,Internal id only; menu path unknown,Release Repeat Art,,1,in,planned,verified,docs/parity/menu-commands-30.1.csv,,30.1 .kys and shortcut export (licensed Illustrator 30.1.0),2026-09-24,
MENU-0868,Menus/(path unknown),menu,Make Symmetry Repeat,,,,,Internal id only; menu path unknown,Make Symmetry Repeat,,1,in,planned,verified,docs/parity/menu-commands-30.1.csv,,30.1 .kys and shortcut export (licensed Illustrator 30.1.0),2026-09-24,
MENU-0869,Menus/(path unknown),menu,Make Grid Repeat,,,,,Internal id only; menu path unknown,Make Grid Repeat,,1,in,planned,verified,docs/parity/menu-commands-30.1.csv,,30.1 .kys and shortcut export (licensed Illustrator 30.1.0),2026-09-24,
MENU-0870,Menus/(path unknown),menu,Make Radial Repeat,,,,,Internal id only; menu path unknown,Make Radial Repeat,,1,in,planned,verified,docs/parity/menu-commands-30.1.csv,,30.1 .kys and shortcut export (licensed Illustrator 30.1.0),2026-09-24,
MENU-0871,Menus/(path unknown),menu,Partial Rearrange Edit,,,,,Internal id only; menu path unknown,Partial Rearrange Edit,,1,in,planned,verified,docs/parity/menu-commands-30.1.csv,,30.1 .kys and shortcut export (licensed Illustrator 30.1.0),2026-09-24,
MENU-0872,Menus/(path unknown),menu,Partial Rearrange Release,,,,,Internal id only; menu path unknown,Partial Rearrange Release,,1,in,planned,verified,docs/parity/menu-commands-30.1.csv,,30.1 .kys and shortcut export (licensed Illustrator 30.1.0),2026-09-24,
MENU-0873,Menus/(path unknown),menu,Partial Rearrange Make,,,,,Internal id only; menu path unknown,Partial Rearrange Make,,1,in,planned,verified,docs/parity/menu-commands-30.1.csv,,30.1 .kys and shortcut export (licensed Illustrator 30.1.0),2026-09-24,
MENU-0874,Menus/(path unknown),menu,Adobe Pattern Tile Color,,,,,Internal id only; menu path unknown,Adobe Pattern Tile Color,,1,in,planned,verified,docs/parity/menu-commands-30.1.csv,,30.1 .kys and shortcut export (licensed Illustrator 30.1.0),2026-09-24,
MENU-0875,Menus/(path unknown),menu,Adobe Make Pattern,,,,,Internal id only; menu path unknown,Adobe Make Pattern,,1,in,planned,verified,docs/parity/menu-commands-30.1.csv,,30.1 .kys and shortcut export (licensed Illustrator 30.1.0),2026-09-24,
MENU-0876,Menus/(path unknown),menu,Expand Shape,,,,,Internal id only; menu path unknown,Expand Shape,,1,in,planned,verified,docs/parity/menu-commands-30.1.csv,,30.1 .kys and shortcut export (licensed Illustrator 30.1.0),2026-09-24,
MENU-0877,Menus/(path unknown),menu,Convert to Shape,,,,,Internal id only; menu path unknown,Convert to Shape,,1,in,planned,verified,docs/parity/menu-commands-30.1.csv,,30.1 .kys and shortcut export (licensed Illustrator 30.1.0),2026-09-24,
MENU-0878,Menus/(path unknown),menu,Rows and Columns....,,,,,Internal id only; menu path unknown,Rows and Columns....,,1,in,planned,verified,docs/parity/menu-commands-30.1.csv,,30.1 .kys and shortcut export (licensed Illustrator 30.1.0),2026-09-24,
MENU-0879,Menus/(path unknown),menu,smooth menu item,,,,,Internal id only; menu path unknown,smooth menu item,,1,in,planned,verified,docs/parity/menu-commands-30.1.csv,,30.1 .kys and shortcut export (licensed Illustrator 30.1.0),2026-09-24,
MENU-0880,Menus/(path unknown),menu,Reverse Path Direction,,,,,Internal id only; menu path unknown,Reverse Path Direction,,1,in,planned,verified,docs/parity/menu-commands-30.1.csv,,30.1 .kys and shortcut export (licensed Illustrator 30.1.0),2026-09-24,
MENU-0881,Menus/(path unknown),menu,GenAIConsolidatedVariations,,,,,Internal id only; menu path unknown,GenAIConsolidatedVariations,,1,in,planned,verified,docs/parity/menu-commands-30.1.csv,,30.1 .kys and shortcut export (licensed Illustrator 30.1.0),2026-09-24,
MENU-0882,Menus/(path unknown),menu,GenAIConsolidatedPatterns,,,,,Internal id only; menu path unknown,GenAIConsolidatedPatterns,,1,in,planned,verified,docs/parity/menu-commands-30.1.csv,,30.1 .kys and shortcut export (licensed Illustrator 30.1.0),2026-09-24,
MENU-0883,Menus/(path unknown),menu,GenAIConsolidatedRecolor,,,,,Internal id only; menu path unknown,GenAIConsolidatedRecolor,,1,in,planned,verified,docs/parity/menu-commands-30.1.csv,,30.1 .kys and shortcut export (licensed Illustrator 30.1.0),2026-09-24,
MENU-0884,Menus/(path unknown),menu,GenAIConsolidatedBleed,,,,,Internal id only; menu path unknown,GenAIConsolidatedBleed,,1,in,planned,verified,docs/parity/menu-commands-30.1.csv,,30.1 .kys and shortcut export (licensed Illustrator 30.1.0),2026-09-24,
MENU-0885,Menus/(path unknown),menu,Gen Expand Object Combine,,,,,Internal id only; menu path unknown,Gen Expand Object Combine,,1,in,planned,verified,docs/parity/menu-commands-30.1.csv,,30.1 .kys and shortcut export (licensed Illustrator 30.1.0),2026-09-24,
MENU-0886,Menus/(path unknown),menu,Gen Expand Object Make,,,,,Internal id only; menu path unknown,Gen Expand Object Make,,1,in,planned,verified,docs/parity/menu-commands-30.1.csv,,30.1 .kys and shortcut export (licensed Illustrator 30.1.0),2026-09-24,
MENU-0887,Menus/(path unknown),menu,GenAIConsolidatedShapeFill,,,,,Internal id only; menu path unknown,GenAIConsolidatedShapeFill,,1,in,planned,verified,docs/parity/menu-commands-30.1.csv,,30.1 .kys and shortcut export (licensed Illustrator 30.1.0),2026-09-24,
MENU-0888,Menus/(path unknown),menu,GenAIConsolidatedGenerateVectors,,,,,Internal id only; menu path unknown,GenAIConsolidatedGenerateVectors,,1,in,planned,verified,docs/parity/menu-commands-30.1.csv,,30.1 .kys and shortcut export (licensed Illustrator 30.1.0),2026-09-24,
MENU-0889,Menus/(path unknown),menu,Make Pixel Perfect,,,,,Internal id only; menu path unknown,Make Pixel Perfect,,1,in,planned,verified,docs/parity/menu-commands-30.1.csv,,30.1 .kys and shortcut export (licensed Illustrator 30.1.0),2026-09-24,
MENU-0890,Menus/(path unknown),menu,Crop Image,,,,,Internal id only; menu path unknown,Crop Image,,1,in,planned,verified,docs/parity/menu-commands-30.1.csv,,30.1 .kys and shortcut export (licensed Illustrator 30.1.0),2026-09-24,
MENU-0891,Menus/(path unknown),menu,Horizontal Distribute Right,,,,,Internal id only; menu path unknown,Horizontal Distribute Right,,1,in,planned,verified,docs/parity/menu-commands-30.1.csv,,30.1 .kys and shortcut export (licensed Illustrator 30.1.0),2026-09-24,
MENU-0892,Menus/(path unknown),menu,Horizontal Distribute Center,,,,,Internal id only; menu path unknown,Horizontal Distribute Center,,1,in,planned,verified,docs/parity/menu-commands-30.1.csv,,30.1 .kys and shortcut export (licensed Illustrator 30.1.0),2026-09-24,
MENU-0893,Menus/(path unknown),menu,Horizontal Distribute Left,,,,,Internal id only; menu path unknown,Horizontal Distribute Left,,1,in,planned,verified,docs/parity/menu-commands-30.1.csv,,30.1 .kys and shortcut export (licensed Illustrator 30.1.0),2026-09-24,
MENU-0894,Menus/(path unknown),menu,Vertical Distribute Bottom,,,,,Internal id only; menu path unknown,Vertical Distribute Bottom,,1,in,planned,verified,docs/parity/menu-commands-30.1.csv,,30.1 .kys and shortcut export (licensed Illustrator 30.1.0),2026-09-24,
MENU-0895,Menus/(path unknown),menu,Vertical Distribute Center,,,,,Internal id only; menu path unknown,Vertical Distribute Center,,1,in,planned,verified,docs/parity/menu-commands-30.1.csv,,30.1 .kys and shortcut export (licensed Illustrator 30.1.0),2026-09-24,
MENU-0896,Menus/(path unknown),menu,Vertical Distribute Top,,,,,Internal id only; menu path unknown,Vertical Distribute Top,,1,in,planned,verified,docs/parity/menu-commands-30.1.csv,,30.1 .kys and shortcut export (licensed Illustrator 30.1.0),2026-09-24,
MENU-0897,Menus/(path unknown),menu,DevicesPref,,,,,Internal id only; menu path unknown,DevicesPref,,1,in,planned,verified,docs/parity/menu-commands-30.1.csv,,30.1 .kys and shortcut export (licensed Illustrator 30.1.0),2026-09-24,
MENU-0898,Menus/(path unknown),menu,ClipboardPref,,,,,Internal id only; menu path unknown,ClipboardPref,,1,in,planned,verified,docs/parity/menu-commands-30.1.csv,,30.1 .kys and shortcut export (licensed Illustrator 30.1.0),2026-09-24,
MENU-0899,Menus/(path unknown),menu,FilePref,,,,,Internal id only; menu path unknown,FilePref,,1,in,planned,verified,docs/parity/menu-commands-30.1.csv,,30.1 .kys and shortcut export (licensed Illustrator 30.1.0),2026-09-24,
MENU-0900,Menus/(path unknown),menu,GPUPerformancePref,,,,,Internal id only; menu path unknown,GPUPerformancePref,,1,in,planned,verified,docs/parity/menu-commands-30.1.csv,,30.1 .kys and shortcut export (licensed Illustrator 30.1.0),2026-09-24,
MENU-0901,Menus/(path unknown),menu,userInterfacePref,,,,,Internal id only; menu path unknown,userInterfacePref,,1,in,planned,verified,docs/parity/menu-commands-30.1.csv,,30.1 .kys and shortcut export (licensed Illustrator 30.1.0),2026-09-24,
MENU-0902,Menus/(path unknown),menu,selectionPref,,,,,Internal id only; menu path unknown,selectionPref,,1,in,planned,verified,docs/parity/menu-commands-30.1.csv,,30.1 .kys and shortcut export (licensed Illustrator 30.1.0),2026-09-24,
MENU-0903,Menus/(path unknown),menu,ImportSettings,,,,,Internal id only; menu path unknown,ImportSettings,,1,in,planned,verified,docs/parity/menu-commands-30.1.csv,,30.1 .kys and shortcut export (licensed Illustrator 30.1.0),2026-09-24,
MENU-0904,Menus/(path unknown),menu,ExportSettings,,,,,Internal id only; menu path unknown,ExportSettings,,1,in,planned,verified,docs/parity/menu-commands-30.1.csv,,30.1 .kys and shortcut export (licensed Illustrator 30.1.0),2026-09-24,
MENU-0905,Menus/(path unknown),menu,Generative Recolor Art Dialog,,,,,Internal id only; menu path unknown,Generative Recolor Art Dialog,,1,in,planned,verified,docs/parity/menu-commands-30.1.csv,,30.1 .kys and shortcut export (licensed Illustrator 30.1.0),2026-09-24,
MENU-0906,Menus/(path unknown),menu,Edit Custom Dictionary...,,,,,Internal id only; menu path unknown,Edit Custom Dictionary...,,1,in,planned,verified,docs/parity/menu-commands-30.1.csv,,30.1 .kys and shortcut export (licensed Illustrator 30.1.0),2026-09-24,
MENU-0907,Menus/(path unknown),menu,Auto Spell Check,,,,,Internal id only; menu path unknown,Auto Spell Check,,1,in,planned,verified,docs/parity/menu-commands-30.1.csv,,30.1 .kys and shortcut export (licensed Illustrator 30.1.0),2026-09-24,
MENU-0908,Menus/(path unknown),menu,Search Adobe Stock,,,,,Internal id only; menu path unknown,Search Adobe Stock,,1,in,planned,verified,docs/parity/menu-commands-30.1.csv,,30.1 .kys and shortcut export (licensed Illustrator 30.1.0),2026-09-24,
